#-----------------------------------------------------------
# Vivado v2018.3 (64-bit)
# SW Build 2405991 on Thu Dec  6 23:38:27 MST 2018
# IP Build 2404404 on Fri Dec  7 01:43:56 MST 2018
# Start of session at: Sun Jul 26 14:55:48 2026
# Process ID: 21584
# Current directory: E:/FPGA/project/smart_car_pld2026/my_car/prj
# Command line: vivado.exe -gui_launcher_event rodinguilauncherevent46060 E:\FPGA\project\smart_car_pld2026\my_car\prj\prj.xpr
# Log file: E:/FPGA/project/smart_car_pld2026/my_car/prj/vivado.log
# Journal file: E:/FPGA/project/smart_car_pld2026/my_car/prj\vivado.jou
#-----------------------------------------------------------
start_gui
open_project E:/FPGA/project/smart_car_pld2026/my_car/prj/prj.xpr
Scanning sources...
Finished scanning sources
INFO: [IP_Flow 19-234] Refreshing IP repositories
INFO: [IP_Flow 19-1704] No user IP repositories specified
INFO: [IP_Flow 19-2313] Loaded Vivado IP repository 'D:/Xilinx/Vivado/2018.3/data/ip'.
open_project: Time (s): cpu = 00:00:10 ; elapsed = 00:00:09 . Memory (MB): peak = 901.406 ; gain = 257.750
update_compile_order -fileset sources_1
launch_simulation
INFO: [Vivado 12-5698] Checking validity of IPs in the design for the 'XSim' simulator...
INFO: [Vivado 12-5682] Launching behavioral simulation in 'E:/FPGA/project/smart_car_pld2026/my_car/prj/prj.sim/sim_1/behav/xsim'
INFO: [Vivado 12-4795] Using compiled simulation libraries for IPs
INFO: [SIM-utils-51] Simulation object is 'sim_1'
INFO: [USF-XSim-7] Finding pre-compiled libraries...
INFO: [USF-XSim-11] File 'D:/Xilinx/Vivado/2018.3/data/xsim/xsim.ini' copied to run dir:'E:/FPGA/project/smart_car_pld2026/my_car/prj/prj.sim/sim_1/behav/xsim'
INFO: [SIM-utils-54] Inspecting design source files for 'top_dual_ov5640_lcd' in fileset 'sim_1'...
INFO: [USF-XSim-97] Finding global include files...
INFO: [USF-XSim-98] Fetching design files from 'sim_1'...
INFO: [USF-XSim-2] XSim::Compile design
INFO: [USF-XSim-61] Executing 'COMPILE and ANALYZE' step in 'E:/FPGA/project/smart_car_pld2026/my_car/prj/prj.sim/sim_1/behav/xsim'
"xvlog --incr --relax -prj top_dual_ov5640_lcd_vlog.prj"
INFO: [VRFC 10-2263] Analyzing Verilog file "E:/FPGA/project/smart_car_pld2026/my_car/prj/prj.srcs/sources_1/ip/clk_wiz_0/clk_wiz_0_clk_wiz.v" into library xil_defaultlib
INFO: [VRFC 10-311] analyzing module clk_wiz_0_clk_wiz
INFO: [VRFC 10-2263] Analyzing Verilog file "E:/FPGA/project/smart_car_pld2026/my_car/prj/prj.srcs/sources_1/ip/clk_wiz_0/clk_wiz_0.v" into library xil_defaultlib
INFO: [VRFC 10-311] analyzing module clk_wiz_0
INFO: [VRFC 10-2263] Analyzing Verilog file "E:/FPGA/project/smart_car_pld2026/my_car/prj/prj.srcs/sources_1/ip/wr_fifo/sim/wr_fifo.v" into library xil_defaultlib
INFO: [VRFC 10-311] analyzing module wr_fifo
INFO: [VRFC 10-2263] Analyzing Verilog file "E:/FPGA/project/smart_car_pld2026/my_car/prj/prj.srcs/sources_1/ip/rd_fifo/sim/rd_fifo.v" into library xil_defaultlib
INFO: [VRFC 10-311] analyzing module rd_fifo
INFO: [VRFC 10-2263] Analyzing Verilog file "E:/FPGA/project/smart_car_pld2026/my_car/prj/prj.srcs/sources_1/ip/mig_7series_0/mig_7series_0/user_design/rtl/clocking/mig_7series_v4_2_clk_ibuf.v" into library xil_defaultlib
INFO: [VRFC 10-311] analyzing module mig_7series_v4_2_clk_ibuf
INFO: [VRFC 10-2263] Analyzing Verilog file "E:/FPGA/project/smart_car_pld2026/my_car/prj/prj.srcs/sources_1/ip/mig_7series_0/mig_7series_0/user_design/rtl/clocking/mig_7series_v4_2_infrastructure.v" into library xil_defaultlib
INFO: [VRFC 10-311] analyzing module mig_7series_v4_2_infrastructure
INFO: [VRFC 10-2263] Analyzing Verilog file "E:/FPGA/project/smart_car_pld2026/my_car/prj/prj.srcs/sources_1/ip/mig_7series_0/mig_7series_0/user_design/rtl/clocking/mig_7series_v4_2_iodelay_ctrl.v" into library xil_defaultlib
INFO: [VRFC 10-311] analyzing module mig_7series_v4_2_iodelay_ctrl
INFO: [VRFC 10-2263] Analyzing Verilog file "E:/FPGA/project/smart_car_pld2026/my_car/prj/prj.srcs/sources_1/ip/mig_7series_0/mig_7series_0/user_design/rtl/clocking/mig_7series_v4_2_tempmon.v" into library xil_defaultlib
INFO: [VRFC 10-311] analyzing module mig_7series_v4_2_tempmon
INFO: [VRFC 10-2263] Analyzing Verilog file "E:/FPGA/project/smart_car_pld2026/my_car/prj/prj.srcs/sources_1/ip/mig_7series_0/mig_7series_0/user_design/rtl/controller/mig_7series_v4_2_arb_mux.v" into library xil_defaultlib
INFO: [VRFC 10-311] analyzing module mig_7series_v4_2_arb_mux
INFO: [VRFC 10-2263] Analyzing Verilog file "E:/FPGA/project/smart_car_pld2026/my_car/prj/prj.srcs/sources_1/ip/mig_7series_0/mig_7series_0/user_design/rtl/controller/mig_7series_v4_2_arb_row_col.v" into library xil_defaultlib
INFO: [VRFC 10-311] analyzing module mig_7series_v4_2_arb_row_col
WARNING: [VRFC 10-2654] begin/end is required for generate-for in this mode of verilog [E:/FPGA/project/smart_car_pld2026/my_car/prj/prj.srcs/sources_1/ip/mig_7series_0/mig_7series_0/user_design/rtl/controller/mig_7series_v4_2_arb_row_col.v:252]
INFO: [VRFC 10-2263] Analyzing Verilog file "E:/FPGA/project/smart_car_pld2026/my_car/prj/prj.srcs/sources_1/ip/mig_7series_0/mig_7series_0/user_design/rtl/controller/mig_7series_v4_2_arb_select.v" into library xil_defaultlib
INFO: [VRFC 10-311] analyzing module mig_7series_v4_2_arb_select
INFO: [VRFC 10-2263] Analyzing Verilog file "E:/FPGA/project/smart_car_pld2026/my_car/prj/prj.srcs/sources_1/ip/mig_7series_0/mig_7series_0/user_design/rtl/controller/mig_7series_v4_2_bank_cntrl.v" into library xil_defaultlib
INFO: [VRFC 10-311] analyzing module mig_7series_v4_2_bank_cntrl
INFO: [VRFC 10-2263] Analyzing Verilog file "E:/FPGA/project/smart_car_pld2026/my_car/prj/prj.srcs/sources_1/ip/mig_7series_0/mig_7series_0/user_design/rtl/controller/mig_7series_v4_2_bank_common.v" into library xil_defaultlib
INFO: [VRFC 10-311] analyzing module mig_7series_v4_2_bank_common
INFO: [VRFC 10-2263] Analyzing Verilog file "E:/FPGA/project/smart_car_pld2026/my_car/prj/prj.srcs/sources_1/ip/mig_7series_0/mig_7series_0/user_design/rtl/controller/mig_7series_v4_2_bank_compare.v" into library xil_defaultlib
INFO: [VRFC 10-311] analyzing module mig_7series_v4_2_bank_compare
INFO: [VRFC 10-2263] Analyzing Verilog file "E:/FPGA/project/smart_car_pld2026/my_car/prj/prj.srcs/sources_1/ip/mig_7series_0/mig_7series_0/user_design/rtl/controller/mig_7series_v4_2_bank_mach.v" into library xil_defaultlib
INFO: [VRFC 10-311] analyzing module mig_7series_v4_2_bank_mach
INFO: [VRFC 10-2263] Analyzing Verilog file "E:/FPGA/project/smart_car_pld2026/my_car/prj/prj.srcs/sources_1/ip/mig_7series_0/mig_7series_0/user_design/rtl/controller/mig_7series_v4_2_bank_queue.v" into library xil_defaultlib
INFO: [VRFC 10-311] analyzing module mig_7series_v4_2_bank_queue
INFO: [VRFC 10-2263] Analyzing Verilog file "E:/FPGA/project/smart_car_pld2026/my_car/prj/prj.srcs/sources_1/ip/mig_7series_0/mig_7series_0/user_design/rtl/controller/mig_7series_v4_2_bank_state.v" into library xil_defaultlib
INFO: [VRFC 10-311] analyzing module mig_7series_v4_2_bank_state
INFO: [VRFC 10-2263] Analyzing Verilog file "E:/FPGA/project/smart_car_pld2026/my_car/prj/prj.srcs/sources_1/ip/mig_7series_0/mig_7series_0/user_design/rtl/controller/mig_7series_v4_2_col_mach.v" into library xil_defaultlib
INFO: [VRFC 10-311] analyzing module mig_7series_v4_2_col_mach
INFO: [VRFC 10-2263] Analyzing Verilog file "E:/FPGA/project/smart_car_pld2026/my_car/prj/prj.srcs/sources_1/ip/mig_7series_0/mig_7series_0/user_design/rtl/controller/mig_7series_v4_2_mc.v" into library xil_defaultlib
INFO: [VRFC 10-311] analyzing module mig_7series_v4_2_mc
INFO: [VRFC 10-2263] Analyzing Verilog file "E:/FPGA/project/smart_car_pld2026/my_car/prj/prj.srcs/sources_1/ip/mig_7series_0/mig_7series_0/user_design/rtl/controller/mig_7series_v4_2_rank_cntrl.v" into library xil_defaultlib
INFO: [VRFC 10-311] analyzing module mig_7series_v4_2_rank_cntrl
INFO: [VRFC 10-2263] Analyzing Verilog file "E:/FPGA/project/smart_car_pld2026/my_car/prj/prj.srcs/sources_1/ip/mig_7series_0/mig_7series_0/user_design/rtl/controller/mig_7series_v4_2_rank_common.v" into library xil_defaultlib
INFO: [VRFC 10-311] analyzing module mig_7series_v4_2_rank_common
INFO: [VRFC 10-2263] Analyzing Verilog file "E:/FPGA/project/smart_car_pld2026/my_car/prj/prj.srcs/sources_1/ip/mig_7series_0/mig_7series_0/user_design/rtl/controller/mig_7series_v4_2_rank_mach.v" into library xil_defaultlib
INFO: [VRFC 10-311] analyzing module mig_7series_v4_2_rank_mach
INFO: [VRFC 10-2263] Analyzing Verilog file "E:/FPGA/project/smart_car_pld2026/my_car/prj/prj.srcs/sources_1/ip/mig_7series_0/mig_7series_0/user_design/rtl/controller/mig_7series_v4_2_round_robin_arb.v" into library xil_defaultlib
INFO: [VRFC 10-311] analyzing module mig_7series_v4_2_round_robin_arb
INFO: [VRFC 10-2263] Analyzing Verilog file "E:/FPGA/project/smart_car_pld2026/my_car/prj/prj.srcs/sources_1/ip/mig_7series_0/mig_7series_0/user_design/rtl/ecc/mig_7series_v4_2_ecc_buf.v" into library xil_defaultlib
INFO: [VRFC 10-311] analyzing module mig_7series_v4_2_ecc_buf
INFO: [VRFC 10-2263] Analyzing Verilog file "E:/FPGA/project/smart_car_pld2026/my_car/prj/prj.srcs/sources_1/ip/mig_7series_0/mig_7series_0/user_design/rtl/ecc/mig_7series_v4_2_ecc_dec_fix.v" into library xil_defaultlib
INFO: [VRFC 10-311] analyzing module mig_7series_v4_2_ecc_dec_fix
INFO: [VRFC 10-2263] Analyzing Verilog file "E:/FPGA/project/smart_car_pld2026/my_car/prj/prj.srcs/sources_1/ip/mig_7series_0/mig_7series_0/user_design/rtl/ecc/mig_7series_v4_2_ecc_gen.v" into library xil_defaultlib
INFO: [VRFC 10-311] analyzing module mig_7series_v4_2_ecc_gen
INFO: [VRFC 10-2263] Analyzing Verilog file "E:/FPGA/project/smart_car_pld2026/my_car/prj/prj.srcs/sources_1/ip/mig_7series_0/mig_7series_0/user_design/rtl/ecc/mig_7series_v4_2_ecc_merge_enc.v" into library xil_defaultlib
INFO: [VRFC 10-311] analyzing module mig_7series_v4_2_ecc_merge_enc
INFO: [VRFC 10-2263] Analyzing Verilog file "E:/FPGA/project/smart_car_pld2026/my_car/prj/prj.srcs/sources_1/ip/mig_7series_0/mig_7series_0/user_design/rtl/ecc/mig_7series_v4_2_fi_xor.v" into library xil_defaultlib
INFO: [VRFC 10-311] analyzing module mig_7series_v4_2_fi_xor
INFO: [VRFC 10-2263] Analyzing Verilog file "E:/FPGA/project/smart_car_pld2026/my_car/prj/prj.srcs/sources_1/ip/mig_7series_0/mig_7series_0/user_design/rtl/ip_top/mig_7series_v4_2_memc_ui_top_std.v" into library xil_defaultlib
INFO: [VRFC 10-311] analyzing module mig_7series_v4_2_memc_ui_top_std
INFO: [VRFC 10-2263] Analyzing Verilog file "E:/FPGA/project/smart_car_pld2026/my_car/prj/prj.srcs/sources_1/ip/mig_7series_0/mig_7series_0/user_design/rtl/ip_top/mig_7series_v4_2_mem_intfc.v" into library xil_defaultlib
INFO: [VRFC 10-311] analyzing module mig_7series_v4_2_mem_intfc
INFO: [VRFC 10-2263] Analyzing Verilog file "E:/FPGA/project/smart_car_pld2026/my_car/prj/prj.srcs/sources_1/ip/mig_7series_0/mig_7series_0/user_design/rtl/phy/mig_7series_v4_2_ddr_byte_group_io.v" into library xil_defaultlib
INFO: [VRFC 10-311] analyzing module mig_7series_v4_2_ddr_byte_group_io
INFO: [VRFC 10-2263] Analyzing Verilog file "E:/FPGA/project/smart_car_pld2026/my_car/prj/prj.srcs/sources_1/ip/mig_7series_0/mig_7series_0/user_design/rtl/phy/mig_7series_v4_2_ddr_byte_lane.v" into library xil_defaultlib
INFO: [VRFC 10-311] analyzing module mig_7series_v4_2_ddr_byte_lane
INFO: [VRFC 10-2263] Analyzing Verilog file "E:/FPGA/project/smart_car_pld2026/my_car/prj/prj.srcs/sources_1/ip/mig_7series_0/mig_7series_0/user_design/rtl/phy/mig_7series_v4_2_ddr_calib_top.v" into library xil_defaultlib
INFO: [VRFC 10-311] analyzing module mig_7series_v4_2_ddr_calib_top
INFO: [VRFC 10-2263] Analyzing Verilog file "E:/FPGA/project/smart_car_pld2026/my_car/prj/prj.srcs/sources_1/ip/mig_7series_0/mig_7series_0/user_design/rtl/phy/mig_7series_v4_2_ddr_if_post_fifo.v" into library xil_defaultlib
INFO: [VRFC 10-311] analyzing module mig_7series_v4_2_ddr_if_post_fifo
INFO: [VRFC 10-2263] Analyzing Verilog file "E:/FPGA/project/smart_car_pld2026/my_car/prj/prj.srcs/sources_1/ip/mig_7series_0/mig_7series_0/user_design/rtl/phy/mig_7series_v4_2_ddr_mc_phy.v" into library xil_defaultlib
INFO: [VRFC 10-311] analyzing module mig_7series_v4_2_ddr_mc_phy
INFO: [VRFC 10-2263] Analyzing Verilog file "E:/FPGA/project/smart_car_pld2026/my_car/prj/prj.srcs/sources_1/ip/mig_7series_0/mig_7series_0/user_design/rtl/phy/mig_7series_v4_2_ddr_mc_phy_wrapper.v" into library xil_defaultlib
INFO: [VRFC 10-311] analyzing module mig_7series_v4_2_ddr_mc_phy_wrapper
INFO: [VRFC 10-2263] Analyzing Verilog file "E:/FPGA/project/smart_car_pld2026/my_car/prj/prj.srcs/sources_1/ip/mig_7series_0/mig_7series_0/user_design/rtl/phy/mig_7series_v4_2_ddr_of_pre_fifo.v" into library xil_defaultlib
INFO: [VRFC 10-311] analyzing module mig_7series_v4_2_ddr_of_pre_fifo
INFO: [VRFC 10-2263] Analyzing Verilog file "E:/FPGA/project/smart_car_pld2026/my_car/prj/prj.srcs/sources_1/ip/mig_7series_0/mig_7series_0/user_design/rtl/phy/mig_7series_v4_2_ddr_phy_4lanes.v" into library xil_defaultlib
INFO: [VRFC 10-311] analyzing module mig_7series_v4_2_ddr_phy_4lanes
INFO: [VRFC 10-2263] Analyzing Verilog file "E:/FPGA/project/smart_car_pld2026/my_car/prj/prj.srcs/sources_1/ip/mig_7series_0/mig_7series_0/user_design/rtl/phy/mig_7series_v4_2_ddr_phy_ck_addr_cmd_delay.v" into library xil_defaultlib
INFO: [VRFC 10-311] analyzing module mig_7series_v4_2_ddr_phy_ck_addr_cmd_delay
INFO: [VRFC 10-2263] Analyzing Verilog file "E:/FPGA/project/smart_car_pld2026/my_car/prj/prj.srcs/sources_1/ip/mig_7series_0/mig_7series_0/user_design/rtl/phy/mig_7series_v4_2_ddr_phy_dqs_found_cal.v" into library xil_defaultlib
INFO: [VRFC 10-311] analyzing module mig_7series_v4_2_ddr_phy_dqs_found_cal
INFO: [VRFC 10-2263] Analyzing Verilog file "E:/FPGA/project/smart_car_pld2026/my_car/prj/prj.srcs/sources_1/ip/mig_7series_0/mig_7series_0/user_design/rtl/phy/mig_7series_v4_2_ddr_phy_dqs_found_cal_hr.v" into library xil_defaultlib
INFO: [VRFC 10-311] analyzing module mig_7series_v4_2_ddr_phy_dqs_found_cal_hr
INFO: [VRFC 10-2263] Analyzing Verilog file "E:/FPGA/project/smart_car_pld2026/my_car/prj/prj.srcs/sources_1/ip/mig_7series_0/mig_7series_0/user_design/rtl/phy/mig_7series_v4_2_ddr_phy_init.v" into library xil_defaultlib
INFO: [VRFC 10-311] analyzing module mig_7series_v4_2_ddr_phy_init
INFO: [VRFC 10-2263] Analyzing Verilog file "E:/FPGA/project/smart_car_pld2026/my_car/prj/prj.srcs/sources_1/ip/mig_7series_0/mig_7series_0/user_design/rtl/phy/mig_7series_v4_2_ddr_phy_ocd_cntlr.v" into library xil_defaultlib
INFO: [VRFC 10-311] analyzing module mig_7series_v4_2_ddr_phy_ocd_cntlr
INFO: [VRFC 10-2263] Analyzing Verilog file "E:/FPGA/project/smart_car_pld2026/my_car/prj/prj.srcs/sources_1/ip/mig_7series_0/mig_7series_0/user_design/rtl/phy/mig_7series_v4_2_ddr_phy_ocd_data.v" into library xil_defaultlib
INFO: [VRFC 10-311] analyzing module mig_7series_v4_2_ddr_phy_ocd_data
INFO: [VRFC 10-2263] Analyzing Verilog file "E:/FPGA/project/smart_car_pld2026/my_car/prj/prj.srcs/sources_1/ip/mig_7series_0/mig_7series_0/user_design/rtl/phy/mig_7series_v4_2_ddr_phy_ocd_edge.v" into library xil_defaultlib
INFO: [VRFC 10-311] analyzing module mig_7series_v4_2_ddr_phy_ocd_edge
INFO: [VRFC 10-2263] Analyzing Verilog file "E:/FPGA/project/smart_car_pld2026/my_car/prj/prj.srcs/sources_1/ip/mig_7series_0/mig_7series_0/user_design/rtl/phy/mig_7series_v4_2_ddr_phy_ocd_lim.v" into library xil_defaultlib
INFO: [VRFC 10-311] analyzing module mig_7series_v4_2_ddr_phy_ocd_lim
INFO: [VRFC 10-2263] Analyzing Verilog file "E:/FPGA/project/smart_car_pld2026/my_car/prj/prj.srcs/sources_1/ip/mig_7series_0/mig_7series_0/user_design/rtl/phy/mig_7series_v4_2_ddr_phy_ocd_mux.v" into library xil_defaultlib
INFO: [VRFC 10-311] analyzing module mig_7series_v4_2_ddr_phy_ocd_mux
INFO: [VRFC 10-2263] Analyzing Verilog file "E:/FPGA/project/smart_car_pld2026/my_car/prj/prj.srcs/sources_1/ip/mig_7series_0/mig_7series_0/user_design/rtl/phy/mig_7series_v4_2_ddr_phy_ocd_po_cntlr.v" into library xil_defaultlib
INFO: [VRFC 10-311] analyzing module mig_7series_v4_2_ddr_phy_ocd_po_cntlr
INFO: [VRFC 10-2263] Analyzing Verilog file "E:/FPGA/project/smart_car_pld2026/my_car/prj/prj.srcs/sources_1/ip/mig_7series_0/mig_7series_0/user_design/rtl/phy/mig_7series_v4_2_ddr_phy_ocd_samp.v" into library xil_defaultlib
INFO: [VRFC 10-311] analyzing module mig_7series_v4_2_ddr_phy_ocd_samp
INFO: [VRFC 10-2263] Analyzing Verilog file "E:/FPGA/project/smart_car_pld2026/my_car/prj/prj.srcs/sources_1/ip/mig_7series_0/mig_7series_0/user_design/rtl/phy/mig_7series_v4_2_ddr_phy_oclkdelay_cal.v" into library xil_defaultlib
INFO: [VRFC 10-311] analyzing module mig_7series_v4_2_ddr_phy_oclkdelay_cal
INFO: [VRFC 10-2263] Analyzing Verilog file "E:/FPGA/project/smart_car_pld2026/my_car/prj/prj.srcs/sources_1/ip/mig_7series_0/mig_7series_0/user_design/rtl/phy/mig_7series_v4_2_ddr_phy_prbs_rdlvl.v" into library xil_defaultlib
INFO: [VRFC 10-311] analyzing module mig_7series_v4_2_ddr_phy_prbs_rdlvl
INFO: [VRFC 10-2263] Analyzing Verilog file "E:/FPGA/project/smart_car_pld2026/my_car/prj/prj.srcs/sources_1/ip/mig_7series_0/mig_7series_0/user_design/rtl/phy/mig_7series_v4_2_ddr_phy_rdlvl.v" into library xil_defaultlib
INFO: [VRFC 10-311] analyzing module mig_7series_v4_2_ddr_phy_rdlvl
INFO: [VRFC 10-2263] Analyzing Verilog file "E:/FPGA/project/smart_car_pld2026/my_car/prj/prj.srcs/sources_1/ip/mig_7series_0/mig_7series_0/user_design/rtl/phy/mig_7series_v4_2_ddr_phy_tempmon.v" into library xil_defaultlib
INFO: [VRFC 10-311] analyzing module mig_7series_v4_2_ddr_phy_tempmon
INFO: [VRFC 10-2263] Analyzing Verilog file "E:/FPGA/project/smart_car_pld2026/my_car/prj/prj.srcs/sources_1/ip/mig_7series_0/mig_7series_0/user_design/rtl/phy/mig_7series_v4_2_ddr_phy_top.v" into library xil_defaultlib
INFO: [VRFC 10-311] analyzing module mig_7series_v4_2_ddr_phy_top
INFO: [VRFC 10-2263] Analyzing Verilog file "E:/FPGA/project/smart_car_pld2026/my_car/prj/prj.srcs/sources_1/ip/mig_7series_0/mig_7series_0/user_design/rtl/phy/mig_7series_v4_2_ddr_phy_wrcal.v" into library xil_defaultlib
INFO: [VRFC 10-311] analyzing module mig_7series_v4_2_ddr_phy_wrcal
INFO: [VRFC 10-2263] Analyzing Verilog file "E:/FPGA/project/smart_car_pld2026/my_car/prj/prj.srcs/sources_1/ip/mig_7series_0/mig_7series_0/user_design/rtl/phy/mig_7series_v4_2_ddr_phy_wrlvl.v" into library xil_defaultlib
INFO: [VRFC 10-311] analyzing module mig_7series_v4_2_ddr_phy_wrlvl
INFO: [VRFC 10-2263] Analyzing Verilog file "E:/FPGA/project/smart_car_pld2026/my_car/prj/prj.srcs/sources_1/ip/mig_7series_0/mig_7series_0/user_design/rtl/phy/mig_7series_v4_2_ddr_phy_wrlvl_off_delay.v" into library xil_defaultlib
INFO: [VRFC 10-311] analyzing module mig_7series_v4_2_ddr_phy_wrlvl_off_delay
INFO: [VRFC 10-2263] Analyzing Verilog file "E:/FPGA/project/smart_car_pld2026/my_car/prj/prj.srcs/sources_1/ip/mig_7series_0/mig_7series_0/user_design/rtl/phy/mig_7series_v4_2_ddr_prbs_gen.v" into library xil_defaultlib
INFO: [VRFC 10-311] analyzing module mig_7series_v4_2_ddr_prbs_gen
INFO: [VRFC 10-2263] Analyzing Verilog file "E:/FPGA/project/smart_car_pld2026/my_car/prj/prj.srcs/sources_1/ip/mig_7series_0/mig_7series_0/user_design/rtl/phy/mig_7series_v4_2_ddr_skip_calib_tap.v" into library xil_defaultlib
INFO: [VRFC 10-311] analyzing module mig_7series_v4_2_ddr_skip_calib_tap
INFO: [VRFC 10-2263] Analyzing Verilog file "E:/FPGA/project/smart_car_pld2026/my_car/prj/prj.srcs/sources_1/ip/mig_7series_0/mig_7series_0/user_design/rtl/phy/mig_7series_v4_2_poc_cc.v" into library xil_defaultlib
INFO: [VRFC 10-311] analyzing module mig_7series_v4_2_poc_cc
INFO: [VRFC 10-2263] Analyzing Verilog file "E:/FPGA/project/smart_car_pld2026/my_car/prj/prj.srcs/sources_1/ip/mig_7series_0/mig_7series_0/user_design/rtl/phy/mig_7series_v4_2_poc_edge_store.v" into library xil_defaultlib
INFO: [VRFC 10-311] analyzing module mig_7series_v4_2_poc_edge_store
INFO: [VRFC 10-2263] Analyzing Verilog file "E:/FPGA/project/smart_car_pld2026/my_car/prj/prj.srcs/sources_1/ip/mig_7series_0/mig_7series_0/user_design/rtl/phy/mig_7series_v4_2_poc_meta.v" into library xil_defaultlib
INFO: [VRFC 10-311] analyzing module mig_7series_v4_2_poc_meta
INFO: [VRFC 10-2263] Analyzing Verilog file "E:/FPGA/project/smart_car_pld2026/my_car/prj/prj.srcs/sources_1/ip/mig_7series_0/mig_7series_0/user_design/rtl/phy/mig_7series_v4_2_poc_pd.v" into library xil_defaultlib
INFO: [VRFC 10-311] analyzing module mig_7series_v4_2_poc_pd
INFO: [VRFC 10-2263] Analyzing Verilog file "E:/FPGA/project/smart_car_pld2026/my_car/prj/prj.srcs/sources_1/ip/mig_7series_0/mig_7series_0/user_design/rtl/phy/mig_7series_v4_2_poc_tap_base.v" into library xil_defaultlib
INFO: [VRFC 10-311] analyzing module mig_7series_v4_2_poc_tap_base
INFO: [VRFC 10-2263] Analyzing Verilog file "E:/FPGA/project/smart_car_pld2026/my_car/prj/prj.srcs/sources_1/ip/mig_7series_0/mig_7series_0/user_design/rtl/phy/mig_7series_v4_2_poc_top.v" into library xil_defaultlib
INFO: [VRFC 10-311] analyzing module mig_7series_v4_2_poc_top
INFO: [VRFC 10-2263] Analyzing Verilog file "E:/FPGA/project/smart_car_pld2026/my_car/prj/prj.srcs/sources_1/ip/mig_7series_0/mig_7series_0/user_design/rtl/ui/mig_7series_v4_2_ui_cmd.v" into library xil_defaultlib
INFO: [VRFC 10-311] analyzing module mig_7series_v4_2_ui_cmd
INFO: [VRFC 10-2263] Analyzing Verilog file "E:/FPGA/project/smart_car_pld2026/my_car/prj/prj.srcs/sources_1/ip/mig_7series_0/mig_7series_0/user_design/rtl/ui/mig_7series_v4_2_ui_rd_data.v" into library xil_defaultlib
INFO: [VRFC 10-311] analyzing module mig_7series_v4_2_ui_rd_data
INFO: [VRFC 10-2263] Analyzing Verilog file "E:/FPGA/project/smart_car_pld2026/my_car/prj/prj.srcs/sources_1/ip/mig_7series_0/mig_7series_0/user_design/rtl/ui/mig_7series_v4_2_ui_top.v" into library xil_defaultlib
INFO: [VRFC 10-311] analyzing module mig_7series_v4_2_ui_top
INFO: [VRFC 10-2263] Analyzing Verilog file "E:/FPGA/project/smart_car_pld2026/my_car/prj/prj.srcs/sources_1/ip/mig_7series_0/mig_7series_0/user_design/rtl/ui/mig_7series_v4_2_ui_wr_data.v" into library xil_defaultlib
INFO: [VRFC 10-311] analyzing module mig_7series_v4_2_ui_wr_data
INFO: [VRFC 10-2263] Analyzing Verilog file "E:/FPGA/project/smart_car_pld2026/my_car/prj/prj.srcs/sources_1/ip/mig_7series_0/mig_7series_0/user_design/rtl/mig_7series_0_mig_sim.v" into library xil_defaultlib
INFO: [VRFC 10-311] analyzing module mig_7series_0_mig
INFO: [VRFC 10-2458] undeclared symbol dbg_sel_po_incdec, assumed default net type wire [E:/FPGA/project/smart_car_pld2026/my_car/prj/prj.srcs/sources_1/ip/mig_7series_0/mig_7series_0/user_design/rtl/mig_7series_0_mig_sim.v:1096]
INFO: [VRFC 10-2458] undeclared symbol dbg_po_f_inc, assumed default net type wire [E:/FPGA/project/smart_car_pld2026/my_car/prj/prj.srcs/sources_1/ip/mig_7series_0/mig_7series_0/user_design/rtl/mig_7series_0_mig_sim.v:1100]
INFO: [VRFC 10-2458] undeclared symbol dbg_po_f_stg23_sel, assumed default net type wire [E:/FPGA/project/smart_car_pld2026/my_car/prj/prj.srcs/sources_1/ip/mig_7series_0/mig_7series_0/user_design/rtl/mig_7series_0_mig_sim.v:1101]
INFO: [VRFC 10-2458] undeclared symbol dbg_po_f_dec, assumed default net type wire [E:/FPGA/project/smart_car_pld2026/my_car/prj/prj.srcs/sources_1/ip/mig_7series_0/mig_7series_0/user_design/rtl/mig_7series_0_mig_sim.v:1102]
INFO: [VRFC 10-2263] Analyzing Verilog file "E:/FPGA/project/smart_car_pld2026/my_car/prj/prj.srcs/sources_1/ip/mig_7series_0/mig_7series_0/user_design/rtl/mig_7series_0.v" into library xil_defaultlib
INFO: [VRFC 10-311] analyzing module mig_7series_0
INFO: [VRFC 10-2263] Analyzing Verilog file "E:/FPGA/project/smart_car_pld2026/my_car/rtl/lcd_rgb_top/clk_div.v" into library xil_defaultlib
INFO: [VRFC 10-311] analyzing module clk_div
INFO: [VRFC 10-2263] Analyzing Verilog file "E:/FPGA/project/smart_car_pld2026/my_car/rtl/ov5640_dri/cmos_capture_data.v" into library xil_defaultlib
INFO: [VRFC 10-311] analyzing module cmos_capture_data
INFO: [VRFC 10-2263] Analyzing Verilog file "E:/FPGA/project/smart_car_pld2026/my_car/rtl/sensor_link/ctrl_link_tx.v" into library xil_defaultlib
INFO: [VRFC 10-311] analyzing module ctrl_link_tx
INFO: [VRFC 10-2263] Analyzing Verilog file "E:/FPGA/project/smart_car_pld2026/my_car/rtl/ddr3_top/ddr3_fifo_ctrl.v" into library xil_defaultlib
INFO: [VRFC 10-311] analyzing module ddr3_fifo_ctrl
INFO: [VRFC 10-2263] Analyzing Verilog file "E:/FPGA/project/smart_car_pld2026/my_car/rtl/ddr3_top/ddr3_fifo_ctrl_top.v" into library xil_defaultlib
INFO: [VRFC 10-311] analyzing module ddr3_fifo_ctrl_top
WARNING: [VRFC 10-3676] redeclaration of ansi port 'wfifo_dout' is not allowed [E:/FPGA/project/smart_car_pld2026/my_car/rtl/ddr3_top/ddr3_fifo_ctrl_top.v:60]
WARNING: [VRFC 10-3676] redeclaration of ansi port 'wfifo_rcount_1' is not allowed [E:/FPGA/project/smart_car_pld2026/my_car/rtl/ddr3_top/ddr3_fifo_ctrl_top.v:63]
WARNING: [VRFC 10-3676] redeclaration of ansi port 'wfifo_rcount_2' is not allowed [E:/FPGA/project/smart_car_pld2026/my_car/rtl/ddr3_top/ddr3_fifo_ctrl_top.v:64]
WARNING: [VRFC 10-3676] redeclaration of ansi port 'rfifo_wcount_1' is not allowed [E:/FPGA/project/smart_car_pld2026/my_car/rtl/ddr3_top/ddr3_fifo_ctrl_top.v:65]
WARNING: [VRFC 10-3676] redeclaration of ansi port 'rfifo_wcount_2' is not allowed [E:/FPGA/project/smart_car_pld2026/my_car/rtl/ddr3_top/ddr3_fifo_ctrl_top.v:66]
INFO: [VRFC 10-2263] Analyzing Verilog file "E:/FPGA/project/smart_car_pld2026/my_car/rtl/ddr3_top/ddr3_rw.v" into library xil_defaultlib
INFO: [VRFC 10-311] analyzing module ddr3_rw
WARNING: [VRFC 10-3676] redeclaration of ansi port 'app_addr' is not allowed [E:/FPGA/project/smart_car_pld2026/my_car/rtl/ddr3_top/ddr3_rw.v:70]
WARNING: [VRFC 10-3676] redeclaration of ansi port 'rfifo_wdata_1' is not allowed [E:/FPGA/project/smart_car_pld2026/my_car/rtl/ddr3_top/ddr3_rw.v:81]
WARNING: [VRFC 10-3676] redeclaration of ansi port 'rfifo_wdata_2' is not allowed [E:/FPGA/project/smart_car_pld2026/my_car/rtl/ddr3_top/ddr3_rw.v:82]
WARNING: [VRFC 10-3676] redeclaration of ansi port 'rfifo_wren_1' is not allowed [E:/FPGA/project/smart_car_pld2026/my_car/rtl/ddr3_top/ddr3_rw.v:98]
WARNING: [VRFC 10-3676] redeclaration of ansi port 'rfifo_wren_2' is not allowed [E:/FPGA/project/smart_car_pld2026/my_car/rtl/ddr3_top/ddr3_rw.v:99]
INFO: [VRFC 10-2263] Analyzing Verilog file "E:/FPGA/project/smart_car_pld2026/my_car/rtl/ddr3_top/ddr3_top.v" into library xil_defaultlib
INFO: [VRFC 10-311] analyzing module ddr3_top
INFO: [VRFC 10-2458] undeclared symbol rfifo_wren_1, assumed default net type wire [E:/FPGA/project/smart_car_pld2026/my_car/rtl/ddr3_top/ddr3_top.v:123]
INFO: [VRFC 10-2458] undeclared symbol rfifo_wren_2, assumed default net type wire [E:/FPGA/project/smart_car_pld2026/my_car/rtl/ddr3_top/ddr3_top.v:125]
INFO: [VRFC 10-2458] undeclared symbol wfifo_rden_1, assumed default net type wire [E:/FPGA/project/smart_car_pld2026/my_car/rtl/ddr3_top/ddr3_top.v:127]
INFO: [VRFC 10-2458] undeclared symbol wfifo_rden_2, assumed default net type wire [E:/FPGA/project/smart_car_pld2026/my_car/rtl/ddr3_top/ddr3_top.v:128]
INFO: [VRFC 10-2263] Analyzing Verilog file "E:/FPGA/project/smart_car_pld2026/my_car/rtl/green_detect.v" into library xil_defaultlib
INFO: [VRFC 10-311] analyzing module green_detect
INFO: [VRFC 10-2263] Analyzing Verilog file "E:/FPGA/project/smart_car_pld2026/my_car/rtl/ov5640_dri/i2c_dri.v" into library xil_defaultlib
INFO: [VRFC 10-311] analyzing module i2c_dri
INFO: [VRFC 10-2263] Analyzing Verilog file "E:/FPGA/project/smart_car_pld2026/my_car/rtl/ov5640_dri/i2c_ov5640_rgb565_cfg.v" into library xil_defaultlib
INFO: [VRFC 10-311] analyzing module i2c_ov5640_rgb565_cfg
INFO: [VRFC 10-2263] Analyzing Verilog file "E:/FPGA/project/smart_car_pld2026/my_car/rtl/lcd_rgb_top/lcd_disply.v" into library xil_defaultlib
INFO: [VRFC 10-311] analyzing module lcd_disply
INFO: [VRFC 10-2263] Analyzing Verilog file "E:/FPGA/project/smart_car_pld2026/my_car/rtl/lcd_rgb_top/lcd_driver.v" into library xil_defaultlib
INFO: [VRFC 10-311] analyzing module lcd_driver
INFO: [VRFC 10-2263] Analyzing Verilog file "E:/FPGA/project/smart_car_pld2026/my_car/rtl/lcd_rgb_top/lcd_rgb_top.v" into library xil_defaultlib
INFO: [VRFC 10-311] analyzing module lcd_rgb_top
INFO: [VRFC 10-2263] Analyzing Verilog file "E:/FPGA/project/smart_car_pld2026/my_car/rtl/ov5640_dri/ov5640_dri.v" into library xil_defaultlib
INFO: [VRFC 10-311] analyzing module ov5640_dri
INFO: [VRFC 10-2263] Analyzing Verilog file "E:/FPGA/project/smart_car_pld2026/my_car/rtl/picture_size.v" into library xil_defaultlib
INFO: [VRFC 10-311] analyzing module picture_size
INFO: [VRFC 10-2263] Analyzing Verilog file "E:/FPGA/project/smart_car_pld2026/my_car/rtl/lcd_rgb_top/rd_id.v" into library xil_defaultlib
INFO: [VRFC 10-311] analyzing module rd_id
INFO: [VRFC 10-2263] Analyzing Verilog file "E:/FPGA/project/smart_car_pld2026/my_car/rtl/sensor_link/sensor_link.v" into library xil_defaultlib
INFO: [VRFC 10-311] analyzing module sensor_link
INFO: [VRFC 10-2263] Analyzing Verilog file "E:/FPGA/project/smart_car_pld2026/my_car/rtl/sensor_link/sl_uart_rx.v" into library xil_defaultlib
INFO: [VRFC 10-311] analyzing module sl_uart_rx
WARNING: [VRFC 10-3380] identifier 'S_IDLE' is used before its declaration [E:/FPGA/project/smart_car_pld2026/my_car/rtl/sensor_link/sl_uart_rx.v:22]
INFO: [VRFC 10-2263] Analyzing Verilog file "E:/FPGA/project/smart_car_pld2026/my_car/rtl/sensor_link/sl_uart_tx.v" into library xil_defaultlib
INFO: [VRFC 10-311] analyzing module sl_uart_tx
INFO: [VRFC 10-2263] Analyzing Verilog file "E:/FPGA/project/smart_car_pld2026/my_car/rtl/sensor_link/v1_decode.v" into library xil_defaultlib
INFO: [VRFC 10-311] analyzing module v1_decode
INFO: [VRFC 10-2263] Analyzing Verilog file "E:/FPGA/project/smart_car_pld2026/my_car/rtl/top_dual_ov5640_lcd.v" into library xil_defaultlib
INFO: [VRFC 10-311] analyzing module top_dual_ov5640_lcd
INFO: [VRFC 10-2458] undeclared symbol rd_vsync, assumed default net type wire [E:/FPGA/project/smart_car_pld2026/my_car/rtl/top_dual_ov5640_lcd.v:277]
"xvhdl --incr --relax -prj top_dual_ov5640_lcd_vhdl.prj"
run_program: Time (s): cpu = 00:00:01 ; elapsed = 00:00:12 . Memory (MB): peak = 1811.977 ; gain = 0.000
INFO: [USF-XSim-69] 'compile' step finished in '12' seconds
INFO: [USF-XSim-3] XSim::Elaborate design
INFO: [USF-XSim-61] Executing 'ELABORATE' step in 'E:/FPGA/project/smart_car_pld2026/my_car/prj/prj.sim/sim_1/behav/xsim'
Vivado Simulator 2018.3
Copyright 1986-1999, 2001-2018 Xilinx, Inc. All Rights Reserved.
Running: D:/Xilinx/Vivado/2018.3/bin/unwrapped/win64.o/xelab.exe -wto 90cd3ee7bb314f9c9041c02b75cdbebc --incr --debug typical --relax --mt 2 -L xil_defaultlib -L fifo_generator_v13_2_3 -L unisims_ver -L unimacro_ver -L secureip -L xpm --snapshot top_dual_ov5640_lcd_behav xil_defaultlib.top_dual_ov5640_lcd xil_defaultlib.glbl -log elaborate.log 
Using 2 slave threads.
Starting static elaboration
WARNING: [VRFC 10-3091] actual bit length 12 differs from formal bit length 13 for port 'cmos_h_pixel' [E:/FPGA/project/smart_car_pld2026/my_car/rtl/top_dual_ov5640_lcd.v:169]
WARNING: [VRFC 10-3091] actual bit length 12 differs from formal bit length 13 for port 'cmos_h_pixel' [E:/FPGA/project/smart_car_pld2026/my_car/rtl/top_dual_ov5640_lcd.v:196]
WARNING: [VRFC 10-3091] actual bit length 26 differs from formal bit length 28 for port 'app_addr_rd_max' [E:/FPGA/project/smart_car_pld2026/my_car/rtl/top_dual_ov5640_lcd.v:238]
WARNING: [VRFC 10-3091] actual bit length 7 differs from formal bit length 8 for port 'rd_bust_len' [E:/FPGA/project/smart_car_pld2026/my_car/rtl/top_dual_ov5640_lcd.v:239]
WARNING: [VRFC 10-3091] actual bit length 26 differs from formal bit length 28 for port 'app_addr_wr_max' [E:/FPGA/project/smart_car_pld2026/my_car/rtl/top_dual_ov5640_lcd.v:241]
WARNING: [VRFC 10-3091] actual bit length 7 differs from formal bit length 8 for port 'wr_bust_len' [E:/FPGA/project/smart_car_pld2026/my_car/rtl/top_dual_ov5640_lcd.v:242]
WARNING: [VRFC 10-3091] actual bit length 32 differs from formal bit length 1 for port 'app_sr_req' [E:/FPGA/project/smart_car_pld2026/my_car/rtl/ddr3_top/ddr3_top.v:174]
WARNING: [VRFC 10-3091] actual bit length 32 differs from formal bit length 1 for port 'app_ref_req' [E:/FPGA/project/smart_car_pld2026/my_car/rtl/ddr3_top/ddr3_top.v:175]
WARNING: [VRFC 10-3091] actual bit length 32 differs from formal bit length 1 for port 'app_zq_req' [E:/FPGA/project/smart_car_pld2026/my_car/rtl/ddr3_top/ddr3_top.v:176]
WARNING: [VRFC 10-3091] actual bit length 12 differs from formal bit length 8 for port 'pi_dqs_found_lanes' [E:/FPGA/project/smart_car_pld2026/my_car/prj/prj.srcs/sources_1/ip/mig_7series_0/mig_7series_0/user_design/rtl/phy/mig_7series_v4_2_ddr_mc_phy_wrapper.v:1671]
WARNING: [VRFC 10-3091] actual bit length 12 differs from formal bit length 8 for port 'pi_phase_locked_lanes' [E:/FPGA/project/smart_car_pld2026/my_car/prj/prj.srcs/sources_1/ip/mig_7series_0/mig_7series_0/user_design/rtl/phy/mig_7series_v4_2_ddr_mc_phy_wrapper.v:1679]
WARNING: [VRFC 10-3091] actual bit length 12 differs from formal bit length 8 for port 'pi_dqs_found_lanes' [E:/FPGA/project/smart_car_pld2026/my_car/prj/prj.srcs/sources_1/ip/mig_7series_0/mig_7series_0/user_design/rtl/phy/mig_7series_v4_2_ddr_phy_top.v:1340]
WARNING: [VRFC 10-3091] actual bit length 11 differs from formal bit length 10 for port 'wfifo_rcount' [E:/FPGA/project/smart_car_pld2026/my_car/rtl/ddr3_top/ddr3_fifo_ctrl_top.v:106]
WARNING: [VRFC 10-3091] actual bit length 11 differs from formal bit length 10 for port 'rfifo_wcount' [E:/FPGA/project/smart_car_pld2026/my_car/rtl/ddr3_top/ddr3_fifo_ctrl_top.v:107]
WARNING: [VRFC 10-3091] actual bit length 10 differs from formal bit length 9 for port 'wr_data_count' [E:/FPGA/project/smart_car_pld2026/my_car/rtl/ddr3_top/ddr3_fifo_ctrl.v:200]
WARNING: [VRFC 10-3091] actual bit length 10 differs from formal bit length 9 for port 'rd_data_count' [E:/FPGA/project/smart_car_pld2026/my_car/rtl/ddr3_top/ddr3_fifo_ctrl.v:215]
WARNING: [VRFC 10-3091] actual bit length 11 differs from formal bit length 10 for port 'wfifo_rcount' [E:/FPGA/project/smart_car_pld2026/my_car/rtl/ddr3_top/ddr3_fifo_ctrl_top.v:128]
WARNING: [VRFC 10-3091] actual bit length 11 differs from formal bit length 10 for port 'rfifo_wcount' [E:/FPGA/project/smart_car_pld2026/my_car/rtl/ddr3_top/ddr3_fifo_ctrl_top.v:129]
WARNING: [VRFC 10-3091] actual bit length 11 differs from formal bit length 13 for port 'rd_h_pixel' [E:/FPGA/project/smart_car_pld2026/my_car/rtl/lcd_rgb_top/lcd_rgb_top.v:120]
Completed static elaboration
Starting simulation data flow analysis
Completed simulation data flow analysis
Time Resolution for simulation is 1fs
Compiling module xil_defaultlib.picture_size
Compiling module xil_defaultlib.i2c_ov5640_rgb565_cfg
Compiling module xil_defaultlib.i2c_dri(SLAVE_ADDR=7'b0111100,CL...
Compiling module xil_defaultlib.cmos_capture_data
Compiling module xil_defaultlib.ov5640_dri
Compiling module xil_defaultlib.green_detect
Compiling module xil_defaultlib.ddr3_rw
Compiling module unisims_ver.IDELAYCTRL_default
Compiling module xil_defaultlib.mig_7series_v4_2_iodelay_ctrl(IO...
Compiling module xil_defaultlib.mig_7series_v4_2_clk_ibuf(SYSCLK...
Compiling module unisims_ver.XADC(INIT_40=16'b01000000000000,...
Compiling module xil_defaultlib.mig_7series_v4_2_tempmon_default
Compiling module unisims_ver.PLLE2_ADV(CLKFBOUT_MULT=4,CLKIN1...
Compiling module unisims_ver.BUFG
Compiling module unisims_ver.BUFH
Compiling module unisims_ver.MMCME2_ADV(BANDWIDTH="HIGH",CLKF...
Compiling module xil_defaultlib.mig_7series_v4_2_infrastructure(...
Compiling module unisims_ver.SRLC32E_default
Compiling module xil_defaultlib.mig_7series_v4_2_rank_cntrl(DQRD...
Compiling module xil_defaultlib.mig_7series_v4_2_round_robin_arb...
Compiling module xil_defaultlib.mig_7series_v4_2_round_robin_arb...
Compiling module xil_defaultlib.mig_7series_v4_2_rank_common(MAI...
Compiling module xil_defaultlib.mig_7series_v4_2_rank_mach(CS_WI...
Compiling module xil_defaultlib.mig_7series_v4_2_bank_compare(CO...
Compiling module xil_defaultlib.mig_7series_v4_2_bank_state(DATA...
Compiling module xil_defaultlib.mig_7series_v4_2_bank_queue(ORDE...
Compiling module xil_defaultlib.mig_7series_v4_2_bank_cntrl(COL_...
Compiling module xil_defaultlib.mig_7series_v4_2_bank_state(DATA...
Compiling module xil_defaultlib.mig_7series_v4_2_bank_queue(ORDE...
Compiling module xil_defaultlib.mig_7series_v4_2_bank_cntrl(COL_...
Compiling module xil_defaultlib.mig_7series_v4_2_bank_state(DATA...
Compiling module xil_defaultlib.mig_7series_v4_2_bank_queue(ORDE...
Compiling module xil_defaultlib.mig_7series_v4_2_bank_cntrl(COL_...
Compiling module xil_defaultlib.mig_7series_v4_2_bank_state(DATA...
Compiling module xil_defaultlib.mig_7series_v4_2_bank_queue(ORDE...
Compiling module xil_defaultlib.mig_7series_v4_2_bank_cntrl(COL_...
Compiling module xil_defaultlib.mig_7series_v4_2_bank_common(LOW...
Compiling module xil_defaultlib.mig_7series_v4_2_round_robin_arb...
Compiling module xil_defaultlib.mig_7series_v4_2_arb_row_col(nCK...
Compiling module xil_defaultlib.mig_7series_v4_2_arb_select(CS_W...
Compiling module xil_defaultlib.mig_7series_v4_2_arb_mux(CS_WIDT...
Compiling module xil_defaultlib.mig_7series_v4_2_bank_mach(COL_W...
Compiling module unisims_ver.RAM32M
Compiling module xil_defaultlib.mig_7series_v4_2_col_mach(COL_WI...
Compiling module xil_defaultlib.mig_7series_v4_2_mc(CL=6,COL_WID...
Compiling module unisims_ver.OBUF
Compiling module unisims_ver.OBUFT
Compiling module unisims_ver.IOBUF_INTERMDISABLE(IBUF_LOW_PWR...
Compiling module unisims_ver.IOBUFDS_DIFF_OUT_INTERMDISABLE(D...
Compiling module unisims_ver.IDDR
Compiling module xil_defaultlib.mig_7series_v4_2_poc_pd_default
Compiling module xil_defaultlib.mig_7series_v4_2_ddr_of_pre_fifo...
Compiling module xil_defaultlib.mig_7series_v4_2_ddr_of_pre_fifo...
Compiling module unisims_ver.BUFIO
Compiling module xil_defaultlib.mig_7series_v4_2_ddr_if_post_fif...
Compiling module xil_defaultlib.mig_7series_v4_2_ddr_of_pre_fifo...
Compiling secureip modules ...
Compiling module unisims_ver.PHASER_IN_PHY(BURST_MODE="TRUE",...
Compiling secureip modules ...
Compiling module unisims_ver.PHASER_OUT_PHY(CLKOUT_DIV=2,DATA...
Compiling secureip modules ...
Compiling module unisims_ver.IN_FIFO
Compiling secureip modules ...
Compiling module unisims_ver.OUT_FIFO
Compiling secureip modules ...
Compiling module unisims_ver.ISERDESE2(INTERFACE_TYPE="MEMORY...
Compiling module unisims_ver.IDELAYE2(HIGH_PERFORMANCE_MODE="...
Compiling secureip modules ...
Compiling module unisims_ver.OSERDESE2(DATA_WIDTH=32'sb0100,I...
Compiling secureip modules ...
Compiling module unisims_ver.OSERDESE2(DATA_WIDTH=32'sb0100,I...
Compiling module unisims_ver.ODDR(DDR_CLK_EDGE="SAME_EDGE")
Compiling module xil_defaultlib.mig_7series_v4_2_ddr_byte_group_...
Compiling module xil_defaultlib.mig_7series_v4_2_ddr_byte_lane(P...
Compiling module xil_defaultlib.mig_7series_v4_2_ddr_byte_group_...
Compiling module xil_defaultlib.mig_7series_v4_2_ddr_byte_lane(A...
Compiling module xil_defaultlib.mig_7series_v4_2_ddr_byte_group_...
Compiling module xil_defaultlib.mig_7series_v4_2_ddr_byte_lane(A...
Compiling module xil_defaultlib.mig_7series_v4_2_ddr_byte_group_...
Compiling module xil_defaultlib.mig_7series_v4_2_ddr_byte_lane(A...
Compiling secureip modules ...
Compiling module unisims_ver.PHY_CONTROL(AO_TOGGLE=1,BURST_MO...
Compiling module unisims_ver.PHASER_REF
Compiling module xil_defaultlib.mig_7series_v4_2_ddr_phy_4lanes(...
Compiling module unisims_ver.PHASER_OUT_PHY(FINE_DELAY=60,MEM...
Compiling module unisims_ver.OUT_FIFO(ARRAY_MODE="ARRAY_MODE_...
Compiling secureip modules ...
Compiling module unisims_ver.OSERDESE2(DATA_RATE_OQ="SDR",DAT...
Compiling module xil_defaultlib.mig_7series_v4_2_ddr_byte_group_...
Compiling module xil_defaultlib.mig_7series_v4_2_ddr_byte_lane(A...
Compiling module xil_defaultlib.mig_7series_v4_2_ddr_byte_group_...
Compiling module xil_defaultlib.mig_7series_v4_2_ddr_byte_lane(A...
Compiling module xil_defaultlib.mig_7series_v4_2_ddr_byte_group_...
Compiling module unisims_ver.OBUFDS
Compiling module xil_defaultlib.mig_7series_v4_2_ddr_byte_lane(A...
Compiling module unisims_ver.PHY_CONTROL(AO_TOGGLE=1,BURST_MO...
Compiling module xil_defaultlib.mig_7series_v4_2_ddr_phy_4lanes(...
Compiling module xil_defaultlib.mig_7series_v4_2_ddr_mc_phy(BYTE...
Compiling module xil_defaultlib.mig_7series_v4_2_ddr_mc_phy_wrap...
Compiling module xil_defaultlib.mig_7series_v4_2_ddr_prbs_gen(DQ...
Compiling module xil_defaultlib.mig_7series_v4_2_ddr_phy_init(tC...
Compiling module xil_defaultlib.mig_7series_v4_2_ddr_phy_wrcal(n...
Compiling module xil_defaultlib.mig_7series_v4_2_ddr_phy_wrlvl(D...
Compiling module xil_defaultlib.mig_7series_v4_2_ddr_phy_ck_addr...
Compiling module xil_defaultlib.mig_7series_v4_2_ddr_phy_dqs_fou...
Compiling module xil_defaultlib.mig_7series_v4_2_ddr_phy_rdlvl(n...
Compiling module xil_defaultlib.mig_7series_v4_2_ddr_phy_prbs_rd...
Compiling module xil_defaultlib.mig_7series_v4_2_ddr_phy_tempmon...
Compiling module xil_defaultlib.mig_7series_v4_2_ddr_calib_top(n...
Compiling module xil_defaultlib.mig_7series_v4_2_ddr_phy_top(DDR...
Compiling module xil_defaultlib.mig_7series_v4_2_mem_intfc(DDR3_...
Compiling module xil_defaultlib.mig_7series_v4_2_ui_cmd(ADDR_WID...
Compiling module xil_defaultlib.mig_7series_v4_2_ui_wr_data(nCK_...
Compiling module xil_defaultlib.mig_7series_v4_2_ui_rd_data(nCK_...
Compiling module xil_defaultlib.mig_7series_v4_2_ui_top(COL_WIDT...
Compiling module xil_defaultlib.mig_7series_v4_2_memc_ui_top_std...
Compiling module xil_defaultlib.mig_7series_0_mig_default
Compiling module xil_defaultlib.mig_7series_0
Compiling module fifo_generator_v13_2_3.fifo_generator_v13_2_3_sync_stag...
Compiling module fifo_generator_v13_2_3.fifo_generator_v13_2_3_bhv_ver_a...
Compiling module fifo_generator_v13_2_3.fifo_generator_v13_2_3_bhv_ver_p...
Compiling module fifo_generator_v13_2_3.fifo_generator_v13_2_3_CONV_VER(...
Compiling module fifo_generator_v13_2_3.fifo_generator_vlog_beh(C_DATA_C...
Compiling module fifo_generator_v13_2_3.fifo_generator_v13_2_3(C_EN_SAFE...
Compiling module xil_defaultlib.rd_fifo
Compiling module xil_defaultlib.wr_fifo
Compiling module xil_defaultlib.ddr3_fifo_ctrl
Compiling module xil_defaultlib.ddr3_fifo_ctrl_top
Compiling module xil_defaultlib.ddr3_top
Compiling module unisims_ver.IBUF
Compiling module unisims_ver.MMCME2_ADV(CLKFBOUT_MULT_F=20.0,...
Compiling module xil_defaultlib.clk_wiz_0_clk_wiz
Compiling module xil_defaultlib.clk_wiz_0
Compiling module xil_defaultlib.clk_div
Compiling module xil_defaultlib.rd_id
Compiling module xil_defaultlib.lcd_driver
Compiling module xil_defaultlib.lcd_disply
Compiling module xil_defaultlib.lcd_rgb_top
Compiling module xil_defaultlib.sl_uart_rx_default
Compiling module xil_defaultlib.v1_decode
Compiling module xil_defaultlib.sl_uart_tx_default
Compiling module xil_defaultlib.ctrl_link_tx_default
Compiling module xil_defaultlib.sensor_link
Compiling module xil_defaultlib.top_dual_ov5640_lcd
Compiling module xil_defaultlib.glbl
Built simulation snapshot top_dual_ov5640_lcd_behav
run_program: Time (s): cpu = 00:00:00 ; elapsed = 00:00:17 . Memory (MB): peak = 1811.977 ; gain = 0.000
INFO: [USF-XSim-69] 'elaborate' step finished in '17' seconds
INFO: [USF-XSim-4] XSim::Simulate design
INFO: [USF-XSim-61] Executing 'SIMULATE' step in 'E:/FPGA/project/smart_car_pld2026/my_car/prj/prj.sim/sim_1/behav/xsim'
INFO: [USF-XSim-98] *** Running xsim
   with args "top_dual_ov5640_lcd_behav -key {Behavioral:sim_1:Functional:top_dual_ov5640_lcd} -tclbatch {top_dual_ov5640_lcd.tcl} -log {simulate.log}"
INFO: [USF-XSim-8] Loading simulator feature
Vivado Simulator 2018.3
Time resolution is 1 fs
source top_dual_ov5640_lcd.tcl
# set curr_wave [current_wave_config]
# if { [string length $curr_wave] == 0 } {
#   if { [llength [get_objects]] > 0} {
#     add_wave /
#     set_property needs_save false [current_wave_config]
#   } else {
#      send_msg_id Add_Wave-1 WARNING "No top level signals found. Simulator will start without a wave window. If you want to open a wave window go to 'File->New Waveform Configuration' or type 'create_wave_config' in the TCL console."
#   }
# }
# run 1000ns
WARNING: file design.txt could not be opened
 *** Warning: The analog data file design.txt for XADC instance top_dual_ov5640_lcd.u_ddr3_top.u_mig_7series_0.u_mig_7series_0_mig.temp_mon_enabled.u_tempmon.xadc_supplied_temperature.XADC_inst was not found. Use the SIM_MONITOR_FILE parameter to specify the analog data file name or use the default name: design.txt.

############# Write Clocks PLLE2_ADV Parameters #############

nCK_PER_CLK      =       4
CLK_PERIOD       =    5000
CLKIN1_PERIOD    =   5.000
DIVCLK_DIVIDE    =       1
CLKFBOUT_MULT    =       4
VCO_PERIOD       =  1250.0
CLKOUT0_DIVIDE_F =       1
CLKOUT1_DIVIDE   =       2
CLKOUT2_DIVIDE   =      32
CLKOUT3_DIVIDE   =       8
CLKOUT0_PERIOD   =    1250
CLKOUT1_PERIOD   =    2500
CLKOUT2_PERIOD   =   40000
CLKOUT3_PERIOD   =   10000
CLKOUT4_PERIOD   =    5000
############################################################

############# MMCME2_ADV Parameters #############

MMCM_MULT_F           =           8
MMCM_VCO_FREQ (MHz)   = 800.000
MMCM_VCO_PERIOD       = 1250.000
#################################################

top_dual_ov5640_lcd.u_ddr3_top.u_mig_7series_0.u_mig_7series_0_mig.u_memc_ui_top_std.mem_intfc0.ddr_phy_top0.u_ddr_mc_phy_wrapper.u_ddr_mc_phy : BYTE_LANES_B0 = f BYTE_LANES_B1 = e DATA_CTL_B0 = f DATA_CTL_B1 = 0
top_dual_ov5640_lcd.u_ddr3_top.u_mig_7series_0.u_mig_7series_0_mig.u_memc_ui_top_std.mem_intfc0.ddr_phy_top0.u_ddr_mc_phy_wrapper.u_ddr_mc_phy : HIGHEST_LANE =           8 HIGHEST_LANE_B0 =           4 HIGHEST_LANE_B1 =           4
top_dual_ov5640_lcd.u_ddr3_top.u_mig_7series_0.u_mig_7series_0_mig.u_memc_ui_top_std.mem_intfc0.ddr_phy_top0.u_ddr_mc_phy_wrapper.u_ddr_mc_phy : HIGHEST_BANK =           2
top_dual_ov5640_lcd.u_ddr3_top.u_mig_7series_0.u_mig_7series_0_mig.u_memc_ui_top_std.mem_intfc0.ddr_phy_top0.u_ddr_mc_phy_wrapper.u_ddr_mc_phy : FREQ_REF_PERIOD         = 1250.00 
top_dual_ov5640_lcd.u_ddr3_top.u_mig_7series_0.u_mig_7series_0_mig.u_memc_ui_top_std.mem_intfc0.ddr_phy_top0.u_ddr_mc_phy_wrapper.u_ddr_mc_phy : DDR_TCK                 = 2500 
top_dual_ov5640_lcd.u_ddr3_top.u_mig_7series_0.u_mig_7series_0_mig.u_memc_ui_top_std.mem_intfc0.ddr_phy_top0.u_ddr_mc_phy_wrapper.u_ddr_mc_phy : PO_S2_TAPS_SIZE         = 9.77 
top_dual_ov5640_lcd.u_ddr3_top.u_mig_7series_0.u_mig_7series_0_mig.u_memc_ui_top_std.mem_intfc0.ddr_phy_top0.u_ddr_mc_phy_wrapper.u_ddr_mc_phy : PO_CIRC_BUF_EARLY       = 1 
top_dual_ov5640_lcd.u_ddr3_top.u_mig_7series_0.u_mig_7series_0_mig.u_memc_ui_top_std.mem_intfc0.ddr_phy_top0.u_ddr_mc_phy_wrapper.u_ddr_mc_phy : PO_CIRC_BUF_OFFSET      = 1219.75 
top_dual_ov5640_lcd.u_ddr3_top.u_mig_7series_0.u_mig_7series_0_mig.u_memc_ui_top_std.mem_intfc0.ddr_phy_top0.u_ddr_mc_phy_wrapper.u_ddr_mc_phy : PO_CIRC_BUF_META_ZONE   = 200.00 
top_dual_ov5640_lcd.u_ddr3_top.u_mig_7series_0.u_mig_7series_0_mig.u_memc_ui_top_std.mem_intfc0.ddr_phy_top0.u_ddr_mc_phy_wrapper.u_ddr_mc_phy : PO_STG2_FINE_INTR_DLY   = 769.25 
top_dual_ov5640_lcd.u_ddr3_top.u_mig_7series_0.u_mig_7series_0_mig.u_memc_ui_top_std.mem_intfc0.ddr_phy_top0.u_ddr_mc_phy_wrapper.u_ddr_mc_phy : PO_STG2_COARSE_INTR_DLY = 511.00 
top_dual_ov5640_lcd.u_ddr3_top.u_mig_7series_0.u_mig_7series_0_mig.u_memc_ui_top_std.mem_intfc0.ddr_phy_top0.u_ddr_mc_phy_wrapper.u_ddr_mc_phy : PO_STG2_INTRINSIC_DELAY = 1280.25 
top_dual_ov5640_lcd.u_ddr3_top.u_mig_7series_0.u_mig_7series_0_mig.u_memc_ui_top_std.mem_intfc0.ddr_phy_top0.u_ddr_mc_phy_wrapper.u_ddr_mc_phy : PO_CIRC_BUF_DELAY       = 60 
top_dual_ov5640_lcd.u_ddr3_top.u_mig_7series_0.u_mig_7series_0_mig.u_memc_ui_top_std.mem_intfc0.ddr_phy_top0.u_ddr_mc_phy_wrapper.u_ddr_mc_phy : PO_INTRINSIC_DELAY      = 1280.25 
top_dual_ov5640_lcd.u_ddr3_top.u_mig_7series_0.u_mig_7series_0_mig.u_memc_ui_top_std.mem_intfc0.ddr_phy_top0.u_ddr_mc_phy_wrapper.u_ddr_mc_phy : PO_DELAY                = 1866.19 
top_dual_ov5640_lcd.u_ddr3_top.u_mig_7series_0.u_mig_7series_0_mig.u_memc_ui_top_std.mem_intfc0.ddr_phy_top0.u_ddr_mc_phy_wrapper.u_ddr_mc_phy : PO_OCLK_DELAY           = 0 
top_dual_ov5640_lcd.u_ddr3_top.u_mig_7series_0.u_mig_7series_0_mig.u_memc_ui_top_std.mem_intfc0.ddr_phy_top0.u_ddr_mc_phy_wrapper.u_ddr_mc_phy : L_PHY_0_PO_FINE_DELAY   = 60 
top_dual_ov5640_lcd.u_ddr3_top.u_mig_7series_0.u_mig_7series_0_mig.u_memc_ui_top_std.mem_intfc0.ddr_phy_top0.u_ddr_mc_phy_wrapper.u_ddr_mc_phy : PI_STG1_INTRINSIC_DELAY = 0.00 
top_dual_ov5640_lcd.u_ddr3_top.u_mig_7series_0.u_mig_7series_0_mig.u_memc_ui_top_std.mem_intfc0.ddr_phy_top0.u_ddr_mc_phy_wrapper.u_ddr_mc_phy : PI_STG2_INTRINSIC_DELAY = 744.00 
top_dual_ov5640_lcd.u_ddr3_top.u_mig_7series_0.u_mig_7series_0_mig.u_memc_ui_top_std.mem_intfc0.ddr_phy_top0.u_ddr_mc_phy_wrapper.u_ddr_mc_phy : PI_INTRINSIC_DELAY      = 744.00 
top_dual_ov5640_lcd.u_ddr3_top.u_mig_7series_0.u_mig_7series_0_mig.u_memc_ui_top_std.mem_intfc0.ddr_phy_top0.u_ddr_mc_phy_wrapper.u_ddr_mc_phy : PI_MAX_STG2_DELAY       = 615.23 
top_dual_ov5640_lcd.u_ddr3_top.u_mig_7series_0.u_mig_7series_0_mig.u_memc_ui_top_std.mem_intfc0.ddr_phy_top0.u_ddr_mc_phy_wrapper.u_ddr_mc_phy : PI_OFFSET               = -78.00 
top_dual_ov5640_lcd.u_ddr3_top.u_mig_7series_0.u_mig_7series_0_mig.u_memc_ui_top_std.mem_intfc0.ddr_phy_top0.u_ddr_mc_phy_wrapper.u_ddr_mc_phy : a negative PI_OFFSET means that rclk path is longer than oclk path so rclk will be delayed to next oclk edge and the negedge of rclk may be used.
top_dual_ov5640_lcd.u_ddr3_top.u_mig_7series_0.u_mig_7series_0_mig.u_memc_ui_top_std.mem_intfc0.ddr_phy_top0.u_ddr_mc_phy_wrapper.u_ddr_mc_phy : PI_STG2_DELAY           = 615.23 
top_dual_ov5640_lcd.u_ddr3_top.u_mig_7series_0.u_mig_7series_0_mig.u_memc_ui_top_std.mem_intfc0.ddr_phy_top0.u_ddr_mc_phy_wrapper.u_ddr_mc_phy :PI_STG2_DELAY_CAND       = 1172.00 
top_dual_ov5640_lcd.u_ddr3_top.u_mig_7series_0.u_mig_7series_0_mig.u_memc_ui_top_std.mem_intfc0.ddr_phy_top0.u_ddr_mc_phy_wrapper.u_ddr_mc_phy : DEFAULT_RCLK_DELAY      = 63 
top_dual_ov5640_lcd.u_ddr3_top.u_mig_7series_0.u_mig_7series_0_mig.u_memc_ui_top_std.mem_intfc0.ddr_phy_top0.u_ddr_mc_phy_wrapper.u_ddr_mc_phy : RCLK_SELECT_EDGE        = 0 
WARNING: top_dual_ov5640_lcd.u_ddr3_top.u_mig_7series_0.u_mig_7series_0_mig.u_memc_ui_top_std.mem_intfc0.ddr_phy_top0.u_ddr_mc_phy_wrapper.u_ddr_mc_phy: The required delay though the phaser_in to internally match the aux_out clock  to ddr clock exceeds the maximum allowable delay. The clock edge  will occur at the output registers of aux_out 556.77 ps before the ddr clock  edge. If aux_out is used for memory inputs, this may violate setup or hold time.
WARNING: Behavioral models for independent clock FIFO configurations do not model synchronization delays. The behavioral models are functionally correct, and will represent the behavior of the configured FIFO. See the FIFO Generator User Guide for more information.
WARNING: Behavioral models for independent clock FIFO configurations do not model synchronization delays. The behavioral models are functionally correct, and will represent the behavior of the configured FIFO. See the FIFO Generator User Guide for more information.
WARNING: Behavioral models for independent clock FIFO configurations do not model synchronization delays. The behavioral models are functionally correct, and will represent the behavior of the configured FIFO. See the FIFO Generator User Guide for more information.
WARNING: Behavioral models for independent clock FIFO configurations do not model synchronization delays. The behavioral models are functionally correct, and will represent the behavior of the configured FIFO. See the FIFO Generator User Guide for more information.
INFO: [USF-XSim-96] XSim completed. Design snapshot 'top_dual_ov5640_lcd_behav' loaded.
INFO: [USF-XSim-97] XSim simulation ran for 1000ns
launch_simulation: Time (s): cpu = 00:00:06 ; elapsed = 00:00:35 . Memory (MB): peak = 1811.977 ; gain = 12.055
update_compile_order -fileset sources_1
reset_run synth_1
WARNING: [Vivado 12-1017] Problems encountered:
1. Failed to delete one or more files in run directory E:/FPGA/project/smart_car_pld2026/my_car/prj/prj.runs/synth_1

launch_runs synth_1 -jobs 12
INFO: [Vivado 12-4149] The synthesis checkpoint for IP 'E:/FPGA/project/smart_car_pld2026/my_car/prj/prj.srcs/sources_1/ip/rd_fifo/rd_fifo.xci' is already up-to-date
[Sun Jul 26 15:15:24 2026] Launched synth_1...
Run output will be captured here: E:/FPGA/project/smart_car_pld2026/my_car/prj/prj.runs/synth_1/runme.log
open_run synth_1 -name synth_1
Design is defaulting to impl run constrset: constrs_1
Design is defaulting to synth run part: xc7a100tfgg484-2
INFO: [Project 1-454] Reading design checkpoint 'e:/FPGA/project/smart_car_pld2026/my_car/prj/prj.srcs/sources_1/ip/clk_wiz_0/clk_wiz_0.dcp' for cell 'u_clk_wiz_0'
INFO: [Project 1-454] Reading design checkpoint 'e:/FPGA/project/smart_car_pld2026/my_car/prj/prj.srcs/sources_1/ip/mig_7series_0/mig_7series_0.dcp' for cell 'u_ddr3_top/u_mig_7series_0'
INFO: [Project 1-454] Reading design checkpoint 'e:/FPGA/project/smart_car_pld2026/my_car/prj/prj.srcs/sources_1/ip/rd_fifo/rd_fifo.dcp' for cell 'u_ddr3_top/u_ddr3_fifo_ctrl_top/u_ddr3_fifo_ctrl_1/u_rd_fifo'
INFO: [Project 1-454] Reading design checkpoint 'e:/FPGA/project/smart_car_pld2026/my_car/prj/prj.srcs/sources_1/ip/wr_fifo/wr_fifo.dcp' for cell 'u_ddr3_top/u_ddr3_fifo_ctrl_top/u_ddr3_fifo_ctrl_1/u_wr_fifo'
INFO: [Netlist 29-17] Analyzing 826 Unisim elements for replacement
INFO: [Netlist 29-28] Unisim Transformation completed in 0 CPU seconds
INFO: [Project 1-479] Netlist was created with Vivado 2018.3
INFO: [Device 21-403] Loading part xc7a100tfgg484-2
INFO: [Project 1-570] Preparing netlist for logic optimization
Parsing XDC File [e:/FPGA/project/smart_car_pld2026/my_car/prj/prj.srcs/sources_1/ip/rd_fifo/rd_fifo.xdc] for cell 'u_ddr3_top/u_ddr3_fifo_ctrl_top/u_ddr3_fifo_ctrl_1/u_rd_fifo/U0'
Finished Parsing XDC File [e:/FPGA/project/smart_car_pld2026/my_car/prj/prj.srcs/sources_1/ip/rd_fifo/rd_fifo.xdc] for cell 'u_ddr3_top/u_ddr3_fifo_ctrl_top/u_ddr3_fifo_ctrl_1/u_rd_fifo/U0'
Parsing XDC File [e:/FPGA/project/smart_car_pld2026/my_car/prj/prj.srcs/sources_1/ip/rd_fifo/rd_fifo.xdc] for cell 'u_ddr3_top/u_ddr3_fifo_ctrl_top/u_ddr3_fifo_ctrl_2/u_rd_fifo/U0'
Finished Parsing XDC File [e:/FPGA/project/smart_car_pld2026/my_car/prj/prj.srcs/sources_1/ip/rd_fifo/rd_fifo.xdc] for cell 'u_ddr3_top/u_ddr3_fifo_ctrl_top/u_ddr3_fifo_ctrl_2/u_rd_fifo/U0'
Parsing XDC File [e:/FPGA/project/smart_car_pld2026/my_car/prj/prj.srcs/sources_1/ip/clk_wiz_0/clk_wiz_0_board.xdc] for cell 'u_clk_wiz_0/inst'
Finished Parsing XDC File [e:/FPGA/project/smart_car_pld2026/my_car/prj/prj.srcs/sources_1/ip/clk_wiz_0/clk_wiz_0_board.xdc] for cell 'u_clk_wiz_0/inst'
Parsing XDC File [e:/FPGA/project/smart_car_pld2026/my_car/prj/prj.srcs/sources_1/ip/clk_wiz_0/clk_wiz_0.xdc] for cell 'u_clk_wiz_0/inst'
INFO: [Timing 38-35] Done setting XDC timing constraints. [e:/FPGA/project/smart_car_pld2026/my_car/prj/prj.srcs/sources_1/ip/clk_wiz_0/clk_wiz_0.xdc:57]
INFO: [Timing 38-2] Deriving generated clocks [e:/FPGA/project/smart_car_pld2026/my_car/prj/prj.srcs/sources_1/ip/clk_wiz_0/clk_wiz_0.xdc:57]
Finished Parsing XDC File [e:/FPGA/project/smart_car_pld2026/my_car/prj/prj.srcs/sources_1/ip/clk_wiz_0/clk_wiz_0.xdc] for cell 'u_clk_wiz_0/inst'
Parsing XDC File [e:/FPGA/project/smart_car_pld2026/my_car/prj/prj.srcs/sources_1/ip/mig_7series_0/mig_7series_0/user_design/constraints/mig_7series_0.xdc] for cell 'u_ddr3_top/u_mig_7series_0'
Finished Parsing XDC File [e:/FPGA/project/smart_car_pld2026/my_car/prj/prj.srcs/sources_1/ip/mig_7series_0/mig_7series_0/user_design/constraints/mig_7series_0.xdc] for cell 'u_ddr3_top/u_mig_7series_0'
Parsing XDC File [e:/FPGA/project/smart_car_pld2026/my_car/prj/prj.srcs/sources_1/ip/wr_fifo/wr_fifo.xdc] for cell 'u_ddr3_top/u_ddr3_fifo_ctrl_top/u_ddr3_fifo_ctrl_1/u_wr_fifo/U0'
Finished Parsing XDC File [e:/FPGA/project/smart_car_pld2026/my_car/prj/prj.srcs/sources_1/ip/wr_fifo/wr_fifo.xdc] for cell 'u_ddr3_top/u_ddr3_fifo_ctrl_top/u_ddr3_fifo_ctrl_1/u_wr_fifo/U0'
Parsing XDC File [e:/FPGA/project/smart_car_pld2026/my_car/prj/prj.srcs/sources_1/ip/wr_fifo/wr_fifo.xdc] for cell 'u_ddr3_top/u_ddr3_fifo_ctrl_top/u_ddr3_fifo_ctrl_2/u_wr_fifo/U0'
Finished Parsing XDC File [e:/FPGA/project/smart_car_pld2026/my_car/prj/prj.srcs/sources_1/ip/wr_fifo/wr_fifo.xdc] for cell 'u_ddr3_top/u_ddr3_fifo_ctrl_top/u_ddr3_fifo_ctrl_2/u_wr_fifo/U0'
Parsing XDC File [E:/FPGA/project/smart_car_pld2026/my_car/prj/constrs_1/new/pin.xdc]
WARNING: [Constraints 18-619] A clock with name 'sys_clk' already exists, overwriting the previous clock with the same name. [E:/FPGA/project/smart_car_pld2026/my_car/prj/constrs_1/new/pin.xdc:2]
WARNING: [Constraints 18-619] A clock with name 'cmos_pclk' already exists, overwriting the previous clock with the same name. [E:/FPGA/project/smart_car_pld2026/my_car/prj/constrs_1/new/pin.xdc:73]
Finished Parsing XDC File [E:/FPGA/project/smart_car_pld2026/my_car/prj/constrs_1/new/pin.xdc]
Parsing XDC File [e:/FPGA/project/smart_car_pld2026/my_car/prj/prj.srcs/sources_1/ip/rd_fifo/rd_fifo_clocks.xdc] for cell 'u_ddr3_top/u_ddr3_fifo_ctrl_top/u_ddr3_fifo_ctrl_1/u_rd_fifo/U0'
Finished Parsing XDC File [e:/FPGA/project/smart_car_pld2026/my_car/prj/prj.srcs/sources_1/ip/rd_fifo/rd_fifo_clocks.xdc] for cell 'u_ddr3_top/u_ddr3_fifo_ctrl_top/u_ddr3_fifo_ctrl_1/u_rd_fifo/U0'
Parsing XDC File [e:/FPGA/project/smart_car_pld2026/my_car/prj/prj.srcs/sources_1/ip/rd_fifo/rd_fifo_clocks.xdc] for cell 'u_ddr3_top/u_ddr3_fifo_ctrl_top/u_ddr3_fifo_ctrl_2/u_rd_fifo/U0'
Finished Parsing XDC File [e:/FPGA/project/smart_car_pld2026/my_car/prj/prj.srcs/sources_1/ip/rd_fifo/rd_fifo_clocks.xdc] for cell 'u_ddr3_top/u_ddr3_fifo_ctrl_top/u_ddr3_fifo_ctrl_2/u_rd_fifo/U0'
Parsing XDC File [e:/FPGA/project/smart_car_pld2026/my_car/prj/prj.srcs/sources_1/ip/wr_fifo/wr_fifo_clocks.xdc] for cell 'u_ddr3_top/u_ddr3_fifo_ctrl_top/u_ddr3_fifo_ctrl_1/u_wr_fifo/U0'
Finished Parsing XDC File [e:/FPGA/project/smart_car_pld2026/my_car/prj/prj.srcs/sources_1/ip/wr_fifo/wr_fifo_clocks.xdc] for cell 'u_ddr3_top/u_ddr3_fifo_ctrl_top/u_ddr3_fifo_ctrl_1/u_wr_fifo/U0'
Parsing XDC File [e:/FPGA/project/smart_car_pld2026/my_car/prj/prj.srcs/sources_1/ip/wr_fifo/wr_fifo_clocks.xdc] for cell 'u_ddr3_top/u_ddr3_fifo_ctrl_top/u_ddr3_fifo_ctrl_2/u_wr_fifo/U0'
Finished Parsing XDC File [e:/FPGA/project/smart_car_pld2026/my_car/prj/prj.srcs/sources_1/ip/wr_fifo/wr_fifo_clocks.xdc] for cell 'u_ddr3_top/u_ddr3_fifo_ctrl_top/u_ddr3_fifo_ctrl_2/u_wr_fifo/U0'
Sourcing Tcl File [D:/Xilinx/Vivado/2018.3/data/ip/xpm/xpm_cdc/tcl/xpm_cdc_gray.tcl] for cell 'u_ddr3_top/u_ddr3_fifo_ctrl_top/u_ddr3_fifo_ctrl_1/u_rd_fifo/U0/inst_fifo_gen/gconvfifo.rf/grf.rf/gntv_or_sync_fifo.gcx.clkx/rd_pntr_cdc_inst'
Finished Sourcing Tcl File [D:/Xilinx/Vivado/2018.3/data/ip/xpm/xpm_cdc/tcl/xpm_cdc_gray.tcl] for cell 'u_ddr3_top/u_ddr3_fifo_ctrl_top/u_ddr3_fifo_ctrl_1/u_rd_fifo/U0/inst_fifo_gen/gconvfifo.rf/grf.rf/gntv_or_sync_fifo.gcx.clkx/rd_pntr_cdc_inst'
Sourcing Tcl File [D:/Xilinx/Vivado/2018.3/data/ip/xpm/xpm_cdc/tcl/xpm_cdc_gray.tcl] for cell 'u_ddr3_top/u_ddr3_fifo_ctrl_top/u_ddr3_fifo_ctrl_2/u_rd_fifo/U0/inst_fifo_gen/gconvfifo.rf/grf.rf/gntv_or_sync_fifo.gcx.clkx/rd_pntr_cdc_inst'
Finished Sourcing Tcl File [D:/Xilinx/Vivado/2018.3/data/ip/xpm/xpm_cdc/tcl/xpm_cdc_gray.tcl] for cell 'u_ddr3_top/u_ddr3_fifo_ctrl_top/u_ddr3_fifo_ctrl_2/u_rd_fifo/U0/inst_fifo_gen/gconvfifo.rf/grf.rf/gntv_or_sync_fifo.gcx.clkx/rd_pntr_cdc_inst'
Sourcing Tcl File [D:/Xilinx/Vivado/2018.3/data/ip/xpm/xpm_cdc/tcl/xpm_cdc_gray.tcl] for cell 'u_ddr3_top/u_ddr3_fifo_ctrl_top/u_ddr3_fifo_ctrl_1/u_rd_fifo/U0/inst_fifo_gen/gconvfifo.rf/grf.rf/gntv_or_sync_fifo.gcx.clkx/wr_pntr_cdc_inst'
Finished Sourcing Tcl File [D:/Xilinx/Vivado/2018.3/data/ip/xpm/xpm_cdc/tcl/xpm_cdc_gray.tcl] for cell 'u_ddr3_top/u_ddr3_fifo_ctrl_top/u_ddr3_fifo_ctrl_1/u_rd_fifo/U0/inst_fifo_gen/gconvfifo.rf/grf.rf/gntv_or_sync_fifo.gcx.clkx/wr_pntr_cdc_inst'
Sourcing Tcl File [D:/Xilinx/Vivado/2018.3/data/ip/xpm/xpm_cdc/tcl/xpm_cdc_gray.tcl] for cell 'u_ddr3_top/u_ddr3_fifo_ctrl_top/u_ddr3_fifo_ctrl_2/u_rd_fifo/U0/inst_fifo_gen/gconvfifo.rf/grf.rf/gntv_or_sync_fifo.gcx.clkx/wr_pntr_cdc_inst'
Finished Sourcing Tcl File [D:/Xilinx/Vivado/2018.3/data/ip/xpm/xpm_cdc/tcl/xpm_cdc_gray.tcl] for cell 'u_ddr3_top/u_ddr3_fifo_ctrl_top/u_ddr3_fifo_ctrl_2/u_rd_fifo/U0/inst_fifo_gen/gconvfifo.rf/grf.rf/gntv_or_sync_fifo.gcx.clkx/wr_pntr_cdc_inst'
Sourcing Tcl File [D:/Xilinx/Vivado/2018.3/data/ip/xpm/xpm_cdc/tcl/xpm_cdc_gray.tcl] for cell 'u_ddr3_top/u_ddr3_fifo_ctrl_top/u_ddr3_fifo_ctrl_1/u_wr_fifo/U0/inst_fifo_gen/gconvfifo.rf/grf.rf/gntv_or_sync_fifo.gcx.clkx/rd_pntr_cdc_inst'
Finished Sourcing Tcl File [D:/Xilinx/Vivado/2018.3/data/ip/xpm/xpm_cdc/tcl/xpm_cdc_gray.tcl] for cell 'u_ddr3_top/u_ddr3_fifo_ctrl_top/u_ddr3_fifo_ctrl_1/u_wr_fifo/U0/inst_fifo_gen/gconvfifo.rf/grf.rf/gntv_or_sync_fifo.gcx.clkx/rd_pntr_cdc_inst'
Sourcing Tcl File [D:/Xilinx/Vivado/2018.3/data/ip/xpm/xpm_cdc/tcl/xpm_cdc_gray.tcl] for cell 'u_ddr3_top/u_ddr3_fifo_ctrl_top/u_ddr3_fifo_ctrl_2/u_wr_fifo/U0/inst_fifo_gen/gconvfifo.rf/grf.rf/gntv_or_sync_fifo.gcx.clkx/rd_pntr_cdc_inst'
Finished Sourcing Tcl File [D:/Xilinx/Vivado/2018.3/data/ip/xpm/xpm_cdc/tcl/xpm_cdc_gray.tcl] for cell 'u_ddr3_top/u_ddr3_fifo_ctrl_top/u_ddr3_fifo_ctrl_2/u_wr_fifo/U0/inst_fifo_gen/gconvfifo.rf/grf.rf/gntv_or_sync_fifo.gcx.clkx/rd_pntr_cdc_inst'
Sourcing Tcl File [D:/Xilinx/Vivado/2018.3/data/ip/xpm/xpm_cdc/tcl/xpm_cdc_gray.tcl] for cell 'u_ddr3_top/u_ddr3_fifo_ctrl_top/u_ddr3_fifo_ctrl_1/u_wr_fifo/U0/inst_fifo_gen/gconvfifo.rf/grf.rf/gntv_or_sync_fifo.gcx.clkx/wr_pntr_cdc_inst'
Finished Sourcing Tcl File [D:/Xilinx/Vivado/2018.3/data/ip/xpm/xpm_cdc/tcl/xpm_cdc_gray.tcl] for cell 'u_ddr3_top/u_ddr3_fifo_ctrl_top/u_ddr3_fifo_ctrl_1/u_wr_fifo/U0/inst_fifo_gen/gconvfifo.rf/grf.rf/gntv_or_sync_fifo.gcx.clkx/wr_pntr_cdc_inst'
Sourcing Tcl File [D:/Xilinx/Vivado/2018.3/data/ip/xpm/xpm_cdc/tcl/xpm_cdc_gray.tcl] for cell 'u_ddr3_top/u_ddr3_fifo_ctrl_top/u_ddr3_fifo_ctrl_2/u_wr_fifo/U0/inst_fifo_gen/gconvfifo.rf/grf.rf/gntv_or_sync_fifo.gcx.clkx/wr_pntr_cdc_inst'
Finished Sourcing Tcl File [D:/Xilinx/Vivado/2018.3/data/ip/xpm/xpm_cdc/tcl/xpm_cdc_gray.tcl] for cell 'u_ddr3_top/u_ddr3_fifo_ctrl_top/u_ddr3_fifo_ctrl_2/u_wr_fifo/U0/inst_fifo_gen/gconvfifo.rf/grf.rf/gntv_or_sync_fifo.gcx.clkx/wr_pntr_cdc_inst'
Sourcing Tcl File [D:/Xilinx/Vivado/2018.3/data/ip/xpm/xpm_cdc/tcl/xpm_cdc_single.tcl] for cell 'u_ddr3_top/u_ddr3_fifo_ctrl_top/u_ddr3_fifo_ctrl_1/u_rd_fifo/U0/inst_fifo_gen/gconvfifo.rf/grf.rf/rstblk/ngwrdrst.grst.g7serrst.gsckt_wrst.gic_rst.xpm_cdc_single_inst_rrst_wr'
Finished Sourcing Tcl File [D:/Xilinx/Vivado/2018.3/data/ip/xpm/xpm_cdc/tcl/xpm_cdc_single.tcl] for cell 'u_ddr3_top/u_ddr3_fifo_ctrl_top/u_ddr3_fifo_ctrl_1/u_rd_fifo/U0/inst_fifo_gen/gconvfifo.rf/grf.rf/rstblk/ngwrdrst.grst.g7serrst.gsckt_wrst.gic_rst.xpm_cdc_single_inst_rrst_wr'
Sourcing Tcl File [D:/Xilinx/Vivado/2018.3/data/ip/xpm/xpm_cdc/tcl/xpm_cdc_single.tcl] for cell 'u_ddr3_top/u_ddr3_fifo_ctrl_top/u_ddr3_fifo_ctrl_2/u_rd_fifo/U0/inst_fifo_gen/gconvfifo.rf/grf.rf/rstblk/ngwrdrst.grst.g7serrst.gsckt_wrst.gic_rst.xpm_cdc_single_inst_rrst_wr'
Finished Sourcing Tcl File [D:/Xilinx/Vivado/2018.3/data/ip/xpm/xpm_cdc/tcl/xpm_cdc_single.tcl] for cell 'u_ddr3_top/u_ddr3_fifo_ctrl_top/u_ddr3_fifo_ctrl_2/u_rd_fifo/U0/inst_fifo_gen/gconvfifo.rf/grf.rf/rstblk/ngwrdrst.grst.g7serrst.gsckt_wrst.gic_rst.xpm_cdc_single_inst_rrst_wr'
Sourcing Tcl File [D:/Xilinx/Vivado/2018.3/data/ip/xpm/xpm_cdc/tcl/xpm_cdc_single.tcl] for cell 'u_ddr3_top/u_ddr3_fifo_ctrl_top/u_ddr3_fifo_ctrl_1/u_rd_fifo/U0/inst_fifo_gen/gconvfifo.rf/grf.rf/rstblk/ngwrdrst.grst.g7serrst.gsckt_wrst.gic_rst.xpm_cdc_single_inst_wrst_rd'
Finished Sourcing Tcl File [D:/Xilinx/Vivado/2018.3/data/ip/xpm/xpm_cdc/tcl/xpm_cdc_single.tcl] for cell 'u_ddr3_top/u_ddr3_fifo_ctrl_top/u_ddr3_fifo_ctrl_1/u_rd_fifo/U0/inst_fifo_gen/gconvfifo.rf/grf.rf/rstblk/ngwrdrst.grst.g7serrst.gsckt_wrst.gic_rst.xpm_cdc_single_inst_wrst_rd'
Sourcing Tcl File [D:/Xilinx/Vivado/2018.3/data/ip/xpm/xpm_cdc/tcl/xpm_cdc_single.tcl] for cell 'u_ddr3_top/u_ddr3_fifo_ctrl_top/u_ddr3_fifo_ctrl_2/u_rd_fifo/U0/inst_fifo_gen/gconvfifo.rf/grf.rf/rstblk/ngwrdrst.grst.g7serrst.gsckt_wrst.gic_rst.xpm_cdc_single_inst_wrst_rd'
Finished Sourcing Tcl File [D:/Xilinx/Vivado/2018.3/data/ip/xpm/xpm_cdc/tcl/xpm_cdc_single.tcl] for cell 'u_ddr3_top/u_ddr3_fifo_ctrl_top/u_ddr3_fifo_ctrl_2/u_rd_fifo/U0/inst_fifo_gen/gconvfifo.rf/grf.rf/rstblk/ngwrdrst.grst.g7serrst.gsckt_wrst.gic_rst.xpm_cdc_single_inst_wrst_rd'
Sourcing Tcl File [D:/Xilinx/Vivado/2018.3/data/ip/xpm/xpm_cdc/tcl/xpm_cdc_single.tcl] for cell 'u_ddr3_top/u_ddr3_fifo_ctrl_top/u_ddr3_fifo_ctrl_1/u_wr_fifo/U0/inst_fifo_gen/gconvfifo.rf/grf.rf/rstblk/ngwrdrst.grst.g7serrst.gsckt_wrst.gic_rst.xpm_cdc_single_inst_rrst_wr'
Finished Sourcing Tcl File [D:/Xilinx/Vivado/2018.3/data/ip/xpm/xpm_cdc/tcl/xpm_cdc_single.tcl] for cell 'u_ddr3_top/u_ddr3_fifo_ctrl_top/u_ddr3_fifo_ctrl_1/u_wr_fifo/U0/inst_fifo_gen/gconvfifo.rf/grf.rf/rstblk/ngwrdrst.grst.g7serrst.gsckt_wrst.gic_rst.xpm_cdc_single_inst_rrst_wr'
Sourcing Tcl File [D:/Xilinx/Vivado/2018.3/data/ip/xpm/xpm_cdc/tcl/xpm_cdc_single.tcl] for cell 'u_ddr3_top/u_ddr3_fifo_ctrl_top/u_ddr3_fifo_ctrl_2/u_wr_fifo/U0/inst_fifo_gen/gconvfifo.rf/grf.rf/rstblk/ngwrdrst.grst.g7serrst.gsckt_wrst.gic_rst.xpm_cdc_single_inst_rrst_wr'
Finished Sourcing Tcl File [D:/Xilinx/Vivado/2018.3/data/ip/xpm/xpm_cdc/tcl/xpm_cdc_single.tcl] for cell 'u_ddr3_top/u_ddr3_fifo_ctrl_top/u_ddr3_fifo_ctrl_2/u_wr_fifo/U0/inst_fifo_gen/gconvfifo.rf/grf.rf/rstblk/ngwrdrst.grst.g7serrst.gsckt_wrst.gic_rst.xpm_cdc_single_inst_rrst_wr'
Sourcing Tcl File [D:/Xilinx/Vivado/2018.3/data/ip/xpm/xpm_cdc/tcl/xpm_cdc_single.tcl] for cell 'u_ddr3_top/u_ddr3_fifo_ctrl_top/u_ddr3_fifo_ctrl_1/u_wr_fifo/U0/inst_fifo_gen/gconvfifo.rf/grf.rf/rstblk/ngwrdrst.grst.g7serrst.gsckt_wrst.gic_rst.xpm_cdc_single_inst_wrst_rd'
Finished Sourcing Tcl File [D:/Xilinx/Vivado/2018.3/data/ip/xpm/xpm_cdc/tcl/xpm_cdc_single.tcl] for cell 'u_ddr3_top/u_ddr3_fifo_ctrl_top/u_ddr3_fifo_ctrl_1/u_wr_fifo/U0/inst_fifo_gen/gconvfifo.rf/grf.rf/rstblk/ngwrdrst.grst.g7serrst.gsckt_wrst.gic_rst.xpm_cdc_single_inst_wrst_rd'
Sourcing Tcl File [D:/Xilinx/Vivado/2018.3/data/ip/xpm/xpm_cdc/tcl/xpm_cdc_single.tcl] for cell 'u_ddr3_top/u_ddr3_fifo_ctrl_top/u_ddr3_fifo_ctrl_2/u_wr_fifo/U0/inst_fifo_gen/gconvfifo.rf/grf.rf/rstblk/ngwrdrst.grst.g7serrst.gsckt_wrst.gic_rst.xpm_cdc_single_inst_wrst_rd'
Finished Sourcing Tcl File [D:/Xilinx/Vivado/2018.3/data/ip/xpm/xpm_cdc/tcl/xpm_cdc_single.tcl] for cell 'u_ddr3_top/u_ddr3_fifo_ctrl_top/u_ddr3_fifo_ctrl_2/u_wr_fifo/U0/inst_fifo_gen/gconvfifo.rf/grf.rf/rstblk/ngwrdrst.grst.g7serrst.gsckt_wrst.gic_rst.xpm_cdc_single_inst_wrst_rd'
Sourcing Tcl File [D:/Xilinx/Vivado/2018.3/data/ip/xpm/xpm_cdc/tcl/xpm_cdc_sync_rst.tcl] for cell 'u_ddr3_top/u_ddr3_fifo_ctrl_top/u_ddr3_fifo_ctrl_1/u_rd_fifo/U0/inst_fifo_gen/gconvfifo.rf/grf.rf/rstblk/ngwrdrst.grst.g7serrst.gsckt_wrst.gic_rst.xpm_cdc_sync_rst_inst_wrst'
Finished Sourcing Tcl File [D:/Xilinx/Vivado/2018.3/data/ip/xpm/xpm_cdc/tcl/xpm_cdc_sync_rst.tcl] for cell 'u_ddr3_top/u_ddr3_fifo_ctrl_top/u_ddr3_fifo_ctrl_1/u_rd_fifo/U0/inst_fifo_gen/gconvfifo.rf/grf.rf/rstblk/ngwrdrst.grst.g7serrst.gsckt_wrst.gic_rst.xpm_cdc_sync_rst_inst_wrst'
Sourcing Tcl File [D:/Xilinx/Vivado/2018.3/data/ip/xpm/xpm_cdc/tcl/xpm_cdc_sync_rst.tcl] for cell 'u_ddr3_top/u_ddr3_fifo_ctrl_top/u_ddr3_fifo_ctrl_2/u_rd_fifo/U0/inst_fifo_gen/gconvfifo.rf/grf.rf/rstblk/ngwrdrst.grst.g7serrst.gsckt_wrst.gic_rst.xpm_cdc_sync_rst_inst_wrst'
Finished Sourcing Tcl File [D:/Xilinx/Vivado/2018.3/data/ip/xpm/xpm_cdc/tcl/xpm_cdc_sync_rst.tcl] for cell 'u_ddr3_top/u_ddr3_fifo_ctrl_top/u_ddr3_fifo_ctrl_2/u_rd_fifo/U0/inst_fifo_gen/gconvfifo.rf/grf.rf/rstblk/ngwrdrst.grst.g7serrst.gsckt_wrst.gic_rst.xpm_cdc_sync_rst_inst_wrst'
Sourcing Tcl File [D:/Xilinx/Vivado/2018.3/data/ip/xpm/xpm_cdc/tcl/xpm_cdc_sync_rst.tcl] for cell 'u_ddr3_top/u_ddr3_fifo_ctrl_top/u_ddr3_fifo_ctrl_1/u_rd_fifo/U0/inst_fifo_gen/gconvfifo.rf/grf.rf/rstblk/ngwrdrst.grst.g7serrst.gsckt_wrst.xpm_cdc_sync_rst_inst_wrst'
Finished Sourcing Tcl File [D:/Xilinx/Vivado/2018.3/data/ip/xpm/xpm_cdc/tcl/xpm_cdc_sync_rst.tcl] for cell 'u_ddr3_top/u_ddr3_fifo_ctrl_top/u_ddr3_fifo_ctrl_1/u_rd_fifo/U0/inst_fifo_gen/gconvfifo.rf/grf.rf/rstblk/ngwrdrst.grst.g7serrst.gsckt_wrst.xpm_cdc_sync_rst_inst_wrst'
Sourcing Tcl File [D:/Xilinx/Vivado/2018.3/data/ip/xpm/xpm_cdc/tcl/xpm_cdc_sync_rst.tcl] for cell 'u_ddr3_top/u_ddr3_fifo_ctrl_top/u_ddr3_fifo_ctrl_2/u_rd_fifo/U0/inst_fifo_gen/gconvfifo.rf/grf.rf/rstblk/ngwrdrst.grst.g7serrst.gsckt_wrst.xpm_cdc_sync_rst_inst_wrst'
Finished Sourcing Tcl File [D:/Xilinx/Vivado/2018.3/data/ip/xpm/xpm_cdc/tcl/xpm_cdc_sync_rst.tcl] for cell 'u_ddr3_top/u_ddr3_fifo_ctrl_top/u_ddr3_fifo_ctrl_2/u_rd_fifo/U0/inst_fifo_gen/gconvfifo.rf/grf.rf/rstblk/ngwrdrst.grst.g7serrst.gsckt_wrst.xpm_cdc_sync_rst_inst_wrst'
Sourcing Tcl File [D:/Xilinx/Vivado/2018.3/data/ip/xpm/xpm_cdc/tcl/xpm_cdc_sync_rst.tcl] for cell 'u_ddr3_top/u_ddr3_fifo_ctrl_top/u_ddr3_fifo_ctrl_1/u_wr_fifo/U0/inst_fifo_gen/gconvfifo.rf/grf.rf/rstblk/ngwrdrst.grst.g7serrst.gsckt_wrst.gic_rst.xpm_cdc_sync_rst_inst_wrst'
Finished Sourcing Tcl File [D:/Xilinx/Vivado/2018.3/data/ip/xpm/xpm_cdc/tcl/xpm_cdc_sync_rst.tcl] for cell 'u_ddr3_top/u_ddr3_fifo_ctrl_top/u_ddr3_fifo_ctrl_1/u_wr_fifo/U0/inst_fifo_gen/gconvfifo.rf/grf.rf/rstblk/ngwrdrst.grst.g7serrst.gsckt_wrst.gic_rst.xpm_cdc_sync_rst_inst_wrst'
Sourcing Tcl File [D:/Xilinx/Vivado/2018.3/data/ip/xpm/xpm_cdc/tcl/xpm_cdc_sync_rst.tcl] for cell 'u_ddr3_top/u_ddr3_fifo_ctrl_top/u_ddr3_fifo_ctrl_2/u_wr_fifo/U0/inst_fifo_gen/gconvfifo.rf/grf.rf/rstblk/ngwrdrst.grst.g7serrst.gsckt_wrst.gic_rst.xpm_cdc_sync_rst_inst_wrst'
Finished Sourcing Tcl File [D:/Xilinx/Vivado/2018.3/data/ip/xpm/xpm_cdc/tcl/xpm_cdc_sync_rst.tcl] for cell 'u_ddr3_top/u_ddr3_fifo_ctrl_top/u_ddr3_fifo_ctrl_2/u_wr_fifo/U0/inst_fifo_gen/gconvfifo.rf/grf.rf/rstblk/ngwrdrst.grst.g7serrst.gsckt_wrst.gic_rst.xpm_cdc_sync_rst_inst_wrst'
Sourcing Tcl File [D:/Xilinx/Vivado/2018.3/data/ip/xpm/xpm_cdc/tcl/xpm_cdc_sync_rst.tcl] for cell 'u_ddr3_top/u_ddr3_fifo_ctrl_top/u_ddr3_fifo_ctrl_1/u_wr_fifo/U0/inst_fifo_gen/gconvfifo.rf/grf.rf/rstblk/ngwrdrst.grst.g7serrst.gsckt_wrst.xpm_cdc_sync_rst_inst_wrst'
Finished Sourcing Tcl File [D:/Xilinx/Vivado/2018.3/data/ip/xpm/xpm_cdc/tcl/xpm_cdc_sync_rst.tcl] for cell 'u_ddr3_top/u_ddr3_fifo_ctrl_top/u_ddr3_fifo_ctrl_1/u_wr_fifo/U0/inst_fifo_gen/gconvfifo.rf/grf.rf/rstblk/ngwrdrst.grst.g7serrst.gsckt_wrst.xpm_cdc_sync_rst_inst_wrst'
Sourcing Tcl File [D:/Xilinx/Vivado/2018.3/data/ip/xpm/xpm_cdc/tcl/xpm_cdc_sync_rst.tcl] for cell 'u_ddr3_top/u_ddr3_fifo_ctrl_top/u_ddr3_fifo_ctrl_2/u_wr_fifo/U0/inst_fifo_gen/gconvfifo.rf/grf.rf/rstblk/ngwrdrst.grst.g7serrst.gsckt_wrst.xpm_cdc_sync_rst_inst_wrst'
Finished Sourcing Tcl File [D:/Xilinx/Vivado/2018.3/data/ip/xpm/xpm_cdc/tcl/xpm_cdc_sync_rst.tcl] for cell 'u_ddr3_top/u_ddr3_fifo_ctrl_top/u_ddr3_fifo_ctrl_2/u_wr_fifo/U0/inst_fifo_gen/gconvfifo.rf/grf.rf/rstblk/ngwrdrst.grst.g7serrst.gsckt_wrst.xpm_cdc_sync_rst_inst_wrst'
INFO: [Opt 31-138] Pushed 0 inverter(s) to 0 load pin(s).
Netlist sorting complete. Time (s): cpu = 00:00:00 ; elapsed = 00:00:00.002 . Memory (MB): peak = 2097.121 ; gain = 0.000
INFO: [Project 1-111] Unisim Transformation Summary:
  A total of 225 instances were transformed.
  IOBUF => IOBUF (IBUF, OBUFT): 3 instances
  IOBUFDS_DIFF_OUT_INTERMDISABLE => IOBUFDS_DIFF_OUT_INTERMDISABLE (IBUFDS_INTERMDISABLE_INT, IBUFDS_INTERMDISABLE_INT, INV, OBUFTDS, OBUFTDS): 4 instances
  IOBUF_INTERMDISABLE => IOBUF_INTERMDISABLE (IBUF_INTERMDISABLE, OBUFT): 32 instances
  OBUFDS => OBUFDS_DUAL_BUF (INV, OBUFDS, OBUFDS): 1 instances
  RAM32M => RAM32M (RAMD32, RAMD32, RAMD32, RAMD32, RAMD32, RAMD32, RAMS32, RAMS32): 185 instances

open_run: Time (s): cpu = 00:00:16 ; elapsed = 00:00:14 . Memory (MB): peak = 2121.391 ; gain = 309.414
launch_runs impl_1 -to_step write_bitstream -jobs 12
INFO: [Vivado 12-4149] The synthesis checkpoint for IP 'E:/FPGA/project/smart_car_pld2026/my_car/prj/prj.srcs/sources_1/ip/rd_fifo/rd_fifo.xci' is already up-to-date
Netlist sorting complete. Time (s): cpu = 00:00:00 ; elapsed = 00:00:00.004 . Memory (MB): peak = 2130.977 ; gain = 0.000
INFO: [Timing 38-480] Writing timing data to binary archive.
Writing placer database...
Writing XDEF routing.
Writing XDEF routing logical nets.
Writing XDEF routing special nets.
Write XDEF Complete: Time (s): cpu = 00:00:00 ; elapsed = 00:00:00.048 . Memory (MB): peak = 2130.977 ; gain = 0.000
Netlist sorting complete. Time (s): cpu = 00:00:00 ; elapsed = 00:00:00.003 . Memory (MB): peak = 2130.977 ; gain = 0.000
[Sun Jul 26 15:16:42 2026] Launched impl_1...
Run output will be captured here: E:/FPGA/project/smart_car_pld2026/my_car/prj/prj.runs/impl_1/runme.log
open_hw
connect_hw_server
INFO: [Labtools 27-2285] Connecting to hw_server url TCP:localhost:3121
INFO: [Labtools 27-2222] Launching hw_server...
INFO: [Labtools 27-2221] Launch Output:

****** Xilinx hw_server v2018.3
  **** Build date : Dec  7 2018-00:40:27
    ** Copyright 1986-2018 Xilinx, Inc. All Rights Reserved.


open_hw_target
INFO: [Labtoolstcl 44-466] Opening hw_target localhost:3121/xilinx_tcf/Digilent/210512180081
set_property PROGRAM.FILE {E:/FPGA/project/smart_car_pld2026/my_car/prj/prj.runs/impl_1/top_dual_ov5640_lcd.bit} [get_hw_devices xc7a100t_0]
current_hw_device [get_hw_devices xc7a100t_0]
refresh_hw_device -update_hw_probes false [lindex [get_hw_devices xc7a100t_0] 0]
INFO: [Labtools 27-2302] Device xc7a100t (JTAG device index = 0) is programmed with a design that has 1 IBERT core(s).
set_property PROBES.FILE {} [get_hw_devices xc7a100t_0]
set_property FULL_PROBES.FILE {} [get_hw_devices xc7a100t_0]
set_property PROGRAM.FILE {E:/FPGA/project/smart_car_pld2026/my_car/prj/prj.runs/impl_1/top_dual_ov5640_lcd.bit} [get_hw_devices xc7a100t_0]
program_hw_devices [get_hw_devices xc7a100t_0]
INFO: [Labtools 27-3164] End of startup status: HIGH
refresh_hw_device [lindex [get_hw_devices xc7a100t_0] 0]
INFO: [Labtools 27-1434] Device xc7a100t (JTAG device index = 0) is programmed with a design that has no supported debug core(s) in it.
reset_run impl_1 -prev_step 
launch_runs impl_1 -to_step write_bitstream -jobs 12
INFO: [Vivado 12-4149] The synthesis checkpoint for IP 'E:/FPGA/project/smart_car_pld2026/my_car/prj/prj.srcs/sources_1/ip/rd_fifo/rd_fifo.xci' is already up-to-date
WARNING: [Vivado 12-872] Run step 'Design Initialization' is out-of-date.
[Sun Jul 26 15:23:55 2026] Launched impl_1...
Run output will be captured here: E:/FPGA/project/smart_car_pld2026/my_car/prj/prj.runs/impl_1/runme.log
reset_run synth_1
WARNING: [Vivado 12-1017] Problems encountered:
1. Failed to delete one or more files in run directory E:/FPGA/project/smart_car_pld2026/my_car/prj/prj.runs/synth_1

launch_runs synth_1 -jobs 12
INFO: [Vivado 12-4149] The synthesis checkpoint for IP 'E:/FPGA/project/smart_car_pld2026/my_car/prj/prj.srcs/sources_1/ip/rd_fifo/rd_fifo.xci' is already up-to-date
[Sun Jul 26 15:26:37 2026] Launched synth_1...
Run output will be captured here: E:/FPGA/project/smart_car_pld2026/my_car/prj/prj.runs/synth_1/runme.log
launch_runs impl_1 -jobs 12
INFO: [Vivado 12-4149] The synthesis checkpoint for IP 'E:/FPGA/project/smart_car_pld2026/my_car/prj/prj.srcs/sources_1/ip/rd_fifo/rd_fifo.xci' is already up-to-date
WARNING: [Project 1-478] Design 'synth_1' is stale and will not be used when launching 'impl_1'
[Sun Jul 26 15:27:15 2026] Launched impl_1...
Run output will be captured here: E:/FPGA/project/smart_car_pld2026/my_car/prj/prj.runs/impl_1/runme.log
launch_runs impl_1 -to_step write_bitstream -jobs 12
INFO: [Vivado 12-4149] The synthesis checkpoint for IP 'E:/FPGA/project/smart_car_pld2026/my_car/prj/prj.srcs/sources_1/ip/rd_fifo/rd_fifo.xci' is already up-to-date
[Sun Jul 26 15:28:49 2026] Launched impl_1...
Run output will be captured here: E:/FPGA/project/smart_car_pld2026/my_car/prj/prj.runs/impl_1/runme.log
open_run impl_1
INFO: [Netlist 29-17] Analyzing 781 Unisim elements for replacement
INFO: [Netlist 29-28] Unisim Transformation completed in 0 CPU seconds
INFO: [Project 1-479] Netlist was created with Vivado 2018.3
INFO: [Project 1-570] Preparing netlist for logic optimization
INFO: [Timing 38-478] Restoring timing data from binary archive.
INFO: [Timing 38-479] Binary timing data restore complete.
INFO: [Project 1-856] Restoring constraints from binary archive.
INFO: [Project 1-853] Binary constraint restore complete.
Reading XDEF placement.
Reading placer database...
Reading XDEF routing.
Read XDEF File: Time (s): cpu = 00:00:01 ; elapsed = 00:00:00.677 . Memory (MB): peak = 3354.848 ; gain = 14.621
Restored from archive | CPU: 1.000000 secs | Memory: 0.000000 MB |
Finished XDEF File Restore: Time (s): cpu = 00:00:01 ; elapsed = 00:00:00.677 . Memory (MB): peak = 3354.848 ; gain = 14.621
Netlist sorting complete. Time (s): cpu = 00:00:00 ; elapsed = 00:00:00.003 . Memory (MB): peak = 3354.906 ; gain = 0.000
INFO: [Project 1-111] Unisim Transformation Summary:
  A total of 226 instances were transformed.
  IOBUF => IOBUF (IBUF, OBUFT): 3 instances
  IOBUFDS_DIFF_OUT_INTERMDISABLE => IOBUFDS_DIFF_OUT_INTERMDISABLE (IBUFDS_INTERMDISABLE_INT, IBUFDS_INTERMDISABLE_INT, INV, OBUFTDS, OBUFTDS): 4 instances
  IOBUF_INTERMDISABLE => IOBUF_INTERMDISABLE (IBUF_INTERMDISABLE, OBUFT): 32 instances
  OBUFDS => OBUFDS_DUAL_BUF (INV, OBUFDS, OBUFDS): 1 instances
  RAM32M => RAM32M (RAMD32, RAMD32, RAMD32, RAMD32, RAMD32, RAMD32, RAMS32, RAMS32): 185 instances
  SRLC32E => SRL16E: 1 instances

WARNING: [Timing 38-436] There are set_bus_skew constraint(s) in this design. Please run report_bus_skew to ensure that bus skew requirements are met.
reset_run impl_1 -prev_step 
launch_runs impl_1 -to_step write_bitstream -jobs 12
INFO: [Vivado 12-4149] The synthesis checkpoint for IP 'E:/FPGA/project/smart_car_pld2026/my_car/prj/prj.srcs/sources_1/ip/rd_fifo/rd_fifo.xci' is already up-to-date
[Sun Jul 26 15:29:49 2026] Launched impl_1...
Run output will be captured here: E:/FPGA/project/smart_car_pld2026/my_car/prj/prj.runs/impl_1/runme.log
set_property PROBES.FILE {} [get_hw_devices xc7a100t_0]
set_property FULL_PROBES.FILE {} [get_hw_devices xc7a100t_0]
set_property PROGRAM.FILE {E:/FPGA/project/smart_car_pld2026/my_car/prj/prj.runs/impl_1/top_dual_ov5640_lcd.bit} [get_hw_devices xc7a100t_0]
program_hw_devices [get_hw_devices xc7a100t_0]
INFO: [Labtools 27-3164] End of startup status: HIGH
refresh_hw_device [lindex [get_hw_devices xc7a100t_0] 0]
INFO: [Labtools 27-1434] Device xc7a100t (JTAG device index = 0) is programmed with a design that has no supported debug core(s) in it.
close_sim
INFO: [Simtcl 6-16] Simulation closed
launch_simulation
INFO: [Vivado 12-5698] Checking validity of IPs in the design for the 'XSim' simulator...
INFO: [Vivado 12-5682] Launching behavioral simulation in 'E:/FPGA/project/smart_car_pld2026/my_car/prj/prj.sim/sim_1/behav/xsim'
INFO: [Vivado 12-4795] Using compiled simulation libraries for IPs
INFO: [SIM-utils-51] Simulation object is 'sim_1'
INFO: [USF-XSim-7] Finding pre-compiled libraries...
INFO: [USF-XSim-11] File 'D:/Xilinx/Vivado/2018.3/data/xsim/xsim.ini' copied to run dir:'E:/FPGA/project/smart_car_pld2026/my_car/prj/prj.sim/sim_1/behav/xsim'
INFO: [SIM-utils-54] Inspecting design source files for 'top_dual_ov5640_lcd' in fileset 'sim_1'...
INFO: [USF-XSim-97] Finding global include files...
INFO: [USF-XSim-98] Fetching design files from 'sim_1'...
INFO: [USF-XSim-2] XSim::Compile design
INFO: [USF-XSim-61] Executing 'COMPILE and ANALYZE' step in 'E:/FPGA/project/smart_car_pld2026/my_car/prj/prj.sim/sim_1/behav/xsim'
"xvlog --incr --relax -prj top_dual_ov5640_lcd_vlog.prj"
INFO: [VRFC 10-2263] Analyzing Verilog file "E:/FPGA/project/smart_car_pld2026/my_car/prj/prj.srcs/sources_1/ip/clk_wiz_0/clk_wiz_0_clk_wiz.v" into library xil_defaultlib
INFO: [VRFC 10-311] analyzing module clk_wiz_0_clk_wiz
INFO: [VRFC 10-2263] Analyzing Verilog file "E:/FPGA/project/smart_car_pld2026/my_car/prj/prj.srcs/sources_1/ip/clk_wiz_0/clk_wiz_0.v" into library xil_defaultlib
INFO: [VRFC 10-311] analyzing module clk_wiz_0
INFO: [VRFC 10-2263] Analyzing Verilog file "E:/FPGA/project/smart_car_pld2026/my_car/prj/prj.srcs/sources_1/ip/wr_fifo/sim/wr_fifo.v" into library xil_defaultlib
INFO: [VRFC 10-311] analyzing module wr_fifo
INFO: [VRFC 10-2263] Analyzing Verilog file "E:/FPGA/project/smart_car_pld2026/my_car/prj/prj.srcs/sources_1/ip/rd_fifo/sim/rd_fifo.v" into library xil_defaultlib
INFO: [VRFC 10-311] analyzing module rd_fifo
INFO: [VRFC 10-2263] Analyzing Verilog file "E:/FPGA/project/smart_car_pld2026/my_car/prj/prj.srcs/sources_1/ip/mig_7series_0/mig_7series_0/user_design/rtl/clocking/mig_7series_v4_2_clk_ibuf.v" into library xil_defaultlib
INFO: [VRFC 10-311] analyzing module mig_7series_v4_2_clk_ibuf
INFO: [VRFC 10-2263] Analyzing Verilog file "E:/FPGA/project/smart_car_pld2026/my_car/prj/prj.srcs/sources_1/ip/mig_7series_0/mig_7series_0/user_design/rtl/clocking/mig_7series_v4_2_infrastructure.v" into library xil_defaultlib
INFO: [VRFC 10-311] analyzing module mig_7series_v4_2_infrastructure
INFO: [VRFC 10-2263] Analyzing Verilog file "E:/FPGA/project/smart_car_pld2026/my_car/prj/prj.srcs/sources_1/ip/mig_7series_0/mig_7series_0/user_design/rtl/clocking/mig_7series_v4_2_iodelay_ctrl.v" into library xil_defaultlib
INFO: [VRFC 10-311] analyzing module mig_7series_v4_2_iodelay_ctrl
INFO: [VRFC 10-2263] Analyzing Verilog file "E:/FPGA/project/smart_car_pld2026/my_car/prj/prj.srcs/sources_1/ip/mig_7series_0/mig_7series_0/user_design/rtl/clocking/mig_7series_v4_2_tempmon.v" into library xil_defaultlib
INFO: [VRFC 10-311] analyzing module mig_7series_v4_2_tempmon
INFO: [VRFC 10-2263] Analyzing Verilog file "E:/FPGA/project/smart_car_pld2026/my_car/prj/prj.srcs/sources_1/ip/mig_7series_0/mig_7series_0/user_design/rtl/controller/mig_7series_v4_2_arb_mux.v" into library xil_defaultlib
INFO: [VRFC 10-311] analyzing module mig_7series_v4_2_arb_mux
INFO: [VRFC 10-2263] Analyzing Verilog file "E:/FPGA/project/smart_car_pld2026/my_car/prj/prj.srcs/sources_1/ip/mig_7series_0/mig_7series_0/user_design/rtl/controller/mig_7series_v4_2_arb_row_col.v" into library xil_defaultlib
INFO: [VRFC 10-311] analyzing module mig_7series_v4_2_arb_row_col
WARNING: [VRFC 10-2654] begin/end is required for generate-for in this mode of verilog [E:/FPGA/project/smart_car_pld2026/my_car/prj/prj.srcs/sources_1/ip/mig_7series_0/mig_7series_0/user_design/rtl/controller/mig_7series_v4_2_arb_row_col.v:252]
INFO: [VRFC 10-2263] Analyzing Verilog file "E:/FPGA/project/smart_car_pld2026/my_car/prj/prj.srcs/sources_1/ip/mig_7series_0/mig_7series_0/user_design/rtl/controller/mig_7series_v4_2_arb_select.v" into library xil_defaultlib
INFO: [VRFC 10-311] analyzing module mig_7series_v4_2_arb_select
INFO: [VRFC 10-2263] Analyzing Verilog file "E:/FPGA/project/smart_car_pld2026/my_car/prj/prj.srcs/sources_1/ip/mig_7series_0/mig_7series_0/user_design/rtl/controller/mig_7series_v4_2_bank_cntrl.v" into library xil_defaultlib
INFO: [VRFC 10-311] analyzing module mig_7series_v4_2_bank_cntrl
INFO: [VRFC 10-2263] Analyzing Verilog file "E:/FPGA/project/smart_car_pld2026/my_car/prj/prj.srcs/sources_1/ip/mig_7series_0/mig_7series_0/user_design/rtl/controller/mig_7series_v4_2_bank_common.v" into library xil_defaultlib
INFO: [VRFC 10-311] analyzing module mig_7series_v4_2_bank_common
INFO: [VRFC 10-2263] Analyzing Verilog file "E:/FPGA/project/smart_car_pld2026/my_car/prj/prj.srcs/sources_1/ip/mig_7series_0/mig_7series_0/user_design/rtl/controller/mig_7series_v4_2_bank_compare.v" into library xil_defaultlib
INFO: [VRFC 10-311] analyzing module mig_7series_v4_2_bank_compare
INFO: [VRFC 10-2263] Analyzing Verilog file "E:/FPGA/project/smart_car_pld2026/my_car/prj/prj.srcs/sources_1/ip/mig_7series_0/mig_7series_0/user_design/rtl/controller/mig_7series_v4_2_bank_mach.v" into library xil_defaultlib
INFO: [VRFC 10-311] analyzing module mig_7series_v4_2_bank_mach
INFO: [VRFC 10-2263] Analyzing Verilog file "E:/FPGA/project/smart_car_pld2026/my_car/prj/prj.srcs/sources_1/ip/mig_7series_0/mig_7series_0/user_design/rtl/controller/mig_7series_v4_2_bank_queue.v" into library xil_defaultlib
INFO: [VRFC 10-311] analyzing module mig_7series_v4_2_bank_queue
INFO: [VRFC 10-2263] Analyzing Verilog file "E:/FPGA/project/smart_car_pld2026/my_car/prj/prj.srcs/sources_1/ip/mig_7series_0/mig_7series_0/user_design/rtl/controller/mig_7series_v4_2_bank_state.v" into library xil_defaultlib
INFO: [VRFC 10-311] analyzing module mig_7series_v4_2_bank_state
INFO: [VRFC 10-2263] Analyzing Verilog file "E:/FPGA/project/smart_car_pld2026/my_car/prj/prj.srcs/sources_1/ip/mig_7series_0/mig_7series_0/user_design/rtl/controller/mig_7series_v4_2_col_mach.v" into library xil_defaultlib
INFO: [VRFC 10-311] analyzing module mig_7series_v4_2_col_mach
INFO: [VRFC 10-2263] Analyzing Verilog file "E:/FPGA/project/smart_car_pld2026/my_car/prj/prj.srcs/sources_1/ip/mig_7series_0/mig_7series_0/user_design/rtl/controller/mig_7series_v4_2_mc.v" into library xil_defaultlib
INFO: [VRFC 10-311] analyzing module mig_7series_v4_2_mc
INFO: [VRFC 10-2263] Analyzing Verilog file "E:/FPGA/project/smart_car_pld2026/my_car/prj/prj.srcs/sources_1/ip/mig_7series_0/mig_7series_0/user_design/rtl/controller/mig_7series_v4_2_rank_cntrl.v" into library xil_defaultlib
INFO: [VRFC 10-311] analyzing module mig_7series_v4_2_rank_cntrl
INFO: [VRFC 10-2263] Analyzing Verilog file "E:/FPGA/project/smart_car_pld2026/my_car/prj/prj.srcs/sources_1/ip/mig_7series_0/mig_7series_0/user_design/rtl/controller/mig_7series_v4_2_rank_common.v" into library xil_defaultlib
INFO: [VRFC 10-311] analyzing module mig_7series_v4_2_rank_common
INFO: [VRFC 10-2263] Analyzing Verilog file "E:/FPGA/project/smart_car_pld2026/my_car/prj/prj.srcs/sources_1/ip/mig_7series_0/mig_7series_0/user_design/rtl/controller/mig_7series_v4_2_rank_mach.v" into library xil_defaultlib
INFO: [VRFC 10-311] analyzing module mig_7series_v4_2_rank_mach
INFO: [VRFC 10-2263] Analyzing Verilog file "E:/FPGA/project/smart_car_pld2026/my_car/prj/prj.srcs/sources_1/ip/mig_7series_0/mig_7series_0/user_design/rtl/controller/mig_7series_v4_2_round_robin_arb.v" into library xil_defaultlib
INFO: [VRFC 10-311] analyzing module mig_7series_v4_2_round_robin_arb
INFO: [VRFC 10-2263] Analyzing Verilog file "E:/FPGA/project/smart_car_pld2026/my_car/prj/prj.srcs/sources_1/ip/mig_7series_0/mig_7series_0/user_design/rtl/ecc/mig_7series_v4_2_ecc_buf.v" into library xil_defaultlib
INFO: [VRFC 10-311] analyzing module mig_7series_v4_2_ecc_buf
INFO: [VRFC 10-2263] Analyzing Verilog file "E:/FPGA/project/smart_car_pld2026/my_car/prj/prj.srcs/sources_1/ip/mig_7series_0/mig_7series_0/user_design/rtl/ecc/mig_7series_v4_2_ecc_dec_fix.v" into library xil_defaultlib
INFO: [VRFC 10-311] analyzing module mig_7series_v4_2_ecc_dec_fix
INFO: [VRFC 10-2263] Analyzing Verilog file "E:/FPGA/project/smart_car_pld2026/my_car/prj/prj.srcs/sources_1/ip/mig_7series_0/mig_7series_0/user_design/rtl/ecc/mig_7series_v4_2_ecc_gen.v" into library xil_defaultlib
INFO: [VRFC 10-311] analyzing module mig_7series_v4_2_ecc_gen
INFO: [VRFC 10-2263] Analyzing Verilog file "E:/FPGA/project/smart_car_pld2026/my_car/prj/prj.srcs/sources_1/ip/mig_7series_0/mig_7series_0/user_design/rtl/ecc/mig_7series_v4_2_ecc_merge_enc.v" into library xil_defaultlib
INFO: [VRFC 10-311] analyzing module mig_7series_v4_2_ecc_merge_enc
INFO: [VRFC 10-2263] Analyzing Verilog file "E:/FPGA/project/smart_car_pld2026/my_car/prj/prj.srcs/sources_1/ip/mig_7series_0/mig_7series_0/user_design/rtl/ecc/mig_7series_v4_2_fi_xor.v" into library xil_defaultlib
INFO: [VRFC 10-311] analyzing module mig_7series_v4_2_fi_xor
INFO: [VRFC 10-2263] Analyzing Verilog file "E:/FPGA/project/smart_car_pld2026/my_car/prj/prj.srcs/sources_1/ip/mig_7series_0/mig_7series_0/user_design/rtl/ip_top/mig_7series_v4_2_memc_ui_top_std.v" into library xil_defaultlib
INFO: [VRFC 10-311] analyzing module mig_7series_v4_2_memc_ui_top_std
INFO: [VRFC 10-2263] Analyzing Verilog file "E:/FPGA/project/smart_car_pld2026/my_car/prj/prj.srcs/sources_1/ip/mig_7series_0/mig_7series_0/user_design/rtl/ip_top/mig_7series_v4_2_mem_intfc.v" into library xil_defaultlib
INFO: [VRFC 10-311] analyzing module mig_7series_v4_2_mem_intfc
INFO: [VRFC 10-2263] Analyzing Verilog file "E:/FPGA/project/smart_car_pld2026/my_car/prj/prj.srcs/sources_1/ip/mig_7series_0/mig_7series_0/user_design/rtl/phy/mig_7series_v4_2_ddr_byte_group_io.v" into library xil_defaultlib
INFO: [VRFC 10-311] analyzing module mig_7series_v4_2_ddr_byte_group_io
INFO: [VRFC 10-2263] Analyzing Verilog file "E:/FPGA/project/smart_car_pld2026/my_car/prj/prj.srcs/sources_1/ip/mig_7series_0/mig_7series_0/user_design/rtl/phy/mig_7series_v4_2_ddr_byte_lane.v" into library xil_defaultlib
INFO: [VRFC 10-311] analyzing module mig_7series_v4_2_ddr_byte_lane
INFO: [VRFC 10-2263] Analyzing Verilog file "E:/FPGA/project/smart_car_pld2026/my_car/prj/prj.srcs/sources_1/ip/mig_7series_0/mig_7series_0/user_design/rtl/phy/mig_7series_v4_2_ddr_calib_top.v" into library xil_defaultlib
INFO: [VRFC 10-311] analyzing module mig_7series_v4_2_ddr_calib_top
INFO: [VRFC 10-2263] Analyzing Verilog file "E:/FPGA/project/smart_car_pld2026/my_car/prj/prj.srcs/sources_1/ip/mig_7series_0/mig_7series_0/user_design/rtl/phy/mig_7series_v4_2_ddr_if_post_fifo.v" into library xil_defaultlib
INFO: [VRFC 10-311] analyzing module mig_7series_v4_2_ddr_if_post_fifo
INFO: [VRFC 10-2263] Analyzing Verilog file "E:/FPGA/project/smart_car_pld2026/my_car/prj/prj.srcs/sources_1/ip/mig_7series_0/mig_7series_0/user_design/rtl/phy/mig_7series_v4_2_ddr_mc_phy.v" into library xil_defaultlib
INFO: [VRFC 10-311] analyzing module mig_7series_v4_2_ddr_mc_phy
INFO: [VRFC 10-2263] Analyzing Verilog file "E:/FPGA/project/smart_car_pld2026/my_car/prj/prj.srcs/sources_1/ip/mig_7series_0/mig_7series_0/user_design/rtl/phy/mig_7series_v4_2_ddr_mc_phy_wrapper.v" into library xil_defaultlib
INFO: [VRFC 10-311] analyzing module mig_7series_v4_2_ddr_mc_phy_wrapper
INFO: [VRFC 10-2263] Analyzing Verilog file "E:/FPGA/project/smart_car_pld2026/my_car/prj/prj.srcs/sources_1/ip/mig_7series_0/mig_7series_0/user_design/rtl/phy/mig_7series_v4_2_ddr_of_pre_fifo.v" into library xil_defaultlib
INFO: [VRFC 10-311] analyzing module mig_7series_v4_2_ddr_of_pre_fifo
INFO: [VRFC 10-2263] Analyzing Verilog file "E:/FPGA/project/smart_car_pld2026/my_car/prj/prj.srcs/sources_1/ip/mig_7series_0/mig_7series_0/user_design/rtl/phy/mig_7series_v4_2_ddr_phy_4lanes.v" into library xil_defaultlib
INFO: [VRFC 10-311] analyzing module mig_7series_v4_2_ddr_phy_4lanes
INFO: [VRFC 10-2263] Analyzing Verilog file "E:/FPGA/project/smart_car_pld2026/my_car/prj/prj.srcs/sources_1/ip/mig_7series_0/mig_7series_0/user_design/rtl/phy/mig_7series_v4_2_ddr_phy_ck_addr_cmd_delay.v" into library xil_defaultlib
INFO: [VRFC 10-311] analyzing module mig_7series_v4_2_ddr_phy_ck_addr_cmd_delay
INFO: [VRFC 10-2263] Analyzing Verilog file "E:/FPGA/project/smart_car_pld2026/my_car/prj/prj.srcs/sources_1/ip/mig_7series_0/mig_7series_0/user_design/rtl/phy/mig_7series_v4_2_ddr_phy_dqs_found_cal.v" into library xil_defaultlib
INFO: [VRFC 10-311] analyzing module mig_7series_v4_2_ddr_phy_dqs_found_cal
INFO: [VRFC 10-2263] Analyzing Verilog file "E:/FPGA/project/smart_car_pld2026/my_car/prj/prj.srcs/sources_1/ip/mig_7series_0/mig_7series_0/user_design/rtl/phy/mig_7series_v4_2_ddr_phy_dqs_found_cal_hr.v" into library xil_defaultlib
INFO: [VRFC 10-311] analyzing module mig_7series_v4_2_ddr_phy_dqs_found_cal_hr
INFO: [VRFC 10-2263] Analyzing Verilog file "E:/FPGA/project/smart_car_pld2026/my_car/prj/prj.srcs/sources_1/ip/mig_7series_0/mig_7series_0/user_design/rtl/phy/mig_7series_v4_2_ddr_phy_init.v" into library xil_defaultlib
INFO: [VRFC 10-311] analyzing module mig_7series_v4_2_ddr_phy_init
INFO: [VRFC 10-2263] Analyzing Verilog file "E:/FPGA/project/smart_car_pld2026/my_car/prj/prj.srcs/sources_1/ip/mig_7series_0/mig_7series_0/user_design/rtl/phy/mig_7series_v4_2_ddr_phy_ocd_cntlr.v" into library xil_defaultlib
INFO: [VRFC 10-311] analyzing module mig_7series_v4_2_ddr_phy_ocd_cntlr
INFO: [VRFC 10-2263] Analyzing Verilog file "E:/FPGA/project/smart_car_pld2026/my_car/prj/prj.srcs/sources_1/ip/mig_7series_0/mig_7series_0/user_design/rtl/phy/mig_7series_v4_2_ddr_phy_ocd_data.v" into library xil_defaultlib
INFO: [VRFC 10-311] analyzing module mig_7series_v4_2_ddr_phy_ocd_data
INFO: [VRFC 10-2263] Analyzing Verilog file "E:/FPGA/project/smart_car_pld2026/my_car/prj/prj.srcs/sources_1/ip/mig_7series_0/mig_7series_0/user_design/rtl/phy/mig_7series_v4_2_ddr_phy_ocd_edge.v" into library xil_defaultlib
INFO: [VRFC 10-311] analyzing module mig_7series_v4_2_ddr_phy_ocd_edge
INFO: [VRFC 10-2263] Analyzing Verilog file "E:/FPGA/project/smart_car_pld2026/my_car/prj/prj.srcs/sources_1/ip/mig_7series_0/mig_7series_0/user_design/rtl/phy/mig_7series_v4_2_ddr_phy_ocd_lim.v" into library xil_defaultlib
INFO: [VRFC 10-311] analyzing module mig_7series_v4_2_ddr_phy_ocd_lim
INFO: [VRFC 10-2263] Analyzing Verilog file "E:/FPGA/project/smart_car_pld2026/my_car/prj/prj.srcs/sources_1/ip/mig_7series_0/mig_7series_0/user_design/rtl/phy/mig_7series_v4_2_ddr_phy_ocd_mux.v" into library xil_defaultlib
INFO: [VRFC 10-311] analyzing module mig_7series_v4_2_ddr_phy_ocd_mux
INFO: [VRFC 10-2263] Analyzing Verilog file "E:/FPGA/project/smart_car_pld2026/my_car/prj/prj.srcs/sources_1/ip/mig_7series_0/mig_7series_0/user_design/rtl/phy/mig_7series_v4_2_ddr_phy_ocd_po_cntlr.v" into library xil_defaultlib
INFO: [VRFC 10-311] analyzing module mig_7series_v4_2_ddr_phy_ocd_po_cntlr
INFO: [VRFC 10-2263] Analyzing Verilog file "E:/FPGA/project/smart_car_pld2026/my_car/prj/prj.srcs/sources_1/ip/mig_7series_0/mig_7series_0/user_design/rtl/phy/mig_7series_v4_2_ddr_phy_ocd_samp.v" into library xil_defaultlib
INFO: [VRFC 10-311] analyzing module mig_7series_v4_2_ddr_phy_ocd_samp
INFO: [VRFC 10-2263] Analyzing Verilog file "E:/FPGA/project/smart_car_pld2026/my_car/prj/prj.srcs/sources_1/ip/mig_7series_0/mig_7series_0/user_design/rtl/phy/mig_7series_v4_2_ddr_phy_oclkdelay_cal.v" into library xil_defaultlib
INFO: [VRFC 10-311] analyzing module mig_7series_v4_2_ddr_phy_oclkdelay_cal
INFO: [VRFC 10-2263] Analyzing Verilog file "E:/FPGA/project/smart_car_pld2026/my_car/prj/prj.srcs/sources_1/ip/mig_7series_0/mig_7series_0/user_design/rtl/phy/mig_7series_v4_2_ddr_phy_prbs_rdlvl.v" into library xil_defaultlib
INFO: [VRFC 10-311] analyzing module mig_7series_v4_2_ddr_phy_prbs_rdlvl
INFO: [VRFC 10-2263] Analyzing Verilog file "E:/FPGA/project/smart_car_pld2026/my_car/prj/prj.srcs/sources_1/ip/mig_7series_0/mig_7series_0/user_design/rtl/phy/mig_7series_v4_2_ddr_phy_rdlvl.v" into library xil_defaultlib
INFO: [VRFC 10-311] analyzing module mig_7series_v4_2_ddr_phy_rdlvl
INFO: [VRFC 10-2263] Analyzing Verilog file "E:/FPGA/project/smart_car_pld2026/my_car/prj/prj.srcs/sources_1/ip/mig_7series_0/mig_7series_0/user_design/rtl/phy/mig_7series_v4_2_ddr_phy_tempmon.v" into library xil_defaultlib
INFO: [VRFC 10-311] analyzing module mig_7series_v4_2_ddr_phy_tempmon
INFO: [VRFC 10-2263] Analyzing Verilog file "E:/FPGA/project/smart_car_pld2026/my_car/prj/prj.srcs/sources_1/ip/mig_7series_0/mig_7series_0/user_design/rtl/phy/mig_7series_v4_2_ddr_phy_top.v" into library xil_defaultlib
INFO: [VRFC 10-311] analyzing module mig_7series_v4_2_ddr_phy_top
INFO: [VRFC 10-2263] Analyzing Verilog file "E:/FPGA/project/smart_car_pld2026/my_car/prj/prj.srcs/sources_1/ip/mig_7series_0/mig_7series_0/user_design/rtl/phy/mig_7series_v4_2_ddr_phy_wrcal.v" into library xil_defaultlib
INFO: [VRFC 10-311] analyzing module mig_7series_v4_2_ddr_phy_wrcal
INFO: [VRFC 10-2263] Analyzing Verilog file "E:/FPGA/project/smart_car_pld2026/my_car/prj/prj.srcs/sources_1/ip/mig_7series_0/mig_7series_0/user_design/rtl/phy/mig_7series_v4_2_ddr_phy_wrlvl.v" into library xil_defaultlib
INFO: [VRFC 10-311] analyzing module mig_7series_v4_2_ddr_phy_wrlvl
INFO: [VRFC 10-2263] Analyzing Verilog file "E:/FPGA/project/smart_car_pld2026/my_car/prj/prj.srcs/sources_1/ip/mig_7series_0/mig_7series_0/user_design/rtl/phy/mig_7series_v4_2_ddr_phy_wrlvl_off_delay.v" into library xil_defaultlib
INFO: [VRFC 10-311] analyzing module mig_7series_v4_2_ddr_phy_wrlvl_off_delay
INFO: [VRFC 10-2263] Analyzing Verilog file "E:/FPGA/project/smart_car_pld2026/my_car/prj/prj.srcs/sources_1/ip/mig_7series_0/mig_7series_0/user_design/rtl/phy/mig_7series_v4_2_ddr_prbs_gen.v" into library xil_defaultlib
INFO: [VRFC 10-311] analyzing module mig_7series_v4_2_ddr_prbs_gen
INFO: [VRFC 10-2263] Analyzing Verilog file "E:/FPGA/project/smart_car_pld2026/my_car/prj/prj.srcs/sources_1/ip/mig_7series_0/mig_7series_0/user_design/rtl/phy/mig_7series_v4_2_ddr_skip_calib_tap.v" into library xil_defaultlib
INFO: [VRFC 10-311] analyzing module mig_7series_v4_2_ddr_skip_calib_tap
INFO: [VRFC 10-2263] Analyzing Verilog file "E:/FPGA/project/smart_car_pld2026/my_car/prj/prj.srcs/sources_1/ip/mig_7series_0/mig_7series_0/user_design/rtl/phy/mig_7series_v4_2_poc_cc.v" into library xil_defaultlib
INFO: [VRFC 10-311] analyzing module mig_7series_v4_2_poc_cc
INFO: [VRFC 10-2263] Analyzing Verilog file "E:/FPGA/project/smart_car_pld2026/my_car/prj/prj.srcs/sources_1/ip/mig_7series_0/mig_7series_0/user_design/rtl/phy/mig_7series_v4_2_poc_edge_store.v" into library xil_defaultlib
INFO: [VRFC 10-311] analyzing module mig_7series_v4_2_poc_edge_store
INFO: [VRFC 10-2263] Analyzing Verilog file "E:/FPGA/project/smart_car_pld2026/my_car/prj/prj.srcs/sources_1/ip/mig_7series_0/mig_7series_0/user_design/rtl/phy/mig_7series_v4_2_poc_meta.v" into library xil_defaultlib
INFO: [VRFC 10-311] analyzing module mig_7series_v4_2_poc_meta
INFO: [VRFC 10-2263] Analyzing Verilog file "E:/FPGA/project/smart_car_pld2026/my_car/prj/prj.srcs/sources_1/ip/mig_7series_0/mig_7series_0/user_design/rtl/phy/mig_7series_v4_2_poc_pd.v" into library xil_defaultlib
INFO: [VRFC 10-311] analyzing module mig_7series_v4_2_poc_pd
INFO: [VRFC 10-2263] Analyzing Verilog file "E:/FPGA/project/smart_car_pld2026/my_car/prj/prj.srcs/sources_1/ip/mig_7series_0/mig_7series_0/user_design/rtl/phy/mig_7series_v4_2_poc_tap_base.v" into library xil_defaultlib
INFO: [VRFC 10-311] analyzing module mig_7series_v4_2_poc_tap_base
INFO: [VRFC 10-2263] Analyzing Verilog file "E:/FPGA/project/smart_car_pld2026/my_car/prj/prj.srcs/sources_1/ip/mig_7series_0/mig_7series_0/user_design/rtl/phy/mig_7series_v4_2_poc_top.v" into library xil_defaultlib
INFO: [VRFC 10-311] analyzing module mig_7series_v4_2_poc_top
INFO: [VRFC 10-2263] Analyzing Verilog file "E:/FPGA/project/smart_car_pld2026/my_car/prj/prj.srcs/sources_1/ip/mig_7series_0/mig_7series_0/user_design/rtl/ui/mig_7series_v4_2_ui_cmd.v" into library xil_defaultlib
INFO: [VRFC 10-311] analyzing module mig_7series_v4_2_ui_cmd
INFO: [VRFC 10-2263] Analyzing Verilog file "E:/FPGA/project/smart_car_pld2026/my_car/prj/prj.srcs/sources_1/ip/mig_7series_0/mig_7series_0/user_design/rtl/ui/mig_7series_v4_2_ui_rd_data.v" into library xil_defaultlib
INFO: [VRFC 10-311] analyzing module mig_7series_v4_2_ui_rd_data
INFO: [VRFC 10-2263] Analyzing Verilog file "E:/FPGA/project/smart_car_pld2026/my_car/prj/prj.srcs/sources_1/ip/mig_7series_0/mig_7series_0/user_design/rtl/ui/mig_7series_v4_2_ui_top.v" into library xil_defaultlib
INFO: [VRFC 10-311] analyzing module mig_7series_v4_2_ui_top
INFO: [VRFC 10-2263] Analyzing Verilog file "E:/FPGA/project/smart_car_pld2026/my_car/prj/prj.srcs/sources_1/ip/mig_7series_0/mig_7series_0/user_design/rtl/ui/mig_7series_v4_2_ui_wr_data.v" into library xil_defaultlib
INFO: [VRFC 10-311] analyzing module mig_7series_v4_2_ui_wr_data
INFO: [VRFC 10-2263] Analyzing Verilog file "E:/FPGA/project/smart_car_pld2026/my_car/prj/prj.srcs/sources_1/ip/mig_7series_0/mig_7series_0/user_design/rtl/mig_7series_0_mig_sim.v" into library xil_defaultlib
INFO: [VRFC 10-311] analyzing module mig_7series_0_mig
INFO: [VRFC 10-2458] undeclared symbol dbg_sel_po_incdec, assumed default net type wire [E:/FPGA/project/smart_car_pld2026/my_car/prj/prj.srcs/sources_1/ip/mig_7series_0/mig_7series_0/user_design/rtl/mig_7series_0_mig_sim.v:1096]
INFO: [VRFC 10-2458] undeclared symbol dbg_po_f_inc, assumed default net type wire [E:/FPGA/project/smart_car_pld2026/my_car/prj/prj.srcs/sources_1/ip/mig_7series_0/mig_7series_0/user_design/rtl/mig_7series_0_mig_sim.v:1100]
INFO: [VRFC 10-2458] undeclared symbol dbg_po_f_stg23_sel, assumed default net type wire [E:/FPGA/project/smart_car_pld2026/my_car/prj/prj.srcs/sources_1/ip/mig_7series_0/mig_7series_0/user_design/rtl/mig_7series_0_mig_sim.v:1101]
INFO: [VRFC 10-2458] undeclared symbol dbg_po_f_dec, assumed default net type wire [E:/FPGA/project/smart_car_pld2026/my_car/prj/prj.srcs/sources_1/ip/mig_7series_0/mig_7series_0/user_design/rtl/mig_7series_0_mig_sim.v:1102]
INFO: [VRFC 10-2263] Analyzing Verilog file "E:/FPGA/project/smart_car_pld2026/my_car/prj/prj.srcs/sources_1/ip/mig_7series_0/mig_7series_0/user_design/rtl/mig_7series_0.v" into library xil_defaultlib
INFO: [VRFC 10-311] analyzing module mig_7series_0
INFO: [VRFC 10-2263] Analyzing Verilog file "E:/FPGA/project/smart_car_pld2026/my_car/rtl/lcd_rgb_top/clk_div.v" into library xil_defaultlib
INFO: [VRFC 10-311] analyzing module clk_div
INFO: [VRFC 10-2263] Analyzing Verilog file "E:/FPGA/project/smart_car_pld2026/my_car/rtl/ov5640_dri/cmos_capture_data.v" into library xil_defaultlib
INFO: [VRFC 10-311] analyzing module cmos_capture_data
INFO: [VRFC 10-2263] Analyzing Verilog file "E:/FPGA/project/smart_car_pld2026/my_car/rtl/sensor_link/ctrl_link_tx.v" into library xil_defaultlib
INFO: [VRFC 10-311] analyzing module ctrl_link_tx
INFO: [VRFC 10-2263] Analyzing Verilog file "E:/FPGA/project/smart_car_pld2026/my_car/rtl/ddr3_top/ddr3_fifo_ctrl.v" into library xil_defaultlib
INFO: [VRFC 10-311] analyzing module ddr3_fifo_ctrl
INFO: [VRFC 10-2263] Analyzing Verilog file "E:/FPGA/project/smart_car_pld2026/my_car/rtl/ddr3_top/ddr3_fifo_ctrl_top.v" into library xil_defaultlib
INFO: [VRFC 10-311] analyzing module ddr3_fifo_ctrl_top
WARNING: [VRFC 10-3676] redeclaration of ansi port 'wfifo_dout' is not allowed [E:/FPGA/project/smart_car_pld2026/my_car/rtl/ddr3_top/ddr3_fifo_ctrl_top.v:60]
WARNING: [VRFC 10-3676] redeclaration of ansi port 'wfifo_rcount_1' is not allowed [E:/FPGA/project/smart_car_pld2026/my_car/rtl/ddr3_top/ddr3_fifo_ctrl_top.v:63]
WARNING: [VRFC 10-3676] redeclaration of ansi port 'wfifo_rcount_2' is not allowed [E:/FPGA/project/smart_car_pld2026/my_car/rtl/ddr3_top/ddr3_fifo_ctrl_top.v:64]
WARNING: [VRFC 10-3676] redeclaration of ansi port 'rfifo_wcount_1' is not allowed [E:/FPGA/project/smart_car_pld2026/my_car/rtl/ddr3_top/ddr3_fifo_ctrl_top.v:65]
WARNING: [VRFC 10-3676] redeclaration of ansi port 'rfifo_wcount_2' is not allowed [E:/FPGA/project/smart_car_pld2026/my_car/rtl/ddr3_top/ddr3_fifo_ctrl_top.v:66]
INFO: [VRFC 10-2263] Analyzing Verilog file "E:/FPGA/project/smart_car_pld2026/my_car/rtl/ddr3_top/ddr3_rw.v" into library xil_defaultlib
INFO: [VRFC 10-311] analyzing module ddr3_rw
WARNING: [VRFC 10-3676] redeclaration of ansi port 'app_addr' is not allowed [E:/FPGA/project/smart_car_pld2026/my_car/rtl/ddr3_top/ddr3_rw.v:70]
WARNING: [VRFC 10-3676] redeclaration of ansi port 'rfifo_wdata_1' is not allowed [E:/FPGA/project/smart_car_pld2026/my_car/rtl/ddr3_top/ddr3_rw.v:81]
WARNING: [VRFC 10-3676] redeclaration of ansi port 'rfifo_wdata_2' is not allowed [E:/FPGA/project/smart_car_pld2026/my_car/rtl/ddr3_top/ddr3_rw.v:82]
WARNING: [VRFC 10-3676] redeclaration of ansi port 'rfifo_wren_1' is not allowed [E:/FPGA/project/smart_car_pld2026/my_car/rtl/ddr3_top/ddr3_rw.v:98]
WARNING: [VRFC 10-3676] redeclaration of ansi port 'rfifo_wren_2' is not allowed [E:/FPGA/project/smart_car_pld2026/my_car/rtl/ddr3_top/ddr3_rw.v:99]
INFO: [VRFC 10-2263] Analyzing Verilog file "E:/FPGA/project/smart_car_pld2026/my_car/rtl/ddr3_top/ddr3_top.v" into library xil_defaultlib
INFO: [VRFC 10-311] analyzing module ddr3_top
INFO: [VRFC 10-2458] undeclared symbol rfifo_wren_1, assumed default net type wire [E:/FPGA/project/smart_car_pld2026/my_car/rtl/ddr3_top/ddr3_top.v:123]
INFO: [VRFC 10-2458] undeclared symbol rfifo_wren_2, assumed default net type wire [E:/FPGA/project/smart_car_pld2026/my_car/rtl/ddr3_top/ddr3_top.v:125]
INFO: [VRFC 10-2458] undeclared symbol wfifo_rden_1, assumed default net type wire [E:/FPGA/project/smart_car_pld2026/my_car/rtl/ddr3_top/ddr3_top.v:127]
INFO: [VRFC 10-2458] undeclared symbol wfifo_rden_2, assumed default net type wire [E:/FPGA/project/smart_car_pld2026/my_car/rtl/ddr3_top/ddr3_top.v:128]
INFO: [VRFC 10-2263] Analyzing Verilog file "E:/FPGA/project/smart_car_pld2026/my_car/rtl/green_detect.v" into library xil_defaultlib
INFO: [VRFC 10-311] analyzing module green_detect
INFO: [VRFC 10-2263] Analyzing Verilog file "E:/FPGA/project/smart_car_pld2026/my_car/rtl/ov5640_dri/i2c_dri.v" into library xil_defaultlib
INFO: [VRFC 10-311] analyzing module i2c_dri
INFO: [VRFC 10-2263] Analyzing Verilog file "E:/FPGA/project/smart_car_pld2026/my_car/rtl/ov5640_dri/i2c_ov5640_rgb565_cfg.v" into library xil_defaultlib
INFO: [VRFC 10-311] analyzing module i2c_ov5640_rgb565_cfg
INFO: [VRFC 10-2263] Analyzing Verilog file "E:/FPGA/project/smart_car_pld2026/my_car/rtl/lcd_rgb_top/lcd_disply.v" into library xil_defaultlib
INFO: [VRFC 10-311] analyzing module lcd_disply
INFO: [VRFC 10-2263] Analyzing Verilog file "E:/FPGA/project/smart_car_pld2026/my_car/rtl/lcd_rgb_top/lcd_driver.v" into library xil_defaultlib
INFO: [VRFC 10-311] analyzing module lcd_driver
INFO: [VRFC 10-2263] Analyzing Verilog file "E:/FPGA/project/smart_car_pld2026/my_car/rtl/lcd_rgb_top/lcd_rgb_top.v" into library xil_defaultlib
INFO: [VRFC 10-311] analyzing module lcd_rgb_top
INFO: [VRFC 10-2263] Analyzing Verilog file "E:/FPGA/project/smart_car_pld2026/my_car/rtl/ov5640_dri/ov5640_dri.v" into library xil_defaultlib
INFO: [VRFC 10-311] analyzing module ov5640_dri
INFO: [VRFC 10-2263] Analyzing Verilog file "E:/FPGA/project/smart_car_pld2026/my_car/rtl/picture_size.v" into library xil_defaultlib
INFO: [VRFC 10-311] analyzing module picture_size
INFO: [VRFC 10-2263] Analyzing Verilog file "E:/FPGA/project/smart_car_pld2026/my_car/rtl/lcd_rgb_top/rd_id.v" into library xil_defaultlib
INFO: [VRFC 10-311] analyzing module rd_id
INFO: [VRFC 10-2263] Analyzing Verilog file "E:/FPGA/project/smart_car_pld2026/my_car/rtl/sensor_link/sensor_link.v" into library xil_defaultlib
INFO: [VRFC 10-311] analyzing module sensor_link
INFO: [VRFC 10-2263] Analyzing Verilog file "E:/FPGA/project/smart_car_pld2026/my_car/rtl/sensor_link/sl_uart_rx.v" into library xil_defaultlib
INFO: [VRFC 10-311] analyzing module sl_uart_rx
WARNING: [VRFC 10-3380] identifier 'S_IDLE' is used before its declaration [E:/FPGA/project/smart_car_pld2026/my_car/rtl/sensor_link/sl_uart_rx.v:22]
INFO: [VRFC 10-2263] Analyzing Verilog file "E:/FPGA/project/smart_car_pld2026/my_car/rtl/sensor_link/sl_uart_tx.v" into library xil_defaultlib
INFO: [VRFC 10-311] analyzing module sl_uart_tx
INFO: [VRFC 10-2263] Analyzing Verilog file "E:/FPGA/project/smart_car_pld2026/my_car/rtl/sensor_link/v1_decode.v" into library xil_defaultlib
INFO: [VRFC 10-311] analyzing module v1_decode
INFO: [VRFC 10-2263] Analyzing Verilog file "E:/FPGA/project/smart_car_pld2026/my_car/rtl/top_dual_ov5640_lcd.v" into library xil_defaultlib
INFO: [VRFC 10-311] analyzing module top_dual_ov5640_lcd
INFO: [VRFC 10-2458] undeclared symbol rd_vsync, assumed default net type wire [E:/FPGA/project/smart_car_pld2026/my_car/rtl/top_dual_ov5640_lcd.v:277]
"xvhdl --incr --relax -prj top_dual_ov5640_lcd_vhdl.prj"
run_program: Time (s): cpu = 00:00:00 ; elapsed = 00:00:12 . Memory (MB): peak = 3773.047 ; gain = 0.000
INFO: [USF-XSim-69] 'compile' step finished in '12' seconds
INFO: [USF-XSim-3] XSim::Elaborate design
INFO: [USF-XSim-61] Executing 'ELABORATE' step in 'E:/FPGA/project/smart_car_pld2026/my_car/prj/prj.sim/sim_1/behav/xsim'
Vivado Simulator 2018.3
Copyright 1986-1999, 2001-2018 Xilinx, Inc. All Rights Reserved.
Running: D:/Xilinx/Vivado/2018.3/bin/unwrapped/win64.o/xelab.exe -wto 90cd3ee7bb314f9c9041c02b75cdbebc --incr --debug typical --relax --mt 2 -L xil_defaultlib -L fifo_generator_v13_2_3 -L unisims_ver -L unimacro_ver -L secureip -L xpm --snapshot top_dual_ov5640_lcd_behav xil_defaultlib.top_dual_ov5640_lcd xil_defaultlib.glbl -log elaborate.log 
Using 2 slave threads.
Starting static elaboration
WARNING: [VRFC 10-3091] actual bit length 12 differs from formal bit length 13 for port 'cmos_h_pixel' [E:/FPGA/project/smart_car_pld2026/my_car/rtl/top_dual_ov5640_lcd.v:169]
WARNING: [VRFC 10-3091] actual bit length 12 differs from formal bit length 13 for port 'cmos_h_pixel' [E:/FPGA/project/smart_car_pld2026/my_car/rtl/top_dual_ov5640_lcd.v:196]
WARNING: [VRFC 10-3091] actual bit length 26 differs from formal bit length 28 for port 'app_addr_rd_max' [E:/FPGA/project/smart_car_pld2026/my_car/rtl/top_dual_ov5640_lcd.v:238]
WARNING: [VRFC 10-3091] actual bit length 7 differs from formal bit length 8 for port 'rd_bust_len' [E:/FPGA/project/smart_car_pld2026/my_car/rtl/top_dual_ov5640_lcd.v:239]
WARNING: [VRFC 10-3091] actual bit length 26 differs from formal bit length 28 for port 'app_addr_wr_max' [E:/FPGA/project/smart_car_pld2026/my_car/rtl/top_dual_ov5640_lcd.v:241]
WARNING: [VRFC 10-3091] actual bit length 7 differs from formal bit length 8 for port 'wr_bust_len' [E:/FPGA/project/smart_car_pld2026/my_car/rtl/top_dual_ov5640_lcd.v:242]
WARNING: [VRFC 10-3091] actual bit length 32 differs from formal bit length 1 for port 'app_sr_req' [E:/FPGA/project/smart_car_pld2026/my_car/rtl/ddr3_top/ddr3_top.v:174]
WARNING: [VRFC 10-3091] actual bit length 32 differs from formal bit length 1 for port 'app_ref_req' [E:/FPGA/project/smart_car_pld2026/my_car/rtl/ddr3_top/ddr3_top.v:175]
WARNING: [VRFC 10-3091] actual bit length 32 differs from formal bit length 1 for port 'app_zq_req' [E:/FPGA/project/smart_car_pld2026/my_car/rtl/ddr3_top/ddr3_top.v:176]
WARNING: [VRFC 10-3091] actual bit length 12 differs from formal bit length 8 for port 'pi_dqs_found_lanes' [E:/FPGA/project/smart_car_pld2026/my_car/prj/prj.srcs/sources_1/ip/mig_7series_0/mig_7series_0/user_design/rtl/phy/mig_7series_v4_2_ddr_mc_phy_wrapper.v:1671]
WARNING: [VRFC 10-3091] actual bit length 12 differs from formal bit length 8 for port 'pi_phase_locked_lanes' [E:/FPGA/project/smart_car_pld2026/my_car/prj/prj.srcs/sources_1/ip/mig_7series_0/mig_7series_0/user_design/rtl/phy/mig_7series_v4_2_ddr_mc_phy_wrapper.v:1679]
WARNING: [VRFC 10-3091] actual bit length 12 differs from formal bit length 8 for port 'pi_dqs_found_lanes' [E:/FPGA/project/smart_car_pld2026/my_car/prj/prj.srcs/sources_1/ip/mig_7series_0/mig_7series_0/user_design/rtl/phy/mig_7series_v4_2_ddr_phy_top.v:1340]
WARNING: [VRFC 10-3091] actual bit length 11 differs from formal bit length 10 for port 'wfifo_rcount' [E:/FPGA/project/smart_car_pld2026/my_car/rtl/ddr3_top/ddr3_fifo_ctrl_top.v:106]
WARNING: [VRFC 10-3091] actual bit length 11 differs from formal bit length 10 for port 'rfifo_wcount' [E:/FPGA/project/smart_car_pld2026/my_car/rtl/ddr3_top/ddr3_fifo_ctrl_top.v:107]
WARNING: [VRFC 10-3091] actual bit length 10 differs from formal bit length 9 for port 'wr_data_count' [E:/FPGA/project/smart_car_pld2026/my_car/rtl/ddr3_top/ddr3_fifo_ctrl.v:200]
WARNING: [VRFC 10-3091] actual bit length 10 differs from formal bit length 9 for port 'rd_data_count' [E:/FPGA/project/smart_car_pld2026/my_car/rtl/ddr3_top/ddr3_fifo_ctrl.v:215]
WARNING: [VRFC 10-3091] actual bit length 11 differs from formal bit length 10 for port 'wfifo_rcount' [E:/FPGA/project/smart_car_pld2026/my_car/rtl/ddr3_top/ddr3_fifo_ctrl_top.v:128]
WARNING: [VRFC 10-3091] actual bit length 11 differs from formal bit length 10 for port 'rfifo_wcount' [E:/FPGA/project/smart_car_pld2026/my_car/rtl/ddr3_top/ddr3_fifo_ctrl_top.v:129]
WARNING: [VRFC 10-3091] actual bit length 11 differs from formal bit length 13 for port 'rd_h_pixel' [E:/FPGA/project/smart_car_pld2026/my_car/rtl/lcd_rgb_top/lcd_rgb_top.v:120]
Completed static elaboration
Starting simulation data flow analysis
Completed simulation data flow analysis
Time Resolution for simulation is 1fs
Compiling module xil_defaultlib.picture_size
Compiling module xil_defaultlib.i2c_ov5640_rgb565_cfg
Compiling module xil_defaultlib.i2c_dri(SLAVE_ADDR=7'b0111100,CL...
Compiling module xil_defaultlib.cmos_capture_data
Compiling module xil_defaultlib.ov5640_dri
Compiling module xil_defaultlib.green_detect
Compiling module xil_defaultlib.ddr3_rw
Compiling module unisims_ver.IDELAYCTRL_default
Compiling module xil_defaultlib.mig_7series_v4_2_iodelay_ctrl(IO...
Compiling module xil_defaultlib.mig_7series_v4_2_clk_ibuf(SYSCLK...
Compiling module unisims_ver.XADC(INIT_40=16'b01000000000000,...
Compiling module xil_defaultlib.mig_7series_v4_2_tempmon_default
Compiling module unisims_ver.PLLE2_ADV(CLKFBOUT_MULT=4,CLKIN1...
Compiling module unisims_ver.BUFG
Compiling module unisims_ver.BUFH
Compiling module unisims_ver.MMCME2_ADV(BANDWIDTH="HIGH",CLKF...
Compiling module xil_defaultlib.mig_7series_v4_2_infrastructure(...
Compiling module unisims_ver.SRLC32E_default
Compiling module xil_defaultlib.mig_7series_v4_2_rank_cntrl(DQRD...
Compiling module xil_defaultlib.mig_7series_v4_2_round_robin_arb...
Compiling module xil_defaultlib.mig_7series_v4_2_round_robin_arb...
Compiling module xil_defaultlib.mig_7series_v4_2_rank_common(MAI...
Compiling module xil_defaultlib.mig_7series_v4_2_rank_mach(CS_WI...
Compiling module xil_defaultlib.mig_7series_v4_2_bank_compare(CO...
Compiling module xil_defaultlib.mig_7series_v4_2_bank_state(DATA...
Compiling module xil_defaultlib.mig_7series_v4_2_bank_queue(ORDE...
Compiling module xil_defaultlib.mig_7series_v4_2_bank_cntrl(COL_...
Compiling module xil_defaultlib.mig_7series_v4_2_bank_state(DATA...
Compiling module xil_defaultlib.mig_7series_v4_2_bank_queue(ORDE...
Compiling module xil_defaultlib.mig_7series_v4_2_bank_cntrl(COL_...
Compiling module xil_defaultlib.mig_7series_v4_2_bank_state(DATA...
Compiling module xil_defaultlib.mig_7series_v4_2_bank_queue(ORDE...
Compiling module xil_defaultlib.mig_7series_v4_2_bank_cntrl(COL_...
Compiling module xil_defaultlib.mig_7series_v4_2_bank_state(DATA...
Compiling module xil_defaultlib.mig_7series_v4_2_bank_queue(ORDE...
Compiling module xil_defaultlib.mig_7series_v4_2_bank_cntrl(COL_...
Compiling module xil_defaultlib.mig_7series_v4_2_bank_common(LOW...
Compiling module xil_defaultlib.mig_7series_v4_2_round_robin_arb...
Compiling module xil_defaultlib.mig_7series_v4_2_arb_row_col(nCK...
Compiling module xil_defaultlib.mig_7series_v4_2_arb_select(CS_W...
Compiling module xil_defaultlib.mig_7series_v4_2_arb_mux(CS_WIDT...
Compiling module xil_defaultlib.mig_7series_v4_2_bank_mach(COL_W...
Compiling module unisims_ver.RAM32M
Compiling module xil_defaultlib.mig_7series_v4_2_col_mach(COL_WI...
Compiling module xil_defaultlib.mig_7series_v4_2_mc(CL=6,COL_WID...
Compiling module unisims_ver.OBUF
Compiling module unisims_ver.OBUFT
Compiling module unisims_ver.IOBUF_INTERMDISABLE(IBUF_LOW_PWR...
Compiling module unisims_ver.IOBUFDS_DIFF_OUT_INTERMDISABLE(D...
Compiling module unisims_ver.IDDR
Compiling module xil_defaultlib.mig_7series_v4_2_poc_pd_default
Compiling module xil_defaultlib.mig_7series_v4_2_ddr_of_pre_fifo...
Compiling module xil_defaultlib.mig_7series_v4_2_ddr_of_pre_fifo...
Compiling module unisims_ver.BUFIO
Compiling module xil_defaultlib.mig_7series_v4_2_ddr_if_post_fif...
Compiling module xil_defaultlib.mig_7series_v4_2_ddr_of_pre_fifo...
Compiling secureip modules ...
Compiling module unisims_ver.PHASER_IN_PHY(BURST_MODE="TRUE",...
Compiling secureip modules ...
Compiling module unisims_ver.PHASER_OUT_PHY(CLKOUT_DIV=2,DATA...
Compiling secureip modules ...
Compiling module unisims_ver.IN_FIFO
Compiling secureip modules ...
Compiling module unisims_ver.OUT_FIFO
Compiling secureip modules ...
Compiling module unisims_ver.ISERDESE2(INTERFACE_TYPE="MEMORY...
Compiling module unisims_ver.IDELAYE2(HIGH_PERFORMANCE_MODE="...
Compiling secureip modules ...
Compiling module unisims_ver.OSERDESE2(DATA_WIDTH=32'sb0100,I...
Compiling secureip modules ...
Compiling module unisims_ver.OSERDESE2(DATA_WIDTH=32'sb0100,I...
Compiling module unisims_ver.ODDR(DDR_CLK_EDGE="SAME_EDGE")
Compiling module xil_defaultlib.mig_7series_v4_2_ddr_byte_group_...
Compiling module xil_defaultlib.mig_7series_v4_2_ddr_byte_lane(P...
Compiling module xil_defaultlib.mig_7series_v4_2_ddr_byte_group_...
Compiling module xil_defaultlib.mig_7series_v4_2_ddr_byte_lane(A...
Compiling module xil_defaultlib.mig_7series_v4_2_ddr_byte_group_...
Compiling module xil_defaultlib.mig_7series_v4_2_ddr_byte_lane(A...
Compiling module xil_defaultlib.mig_7series_v4_2_ddr_byte_group_...
Compiling module xil_defaultlib.mig_7series_v4_2_ddr_byte_lane(A...
Compiling secureip modules ...
Compiling module unisims_ver.PHY_CONTROL(AO_TOGGLE=1,BURST_MO...
Compiling module unisims_ver.PHASER_REF
Compiling module xil_defaultlib.mig_7series_v4_2_ddr_phy_4lanes(...
Compiling module unisims_ver.PHASER_OUT_PHY(FINE_DELAY=60,MEM...
Compiling module unisims_ver.OUT_FIFO(ARRAY_MODE="ARRAY_MODE_...
Compiling secureip modules ...
Compiling module unisims_ver.OSERDESE2(DATA_RATE_OQ="SDR",DAT...
Compiling module xil_defaultlib.mig_7series_v4_2_ddr_byte_group_...
Compiling module xil_defaultlib.mig_7series_v4_2_ddr_byte_lane(A...
Compiling module xil_defaultlib.mig_7series_v4_2_ddr_byte_group_...
Compiling module xil_defaultlib.mig_7series_v4_2_ddr_byte_lane(A...
Compiling module xil_defaultlib.mig_7series_v4_2_ddr_byte_group_...
Compiling module unisims_ver.OBUFDS
Compiling module xil_defaultlib.mig_7series_v4_2_ddr_byte_lane(A...
Compiling module unisims_ver.PHY_CONTROL(AO_TOGGLE=1,BURST_MO...
Compiling module xil_defaultlib.mig_7series_v4_2_ddr_phy_4lanes(...
Compiling module xil_defaultlib.mig_7series_v4_2_ddr_mc_phy(BYTE...
Compiling module xil_defaultlib.mig_7series_v4_2_ddr_mc_phy_wrap...
Compiling module xil_defaultlib.mig_7series_v4_2_ddr_prbs_gen(DQ...
Compiling module xil_defaultlib.mig_7series_v4_2_ddr_phy_init(tC...
Compiling module xil_defaultlib.mig_7series_v4_2_ddr_phy_wrcal(n...
Compiling module xil_defaultlib.mig_7series_v4_2_ddr_phy_wrlvl(D...
Compiling module xil_defaultlib.mig_7series_v4_2_ddr_phy_ck_addr...
Compiling module xil_defaultlib.mig_7series_v4_2_ddr_phy_dqs_fou...
Compiling module xil_defaultlib.mig_7series_v4_2_ddr_phy_rdlvl(n...
Compiling module xil_defaultlib.mig_7series_v4_2_ddr_phy_prbs_rd...
Compiling module xil_defaultlib.mig_7series_v4_2_ddr_phy_tempmon...
Compiling module xil_defaultlib.mig_7series_v4_2_ddr_calib_top(n...
Compiling module xil_defaultlib.mig_7series_v4_2_ddr_phy_top(DDR...
Compiling module xil_defaultlib.mig_7series_v4_2_mem_intfc(DDR3_...
Compiling module xil_defaultlib.mig_7series_v4_2_ui_cmd(ADDR_WID...
Compiling module xil_defaultlib.mig_7series_v4_2_ui_wr_data(nCK_...
Compiling module xil_defaultlib.mig_7series_v4_2_ui_rd_data(nCK_...
Compiling module xil_defaultlib.mig_7series_v4_2_ui_top(COL_WIDT...
Compiling module xil_defaultlib.mig_7series_v4_2_memc_ui_top_std...
Compiling module xil_defaultlib.mig_7series_0_mig_default
Compiling module xil_defaultlib.mig_7series_0
Compiling module fifo_generator_v13_2_3.fifo_generator_v13_2_3_sync_stag...
Compiling module fifo_generator_v13_2_3.fifo_generator_v13_2_3_bhv_ver_a...
Compiling module fifo_generator_v13_2_3.fifo_generator_v13_2_3_bhv_ver_p...
Compiling module fifo_generator_v13_2_3.fifo_generator_v13_2_3_CONV_VER(...
Compiling module fifo_generator_v13_2_3.fifo_generator_vlog_beh(C_DATA_C...
Compiling module fifo_generator_v13_2_3.fifo_generator_v13_2_3(C_EN_SAFE...
Compiling module xil_defaultlib.rd_fifo
Compiling module xil_defaultlib.wr_fifo
Compiling module xil_defaultlib.ddr3_fifo_ctrl
Compiling module xil_defaultlib.ddr3_fifo_ctrl_top
Compiling module xil_defaultlib.ddr3_top
Compiling module unisims_ver.IBUF
Compiling module unisims_ver.MMCME2_ADV(CLKFBOUT_MULT_F=20.0,...
Compiling module xil_defaultlib.clk_wiz_0_clk_wiz
Compiling module xil_defaultlib.clk_wiz_0
Compiling module xil_defaultlib.clk_div
Compiling module xil_defaultlib.rd_id
Compiling module xil_defaultlib.lcd_driver
Compiling module xil_defaultlib.lcd_disply
Compiling module xil_defaultlib.lcd_rgb_top
Compiling module xil_defaultlib.sl_uart_rx_default
Compiling module xil_defaultlib.v1_decode
Compiling module xil_defaultlib.sl_uart_tx_default
Compiling module xil_defaultlib.ctrl_link_tx_default
Compiling module xil_defaultlib.sensor_link
Compiling module xil_defaultlib.top_dual_ov5640_lcd
Compiling module xil_defaultlib.glbl
Built simulation snapshot top_dual_ov5640_lcd_behav
run_program: Time (s): cpu = 00:00:01 ; elapsed = 00:00:16 . Memory (MB): peak = 3773.047 ; gain = 0.000
INFO: [USF-XSim-69] 'elaborate' step finished in '16' seconds
INFO: [USF-XSim-4] XSim::Simulate design
INFO: [USF-XSim-61] Executing 'SIMULATE' step in 'E:/FPGA/project/smart_car_pld2026/my_car/prj/prj.sim/sim_1/behav/xsim'
INFO: [USF-XSim-98] *** Running xsim
   with args "top_dual_ov5640_lcd_behav -key {Behavioral:sim_1:Functional:top_dual_ov5640_lcd} -tclbatch {top_dual_ov5640_lcd.tcl} -log {simulate.log}"
INFO: [USF-XSim-8] Loading simulator feature
Vivado Simulator 2018.3
Time resolution is 1 fs
source top_dual_ov5640_lcd.tcl
# set curr_wave [current_wave_config]
# if { [string length $curr_wave] == 0 } {
#   if { [llength [get_objects]] > 0} {
#     add_wave /
#     set_property needs_save false [current_wave_config]
#   } else {
#      send_msg_id Add_Wave-1 WARNING "No top level signals found. Simulator will start without a wave window. If you want to open a wave window go to 'File->New Waveform Configuration' or type 'create_wave_config' in the TCL console."
#   }
# }
# run 1000ns
WARNING: file design.txt could not be opened
 *** Warning: The analog data file design.txt for XADC instance top_dual_ov5640_lcd.u_ddr3_top.u_mig_7series_0.u_mig_7series_0_mig.temp_mon_enabled.u_tempmon.xadc_supplied_temperature.XADC_inst was not found. Use the SIM_MONITOR_FILE parameter to specify the analog data file name or use the default name: design.txt.

############# Write Clocks PLLE2_ADV Parameters #############

nCK_PER_CLK      =       4
CLK_PERIOD       =    5000
CLKIN1_PERIOD    =   5.000
DIVCLK_DIVIDE    =       1
CLKFBOUT_MULT    =       4
VCO_PERIOD       =  1250.0
CLKOUT0_DIVIDE_F =       1
CLKOUT1_DIVIDE   =       2
CLKOUT2_DIVIDE   =      32
CLKOUT3_DIVIDE   =       8
CLKOUT0_PERIOD   =    1250
CLKOUT1_PERIOD   =    2500
CLKOUT2_PERIOD   =   40000
CLKOUT3_PERIOD   =   10000
CLKOUT4_PERIOD   =    5000
############################################################

############# MMCME2_ADV Parameters #############

MMCM_MULT_F           =           8
MMCM_VCO_FREQ (MHz)   = 800.000
MMCM_VCO_PERIOD       = 1250.000
#################################################

top_dual_ov5640_lcd.u_ddr3_top.u_mig_7series_0.u_mig_7series_0_mig.u_memc_ui_top_std.mem_intfc0.ddr_phy_top0.u_ddr_mc_phy_wrapper.u_ddr_mc_phy : BYTE_LANES_B0 = f BYTE_LANES_B1 = e DATA_CTL_B0 = f DATA_CTL_B1 = 0
top_dual_ov5640_lcd.u_ddr3_top.u_mig_7series_0.u_mig_7series_0_mig.u_memc_ui_top_std.mem_intfc0.ddr_phy_top0.u_ddr_mc_phy_wrapper.u_ddr_mc_phy : HIGHEST_LANE =           8 HIGHEST_LANE_B0 =           4 HIGHEST_LANE_B1 =           4
top_dual_ov5640_lcd.u_ddr3_top.u_mig_7series_0.u_mig_7series_0_mig.u_memc_ui_top_std.mem_intfc0.ddr_phy_top0.u_ddr_mc_phy_wrapper.u_ddr_mc_phy : HIGHEST_BANK =           2
top_dual_ov5640_lcd.u_ddr3_top.u_mig_7series_0.u_mig_7series_0_mig.u_memc_ui_top_std.mem_intfc0.ddr_phy_top0.u_ddr_mc_phy_wrapper.u_ddr_mc_phy : FREQ_REF_PERIOD         = 1250.00 
top_dual_ov5640_lcd.u_ddr3_top.u_mig_7series_0.u_mig_7series_0_mig.u_memc_ui_top_std.mem_intfc0.ddr_phy_top0.u_ddr_mc_phy_wrapper.u_ddr_mc_phy : DDR_TCK                 = 2500 
top_dual_ov5640_lcd.u_ddr3_top.u_mig_7series_0.u_mig_7series_0_mig.u_memc_ui_top_std.mem_intfc0.ddr_phy_top0.u_ddr_mc_phy_wrapper.u_ddr_mc_phy : PO_S2_TAPS_SIZE         = 9.77 
top_dual_ov5640_lcd.u_ddr3_top.u_mig_7series_0.u_mig_7series_0_mig.u_memc_ui_top_std.mem_intfc0.ddr_phy_top0.u_ddr_mc_phy_wrapper.u_ddr_mc_phy : PO_CIRC_BUF_EARLY       = 1 
top_dual_ov5640_lcd.u_ddr3_top.u_mig_7series_0.u_mig_7series_0_mig.u_memc_ui_top_std.mem_intfc0.ddr_phy_top0.u_ddr_mc_phy_wrapper.u_ddr_mc_phy : PO_CIRC_BUF_OFFSET      = 1219.75 
top_dual_ov5640_lcd.u_ddr3_top.u_mig_7series_0.u_mig_7series_0_mig.u_memc_ui_top_std.mem_intfc0.ddr_phy_top0.u_ddr_mc_phy_wrapper.u_ddr_mc_phy : PO_CIRC_BUF_META_ZONE   = 200.00 
top_dual_ov5640_lcd.u_ddr3_top.u_mig_7series_0.u_mig_7series_0_mig.u_memc_ui_top_std.mem_intfc0.ddr_phy_top0.u_ddr_mc_phy_wrapper.u_ddr_mc_phy : PO_STG2_FINE_INTR_DLY   = 769.25 
top_dual_ov5640_lcd.u_ddr3_top.u_mig_7series_0.u_mig_7series_0_mig.u_memc_ui_top_std.mem_intfc0.ddr_phy_top0.u_ddr_mc_phy_wrapper.u_ddr_mc_phy : PO_STG2_COARSE_INTR_DLY = 511.00 
top_dual_ov5640_lcd.u_ddr3_top.u_mig_7series_0.u_mig_7series_0_mig.u_memc_ui_top_std.mem_intfc0.ddr_phy_top0.u_ddr_mc_phy_wrapper.u_ddr_mc_phy : PO_STG2_INTRINSIC_DELAY = 1280.25 
top_dual_ov5640_lcd.u_ddr3_top.u_mig_7series_0.u_mig_7series_0_mig.u_memc_ui_top_std.mem_intfc0.ddr_phy_top0.u_ddr_mc_phy_wrapper.u_ddr_mc_phy : PO_CIRC_BUF_DELAY       = 60 
top_dual_ov5640_lcd.u_ddr3_top.u_mig_7series_0.u_mig_7series_0_mig.u_memc_ui_top_std.mem_intfc0.ddr_phy_top0.u_ddr_mc_phy_wrapper.u_ddr_mc_phy : PO_INTRINSIC_DELAY      = 1280.25 
top_dual_ov5640_lcd.u_ddr3_top.u_mig_7series_0.u_mig_7series_0_mig.u_memc_ui_top_std.mem_intfc0.ddr_phy_top0.u_ddr_mc_phy_wrapper.u_ddr_mc_phy : PO_DELAY                = 1866.19 
top_dual_ov5640_lcd.u_ddr3_top.u_mig_7series_0.u_mig_7series_0_mig.u_memc_ui_top_std.mem_intfc0.ddr_phy_top0.u_ddr_mc_phy_wrapper.u_ddr_mc_phy : PO_OCLK_DELAY           = 0 
top_dual_ov5640_lcd.u_ddr3_top.u_mig_7series_0.u_mig_7series_0_mig.u_memc_ui_top_std.mem_intfc0.ddr_phy_top0.u_ddr_mc_phy_wrapper.u_ddr_mc_phy : L_PHY_0_PO_FINE_DELAY   = 60 
top_dual_ov5640_lcd.u_ddr3_top.u_mig_7series_0.u_mig_7series_0_mig.u_memc_ui_top_std.mem_intfc0.ddr_phy_top0.u_ddr_mc_phy_wrapper.u_ddr_mc_phy : PI_STG1_INTRINSIC_DELAY = 0.00 
top_dual_ov5640_lcd.u_ddr3_top.u_mig_7series_0.u_mig_7series_0_mig.u_memc_ui_top_std.mem_intfc0.ddr_phy_top0.u_ddr_mc_phy_wrapper.u_ddr_mc_phy : PI_STG2_INTRINSIC_DELAY = 744.00 
top_dual_ov5640_lcd.u_ddr3_top.u_mig_7series_0.u_mig_7series_0_mig.u_memc_ui_top_std.mem_intfc0.ddr_phy_top0.u_ddr_mc_phy_wrapper.u_ddr_mc_phy : PI_INTRINSIC_DELAY      = 744.00 
top_dual_ov5640_lcd.u_ddr3_top.u_mig_7series_0.u_mig_7series_0_mig.u_memc_ui_top_std.mem_intfc0.ddr_phy_top0.u_ddr_mc_phy_wrapper.u_ddr_mc_phy : PI_MAX_STG2_DELAY       = 615.23 
top_dual_ov5640_lcd.u_ddr3_top.u_mig_7series_0.u_mig_7series_0_mig.u_memc_ui_top_std.mem_intfc0.ddr_phy_top0.u_ddr_mc_phy_wrapper.u_ddr_mc_phy : PI_OFFSET               = -78.00 
top_dual_ov5640_lcd.u_ddr3_top.u_mig_7series_0.u_mig_7series_0_mig.u_memc_ui_top_std.mem_intfc0.ddr_phy_top0.u_ddr_mc_phy_wrapper.u_ddr_mc_phy : a negative PI_OFFSET means that rclk path is longer than oclk path so rclk will be delayed to next oclk edge and the negedge of rclk may be used.
top_dual_ov5640_lcd.u_ddr3_top.u_mig_7series_0.u_mig_7series_0_mig.u_memc_ui_top_std.mem_intfc0.ddr_phy_top0.u_ddr_mc_phy_wrapper.u_ddr_mc_phy : PI_STG2_DELAY           = 615.23 
top_dual_ov5640_lcd.u_ddr3_top.u_mig_7series_0.u_mig_7series_0_mig.u_memc_ui_top_std.mem_intfc0.ddr_phy_top0.u_ddr_mc_phy_wrapper.u_ddr_mc_phy :PI_STG2_DELAY_CAND       = 1172.00 
top_dual_ov5640_lcd.u_ddr3_top.u_mig_7series_0.u_mig_7series_0_mig.u_memc_ui_top_std.mem_intfc0.ddr_phy_top0.u_ddr_mc_phy_wrapper.u_ddr_mc_phy : DEFAULT_RCLK_DELAY      = 63 
top_dual_ov5640_lcd.u_ddr3_top.u_mig_7series_0.u_mig_7series_0_mig.u_memc_ui_top_std.mem_intfc0.ddr_phy_top0.u_ddr_mc_phy_wrapper.u_ddr_mc_phy : RCLK_SELECT_EDGE        = 0 
WARNING: top_dual_ov5640_lcd.u_ddr3_top.u_mig_7series_0.u_mig_7series_0_mig.u_memc_ui_top_std.mem_intfc0.ddr_phy_top0.u_ddr_mc_phy_wrapper.u_ddr_mc_phy: The required delay though the phaser_in to internally match the aux_out clock  to ddr clock exceeds the maximum allowable delay. The clock edge  will occur at the output registers of aux_out 556.77 ps before the ddr clock  edge. If aux_out is used for memory inputs, this may violate setup or hold time.
WARNING: Behavioral models for independent clock FIFO configurations do not model synchronization delays. The behavioral models are functionally correct, and will represent the behavior of the configured FIFO. See the FIFO Generator User Guide for more information.
WARNING: Behavioral models for independent clock FIFO configurations do not model synchronization delays. The behavioral models are functionally correct, and will represent the behavior of the configured FIFO. See the FIFO Generator User Guide for more information.
WARNING: Behavioral models for independent clock FIFO configurations do not model synchronization delays. The behavioral models are functionally correct, and will represent the behavior of the configured FIFO. See the FIFO Generator User Guide for more information.
WARNING: Behavioral models for independent clock FIFO configurations do not model synchronization delays. The behavioral models are functionally correct, and will represent the behavior of the configured FIFO. See the FIFO Generator User Guide for more information.
INFO: [USF-XSim-96] XSim completed. Design snapshot 'top_dual_ov5640_lcd_behav' loaded.
INFO: [USF-XSim-97] XSim simulation ran for 1000ns
launch_simulation: Time (s): cpu = 00:00:04 ; elapsed = 00:00:32 . Memory (MB): peak = 4085.141 ; gain = 318.520
reset_run synth_1
WARNING: [Vivado 12-1017] Problems encountered:
1. Failed to delete one or more files in run directory E:/FPGA/project/smart_car_pld2026/my_car/prj/prj.runs/synth_1

launch_runs impl_1 -jobs 12
INFO: [Vivado 12-4149] The synthesis checkpoint for IP 'E:/FPGA/project/smart_car_pld2026/my_car/prj/prj.srcs/sources_1/ip/rd_fifo/rd_fifo.xci' is already up-to-date
WARNING: [Project 1-478] Design 'synth_1' is stale and will not be used when launching 'impl_1'
[Sun Jul 26 15:33:08 2026] Launched synth_1...
Run output will be captured here: E:/FPGA/project/smart_car_pld2026/my_car/prj/prj.runs/synth_1/runme.log
[Sun Jul 26 15:33:08 2026] Launched impl_1...
Run output will be captured here: E:/FPGA/project/smart_car_pld2026/my_car/prj/prj.runs/impl_1/runme.log
refresh_design
INFO: [Netlist 29-17] Analyzing 810 Unisim elements for replacement
INFO: [Netlist 29-28] Unisim Transformation completed in 0 CPU seconds
INFO: [Project 1-479] Netlist was created with Vivado 2018.3
INFO: [Project 1-570] Preparing netlist for logic optimization
INFO: [Timing 38-478] Restoring timing data from binary archive.
INFO: [Timing 38-479] Binary timing data restore complete.
INFO: [Project 1-856] Restoring constraints from binary archive.
INFO: [Project 1-853] Binary constraint restore complete.
Reading XDEF placement.
Reading placer database...
Reading XDEF routing.
Read XDEF File: Time (s): cpu = 00:00:01 ; elapsed = 00:00:00.697 . Memory (MB): peak = 4090.574 ; gain = 0.000
Restored from archive | CPU: 1.000000 secs | Memory: 0.000000 MB |
Finished XDEF File Restore: Time (s): cpu = 00:00:01 ; elapsed = 00:00:00.698 . Memory (MB): peak = 4090.574 ; gain = 0.000
refresh_design: Time (s): cpu = 00:00:07 ; elapsed = 00:00:05 . Memory (MB): peak = 4112.633 ; gain = 27.492
WARNING: [Timing 38-436] There are set_bus_skew constraint(s) in this design. Please run report_bus_skew to ensure that bus skew requirements are met.
launch_runs impl_1 -to_step write_bitstream -jobs 12
INFO: [Vivado 12-4149] The synthesis checkpoint for IP 'E:/FPGA/project/smart_car_pld2026/my_car/prj/prj.srcs/sources_1/ip/rd_fifo/rd_fifo.xci' is already up-to-date
[Sun Jul 26 15:35:29 2026] Launched impl_1...
Run output will be captured here: E:/FPGA/project/smart_car_pld2026/my_car/prj/prj.runs/impl_1/runme.log
set_property PROBES.FILE {} [get_hw_devices xc7a100t_0]
set_property FULL_PROBES.FILE {} [get_hw_devices xc7a100t_0]
set_property PROGRAM.FILE {E:/FPGA/project/smart_car_pld2026/my_car/prj/prj.runs/impl_1/top_dual_ov5640_lcd.bit} [get_hw_devices xc7a100t_0]
program_hw_devices [get_hw_devices xc7a100t_0]
INFO: [Labtools 27-3164] End of startup status: HIGH
refresh_hw_device [lindex [get_hw_devices xc7a100t_0] 0]
INFO: [Labtools 27-1434] Device xc7a100t (JTAG device index = 0) is programmed with a design that has no supported debug core(s) in it.
close_sim
INFO: [Simtcl 6-16] Simulation closed
launch_simulation
INFO: [Vivado 12-5698] Checking validity of IPs in the design for the 'XSim' simulator...
INFO: [Vivado 12-5682] Launching behavioral simulation in 'E:/FPGA/project/smart_car_pld2026/my_car/prj/prj.sim/sim_1/behav/xsim'
INFO: [Vivado 12-4795] Using compiled simulation libraries for IPs
INFO: [SIM-utils-51] Simulation object is 'sim_1'
INFO: [USF-XSim-7] Finding pre-compiled libraries...
INFO: [USF-XSim-11] File 'D:/Xilinx/Vivado/2018.3/data/xsim/xsim.ini' copied to run dir:'E:/FPGA/project/smart_car_pld2026/my_car/prj/prj.sim/sim_1/behav/xsim'
INFO: [SIM-utils-54] Inspecting design source files for 'top_dual_ov5640_lcd' in fileset 'sim_1'...
INFO: [USF-XSim-97] Finding global include files...
INFO: [USF-XSim-98] Fetching design files from 'sim_1'...
INFO: [USF-XSim-2] XSim::Compile design
INFO: [USF-XSim-61] Executing 'COMPILE and ANALYZE' step in 'E:/FPGA/project/smart_car_pld2026/my_car/prj/prj.sim/sim_1/behav/xsim'
"xvlog --incr --relax -prj top_dual_ov5640_lcd_vlog.prj"
INFO: [VRFC 10-2263] Analyzing Verilog file "E:/FPGA/project/smart_car_pld2026/my_car/prj/prj.srcs/sources_1/ip/clk_wiz_0/clk_wiz_0_clk_wiz.v" into library xil_defaultlib
INFO: [VRFC 10-311] analyzing module clk_wiz_0_clk_wiz
INFO: [VRFC 10-2263] Analyzing Verilog file "E:/FPGA/project/smart_car_pld2026/my_car/prj/prj.srcs/sources_1/ip/clk_wiz_0/clk_wiz_0.v" into library xil_defaultlib
INFO: [VRFC 10-311] analyzing module clk_wiz_0
INFO: [VRFC 10-2263] Analyzing Verilog file "E:/FPGA/project/smart_car_pld2026/my_car/prj/prj.srcs/sources_1/ip/wr_fifo/sim/wr_fifo.v" into library xil_defaultlib
INFO: [VRFC 10-311] analyzing module wr_fifo
INFO: [VRFC 10-2263] Analyzing Verilog file "E:/FPGA/project/smart_car_pld2026/my_car/prj/prj.srcs/sources_1/ip/rd_fifo/sim/rd_fifo.v" into library xil_defaultlib
INFO: [VRFC 10-311] analyzing module rd_fifo
INFO: [VRFC 10-2263] Analyzing Verilog file "E:/FPGA/project/smart_car_pld2026/my_car/prj/prj.srcs/sources_1/ip/mig_7series_0/mig_7series_0/user_design/rtl/clocking/mig_7series_v4_2_clk_ibuf.v" into library xil_defaultlib
INFO: [VRFC 10-311] analyzing module mig_7series_v4_2_clk_ibuf
INFO: [VRFC 10-2263] Analyzing Verilog file "E:/FPGA/project/smart_car_pld2026/my_car/prj/prj.srcs/sources_1/ip/mig_7series_0/mig_7series_0/user_design/rtl/clocking/mig_7series_v4_2_infrastructure.v" into library xil_defaultlib
INFO: [VRFC 10-311] analyzing module mig_7series_v4_2_infrastructure
INFO: [VRFC 10-2263] Analyzing Verilog file "E:/FPGA/project/smart_car_pld2026/my_car/prj/prj.srcs/sources_1/ip/mig_7series_0/mig_7series_0/user_design/rtl/clocking/mig_7series_v4_2_iodelay_ctrl.v" into library xil_defaultlib
INFO: [VRFC 10-311] analyzing module mig_7series_v4_2_iodelay_ctrl
INFO: [VRFC 10-2263] Analyzing Verilog file "E:/FPGA/project/smart_car_pld2026/my_car/prj/prj.srcs/sources_1/ip/mig_7series_0/mig_7series_0/user_design/rtl/clocking/mig_7series_v4_2_tempmon.v" into library xil_defaultlib
INFO: [VRFC 10-311] analyzing module mig_7series_v4_2_tempmon
INFO: [VRFC 10-2263] Analyzing Verilog file "E:/FPGA/project/smart_car_pld2026/my_car/prj/prj.srcs/sources_1/ip/mig_7series_0/mig_7series_0/user_design/rtl/controller/mig_7series_v4_2_arb_mux.v" into library xil_defaultlib
INFO: [VRFC 10-311] analyzing module mig_7series_v4_2_arb_mux
INFO: [VRFC 10-2263] Analyzing Verilog file "E:/FPGA/project/smart_car_pld2026/my_car/prj/prj.srcs/sources_1/ip/mig_7series_0/mig_7series_0/user_design/rtl/controller/mig_7series_v4_2_arb_row_col.v" into library xil_defaultlib
INFO: [VRFC 10-311] analyzing module mig_7series_v4_2_arb_row_col
WARNING: [VRFC 10-2654] begin/end is required for generate-for in this mode of verilog [E:/FPGA/project/smart_car_pld2026/my_car/prj/prj.srcs/sources_1/ip/mig_7series_0/mig_7series_0/user_design/rtl/controller/mig_7series_v4_2_arb_row_col.v:252]
INFO: [VRFC 10-2263] Analyzing Verilog file "E:/FPGA/project/smart_car_pld2026/my_car/prj/prj.srcs/sources_1/ip/mig_7series_0/mig_7series_0/user_design/rtl/controller/mig_7series_v4_2_arb_select.v" into library xil_defaultlib
INFO: [VRFC 10-311] analyzing module mig_7series_v4_2_arb_select
INFO: [VRFC 10-2263] Analyzing Verilog file "E:/FPGA/project/smart_car_pld2026/my_car/prj/prj.srcs/sources_1/ip/mig_7series_0/mig_7series_0/user_design/rtl/controller/mig_7series_v4_2_bank_cntrl.v" into library xil_defaultlib
INFO: [VRFC 10-311] analyzing module mig_7series_v4_2_bank_cntrl
INFO: [VRFC 10-2263] Analyzing Verilog file "E:/FPGA/project/smart_car_pld2026/my_car/prj/prj.srcs/sources_1/ip/mig_7series_0/mig_7series_0/user_design/rtl/controller/mig_7series_v4_2_bank_common.v" into library xil_defaultlib
INFO: [VRFC 10-311] analyzing module mig_7series_v4_2_bank_common
INFO: [VRFC 10-2263] Analyzing Verilog file "E:/FPGA/project/smart_car_pld2026/my_car/prj/prj.srcs/sources_1/ip/mig_7series_0/mig_7series_0/user_design/rtl/controller/mig_7series_v4_2_bank_compare.v" into library xil_defaultlib
INFO: [VRFC 10-311] analyzing module mig_7series_v4_2_bank_compare
INFO: [VRFC 10-2263] Analyzing Verilog file "E:/FPGA/project/smart_car_pld2026/my_car/prj/prj.srcs/sources_1/ip/mig_7series_0/mig_7series_0/user_design/rtl/controller/mig_7series_v4_2_bank_mach.v" into library xil_defaultlib
INFO: [VRFC 10-311] analyzing module mig_7series_v4_2_bank_mach
INFO: [VRFC 10-2263] Analyzing Verilog file "E:/FPGA/project/smart_car_pld2026/my_car/prj/prj.srcs/sources_1/ip/mig_7series_0/mig_7series_0/user_design/rtl/controller/mig_7series_v4_2_bank_queue.v" into library xil_defaultlib
INFO: [VRFC 10-311] analyzing module mig_7series_v4_2_bank_queue
INFO: [VRFC 10-2263] Analyzing Verilog file "E:/FPGA/project/smart_car_pld2026/my_car/prj/prj.srcs/sources_1/ip/mig_7series_0/mig_7series_0/user_design/rtl/controller/mig_7series_v4_2_bank_state.v" into library xil_defaultlib
INFO: [VRFC 10-311] analyzing module mig_7series_v4_2_bank_state
INFO: [VRFC 10-2263] Analyzing Verilog file "E:/FPGA/project/smart_car_pld2026/my_car/prj/prj.srcs/sources_1/ip/mig_7series_0/mig_7series_0/user_design/rtl/controller/mig_7series_v4_2_col_mach.v" into library xil_defaultlib
INFO: [VRFC 10-311] analyzing module mig_7series_v4_2_col_mach
INFO: [VRFC 10-2263] Analyzing Verilog file "E:/FPGA/project/smart_car_pld2026/my_car/prj/prj.srcs/sources_1/ip/mig_7series_0/mig_7series_0/user_design/rtl/controller/mig_7series_v4_2_mc.v" into library xil_defaultlib
INFO: [VRFC 10-311] analyzing module mig_7series_v4_2_mc
INFO: [VRFC 10-2263] Analyzing Verilog file "E:/FPGA/project/smart_car_pld2026/my_car/prj/prj.srcs/sources_1/ip/mig_7series_0/mig_7series_0/user_design/rtl/controller/mig_7series_v4_2_rank_cntrl.v" into library xil_defaultlib
INFO: [VRFC 10-311] analyzing module mig_7series_v4_2_rank_cntrl
INFO: [VRFC 10-2263] Analyzing Verilog file "E:/FPGA/project/smart_car_pld2026/my_car/prj/prj.srcs/sources_1/ip/mig_7series_0/mig_7series_0/user_design/rtl/controller/mig_7series_v4_2_rank_common.v" into library xil_defaultlib
INFO: [VRFC 10-311] analyzing module mig_7series_v4_2_rank_common
INFO: [VRFC 10-2263] Analyzing Verilog file "E:/FPGA/project/smart_car_pld2026/my_car/prj/prj.srcs/sources_1/ip/mig_7series_0/mig_7series_0/user_design/rtl/controller/mig_7series_v4_2_rank_mach.v" into library xil_defaultlib
INFO: [VRFC 10-311] analyzing module mig_7series_v4_2_rank_mach
INFO: [VRFC 10-2263] Analyzing Verilog file "E:/FPGA/project/smart_car_pld2026/my_car/prj/prj.srcs/sources_1/ip/mig_7series_0/mig_7series_0/user_design/rtl/controller/mig_7series_v4_2_round_robin_arb.v" into library xil_defaultlib
INFO: [VRFC 10-311] analyzing module mig_7series_v4_2_round_robin_arb
INFO: [VRFC 10-2263] Analyzing Verilog file "E:/FPGA/project/smart_car_pld2026/my_car/prj/prj.srcs/sources_1/ip/mig_7series_0/mig_7series_0/user_design/rtl/ecc/mig_7series_v4_2_ecc_buf.v" into library xil_defaultlib
INFO: [VRFC 10-311] analyzing module mig_7series_v4_2_ecc_buf
INFO: [VRFC 10-2263] Analyzing Verilog file "E:/FPGA/project/smart_car_pld2026/my_car/prj/prj.srcs/sources_1/ip/mig_7series_0/mig_7series_0/user_design/rtl/ecc/mig_7series_v4_2_ecc_dec_fix.v" into library xil_defaultlib
INFO: [VRFC 10-311] analyzing module mig_7series_v4_2_ecc_dec_fix
INFO: [VRFC 10-2263] Analyzing Verilog file "E:/FPGA/project/smart_car_pld2026/my_car/prj/prj.srcs/sources_1/ip/mig_7series_0/mig_7series_0/user_design/rtl/ecc/mig_7series_v4_2_ecc_gen.v" into library xil_defaultlib
INFO: [VRFC 10-311] analyzing module mig_7series_v4_2_ecc_gen
INFO: [VRFC 10-2263] Analyzing Verilog file "E:/FPGA/project/smart_car_pld2026/my_car/prj/prj.srcs/sources_1/ip/mig_7series_0/mig_7series_0/user_design/rtl/ecc/mig_7series_v4_2_ecc_merge_enc.v" into library xil_defaultlib
INFO: [VRFC 10-311] analyzing module mig_7series_v4_2_ecc_merge_enc
INFO: [VRFC 10-2263] Analyzing Verilog file "E:/FPGA/project/smart_car_pld2026/my_car/prj/prj.srcs/sources_1/ip/mig_7series_0/mig_7series_0/user_design/rtl/ecc/mig_7series_v4_2_fi_xor.v" into library xil_defaultlib
INFO: [VRFC 10-311] analyzing module mig_7series_v4_2_fi_xor
INFO: [VRFC 10-2263] Analyzing Verilog file "E:/FPGA/project/smart_car_pld2026/my_car/prj/prj.srcs/sources_1/ip/mig_7series_0/mig_7series_0/user_design/rtl/ip_top/mig_7series_v4_2_memc_ui_top_std.v" into library xil_defaultlib
INFO: [VRFC 10-311] analyzing module mig_7series_v4_2_memc_ui_top_std
INFO: [VRFC 10-2263] Analyzing Verilog file "E:/FPGA/project/smart_car_pld2026/my_car/prj/prj.srcs/sources_1/ip/mig_7series_0/mig_7series_0/user_design/rtl/ip_top/mig_7series_v4_2_mem_intfc.v" into library xil_defaultlib
INFO: [VRFC 10-311] analyzing module mig_7series_v4_2_mem_intfc
INFO: [VRFC 10-2263] Analyzing Verilog file "E:/FPGA/project/smart_car_pld2026/my_car/prj/prj.srcs/sources_1/ip/mig_7series_0/mig_7series_0/user_design/rtl/phy/mig_7series_v4_2_ddr_byte_group_io.v" into library xil_defaultlib
INFO: [VRFC 10-311] analyzing module mig_7series_v4_2_ddr_byte_group_io
INFO: [VRFC 10-2263] Analyzing Verilog file "E:/FPGA/project/smart_car_pld2026/my_car/prj/prj.srcs/sources_1/ip/mig_7series_0/mig_7series_0/user_design/rtl/phy/mig_7series_v4_2_ddr_byte_lane.v" into library xil_defaultlib
INFO: [VRFC 10-311] analyzing module mig_7series_v4_2_ddr_byte_lane
INFO: [VRFC 10-2263] Analyzing Verilog file "E:/FPGA/project/smart_car_pld2026/my_car/prj/prj.srcs/sources_1/ip/mig_7series_0/mig_7series_0/user_design/rtl/phy/mig_7series_v4_2_ddr_calib_top.v" into library xil_defaultlib
INFO: [VRFC 10-311] analyzing module mig_7series_v4_2_ddr_calib_top
INFO: [VRFC 10-2263] Analyzing Verilog file "E:/FPGA/project/smart_car_pld2026/my_car/prj/prj.srcs/sources_1/ip/mig_7series_0/mig_7series_0/user_design/rtl/phy/mig_7series_v4_2_ddr_if_post_fifo.v" into library xil_defaultlib
INFO: [VRFC 10-311] analyzing module mig_7series_v4_2_ddr_if_post_fifo
INFO: [VRFC 10-2263] Analyzing Verilog file "E:/FPGA/project/smart_car_pld2026/my_car/prj/prj.srcs/sources_1/ip/mig_7series_0/mig_7series_0/user_design/rtl/phy/mig_7series_v4_2_ddr_mc_phy.v" into library xil_defaultlib
INFO: [VRFC 10-311] analyzing module mig_7series_v4_2_ddr_mc_phy
INFO: [VRFC 10-2263] Analyzing Verilog file "E:/FPGA/project/smart_car_pld2026/my_car/prj/prj.srcs/sources_1/ip/mig_7series_0/mig_7series_0/user_design/rtl/phy/mig_7series_v4_2_ddr_mc_phy_wrapper.v" into library xil_defaultlib
INFO: [VRFC 10-311] analyzing module mig_7series_v4_2_ddr_mc_phy_wrapper
INFO: [VRFC 10-2263] Analyzing Verilog file "E:/FPGA/project/smart_car_pld2026/my_car/prj/prj.srcs/sources_1/ip/mig_7series_0/mig_7series_0/user_design/rtl/phy/mig_7series_v4_2_ddr_of_pre_fifo.v" into library xil_defaultlib
INFO: [VRFC 10-311] analyzing module mig_7series_v4_2_ddr_of_pre_fifo
INFO: [VRFC 10-2263] Analyzing Verilog file "E:/FPGA/project/smart_car_pld2026/my_car/prj/prj.srcs/sources_1/ip/mig_7series_0/mig_7series_0/user_design/rtl/phy/mig_7series_v4_2_ddr_phy_4lanes.v" into library xil_defaultlib
INFO: [VRFC 10-311] analyzing module mig_7series_v4_2_ddr_phy_4lanes
INFO: [VRFC 10-2263] Analyzing Verilog file "E:/FPGA/project/smart_car_pld2026/my_car/prj/prj.srcs/sources_1/ip/mig_7series_0/mig_7series_0/user_design/rtl/phy/mig_7series_v4_2_ddr_phy_ck_addr_cmd_delay.v" into library xil_defaultlib
INFO: [VRFC 10-311] analyzing module mig_7series_v4_2_ddr_phy_ck_addr_cmd_delay
INFO: [VRFC 10-2263] Analyzing Verilog file "E:/FPGA/project/smart_car_pld2026/my_car/prj/prj.srcs/sources_1/ip/mig_7series_0/mig_7series_0/user_design/rtl/phy/mig_7series_v4_2_ddr_phy_dqs_found_cal.v" into library xil_defaultlib
INFO: [VRFC 10-311] analyzing module mig_7series_v4_2_ddr_phy_dqs_found_cal
INFO: [VRFC 10-2263] Analyzing Verilog file "E:/FPGA/project/smart_car_pld2026/my_car/prj/prj.srcs/sources_1/ip/mig_7series_0/mig_7series_0/user_design/rtl/phy/mig_7series_v4_2_ddr_phy_dqs_found_cal_hr.v" into library xil_defaultlib
INFO: [VRFC 10-311] analyzing module mig_7series_v4_2_ddr_phy_dqs_found_cal_hr
INFO: [VRFC 10-2263] Analyzing Verilog file "E:/FPGA/project/smart_car_pld2026/my_car/prj/prj.srcs/sources_1/ip/mig_7series_0/mig_7series_0/user_design/rtl/phy/mig_7series_v4_2_ddr_phy_init.v" into library xil_defaultlib
INFO: [VRFC 10-311] analyzing module mig_7series_v4_2_ddr_phy_init
INFO: [VRFC 10-2263] Analyzing Verilog file "E:/FPGA/project/smart_car_pld2026/my_car/prj/prj.srcs/sources_1/ip/mig_7series_0/mig_7series_0/user_design/rtl/phy/mig_7series_v4_2_ddr_phy_ocd_cntlr.v" into library xil_defaultlib
INFO: [VRFC 10-311] analyzing module mig_7series_v4_2_ddr_phy_ocd_cntlr
INFO: [VRFC 10-2263] Analyzing Verilog file "E:/FPGA/project/smart_car_pld2026/my_car/prj/prj.srcs/sources_1/ip/mig_7series_0/mig_7series_0/user_design/rtl/phy/mig_7series_v4_2_ddr_phy_ocd_data.v" into library xil_defaultlib
INFO: [VRFC 10-311] analyzing module mig_7series_v4_2_ddr_phy_ocd_data
INFO: [VRFC 10-2263] Analyzing Verilog file "E:/FPGA/project/smart_car_pld2026/my_car/prj/prj.srcs/sources_1/ip/mig_7series_0/mig_7series_0/user_design/rtl/phy/mig_7series_v4_2_ddr_phy_ocd_edge.v" into library xil_defaultlib
INFO: [VRFC 10-311] analyzing module mig_7series_v4_2_ddr_phy_ocd_edge
INFO: [VRFC 10-2263] Analyzing Verilog file "E:/FPGA/project/smart_car_pld2026/my_car/prj/prj.srcs/sources_1/ip/mig_7series_0/mig_7series_0/user_design/rtl/phy/mig_7series_v4_2_ddr_phy_ocd_lim.v" into library xil_defaultlib
INFO: [VRFC 10-311] analyzing module mig_7series_v4_2_ddr_phy_ocd_lim
INFO: [VRFC 10-2263] Analyzing Verilog file "E:/FPGA/project/smart_car_pld2026/my_car/prj/prj.srcs/sources_1/ip/mig_7series_0/mig_7series_0/user_design/rtl/phy/mig_7series_v4_2_ddr_phy_ocd_mux.v" into library xil_defaultlib
INFO: [VRFC 10-311] analyzing module mig_7series_v4_2_ddr_phy_ocd_mux
INFO: [VRFC 10-2263] Analyzing Verilog file "E:/FPGA/project/smart_car_pld2026/my_car/prj/prj.srcs/sources_1/ip/mig_7series_0/mig_7series_0/user_design/rtl/phy/mig_7series_v4_2_ddr_phy_ocd_po_cntlr.v" into library xil_defaultlib
INFO: [VRFC 10-311] analyzing module mig_7series_v4_2_ddr_phy_ocd_po_cntlr
INFO: [VRFC 10-2263] Analyzing Verilog file "E:/FPGA/project/smart_car_pld2026/my_car/prj/prj.srcs/sources_1/ip/mig_7series_0/mig_7series_0/user_design/rtl/phy/mig_7series_v4_2_ddr_phy_ocd_samp.v" into library xil_defaultlib
INFO: [VRFC 10-311] analyzing module mig_7series_v4_2_ddr_phy_ocd_samp
INFO: [VRFC 10-2263] Analyzing Verilog file "E:/FPGA/project/smart_car_pld2026/my_car/prj/prj.srcs/sources_1/ip/mig_7series_0/mig_7series_0/user_design/rtl/phy/mig_7series_v4_2_ddr_phy_oclkdelay_cal.v" into library xil_defaultlib
INFO: [VRFC 10-311] analyzing module mig_7series_v4_2_ddr_phy_oclkdelay_cal
INFO: [VRFC 10-2263] Analyzing Verilog file "E:/FPGA/project/smart_car_pld2026/my_car/prj/prj.srcs/sources_1/ip/mig_7series_0/mig_7series_0/user_design/rtl/phy/mig_7series_v4_2_ddr_phy_prbs_rdlvl.v" into library xil_defaultlib
INFO: [VRFC 10-311] analyzing module mig_7series_v4_2_ddr_phy_prbs_rdlvl
INFO: [VRFC 10-2263] Analyzing Verilog file "E:/FPGA/project/smart_car_pld2026/my_car/prj/prj.srcs/sources_1/ip/mig_7series_0/mig_7series_0/user_design/rtl/phy/mig_7series_v4_2_ddr_phy_rdlvl.v" into library xil_defaultlib
INFO: [VRFC 10-311] analyzing module mig_7series_v4_2_ddr_phy_rdlvl
INFO: [VRFC 10-2263] Analyzing Verilog file "E:/FPGA/project/smart_car_pld2026/my_car/prj/prj.srcs/sources_1/ip/mig_7series_0/mig_7series_0/user_design/rtl/phy/mig_7series_v4_2_ddr_phy_tempmon.v" into library xil_defaultlib
INFO: [VRFC 10-311] analyzing module mig_7series_v4_2_ddr_phy_tempmon
INFO: [VRFC 10-2263] Analyzing Verilog file "E:/FPGA/project/smart_car_pld2026/my_car/prj/prj.srcs/sources_1/ip/mig_7series_0/mig_7series_0/user_design/rtl/phy/mig_7series_v4_2_ddr_phy_top.v" into library xil_defaultlib
INFO: [VRFC 10-311] analyzing module mig_7series_v4_2_ddr_phy_top
INFO: [VRFC 10-2263] Analyzing Verilog file "E:/FPGA/project/smart_car_pld2026/my_car/prj/prj.srcs/sources_1/ip/mig_7series_0/mig_7series_0/user_design/rtl/phy/mig_7series_v4_2_ddr_phy_wrcal.v" into library xil_defaultlib
INFO: [VRFC 10-311] analyzing module mig_7series_v4_2_ddr_phy_wrcal
INFO: [VRFC 10-2263] Analyzing Verilog file "E:/FPGA/project/smart_car_pld2026/my_car/prj/prj.srcs/sources_1/ip/mig_7series_0/mig_7series_0/user_design/rtl/phy/mig_7series_v4_2_ddr_phy_wrlvl.v" into library xil_defaultlib
INFO: [VRFC 10-311] analyzing module mig_7series_v4_2_ddr_phy_wrlvl
INFO: [VRFC 10-2263] Analyzing Verilog file "E:/FPGA/project/smart_car_pld2026/my_car/prj/prj.srcs/sources_1/ip/mig_7series_0/mig_7series_0/user_design/rtl/phy/mig_7series_v4_2_ddr_phy_wrlvl_off_delay.v" into library xil_defaultlib
INFO: [VRFC 10-311] analyzing module mig_7series_v4_2_ddr_phy_wrlvl_off_delay
INFO: [VRFC 10-2263] Analyzing Verilog file "E:/FPGA/project/smart_car_pld2026/my_car/prj/prj.srcs/sources_1/ip/mig_7series_0/mig_7series_0/user_design/rtl/phy/mig_7series_v4_2_ddr_prbs_gen.v" into library xil_defaultlib
INFO: [VRFC 10-311] analyzing module mig_7series_v4_2_ddr_prbs_gen
INFO: [VRFC 10-2263] Analyzing Verilog file "E:/FPGA/project/smart_car_pld2026/my_car/prj/prj.srcs/sources_1/ip/mig_7series_0/mig_7series_0/user_design/rtl/phy/mig_7series_v4_2_ddr_skip_calib_tap.v" into library xil_defaultlib
INFO: [VRFC 10-311] analyzing module mig_7series_v4_2_ddr_skip_calib_tap
INFO: [VRFC 10-2263] Analyzing Verilog file "E:/FPGA/project/smart_car_pld2026/my_car/prj/prj.srcs/sources_1/ip/mig_7series_0/mig_7series_0/user_design/rtl/phy/mig_7series_v4_2_poc_cc.v" into library xil_defaultlib
INFO: [VRFC 10-311] analyzing module mig_7series_v4_2_poc_cc
INFO: [VRFC 10-2263] Analyzing Verilog file "E:/FPGA/project/smart_car_pld2026/my_car/prj/prj.srcs/sources_1/ip/mig_7series_0/mig_7series_0/user_design/rtl/phy/mig_7series_v4_2_poc_edge_store.v" into library xil_defaultlib
INFO: [VRFC 10-311] analyzing module mig_7series_v4_2_poc_edge_store
INFO: [VRFC 10-2263] Analyzing Verilog file "E:/FPGA/project/smart_car_pld2026/my_car/prj/prj.srcs/sources_1/ip/mig_7series_0/mig_7series_0/user_design/rtl/phy/mig_7series_v4_2_poc_meta.v" into library xil_defaultlib
INFO: [VRFC 10-311] analyzing module mig_7series_v4_2_poc_meta
INFO: [VRFC 10-2263] Analyzing Verilog file "E:/FPGA/project/smart_car_pld2026/my_car/prj/prj.srcs/sources_1/ip/mig_7series_0/mig_7series_0/user_design/rtl/phy/mig_7series_v4_2_poc_pd.v" into library xil_defaultlib
INFO: [VRFC 10-311] analyzing module mig_7series_v4_2_poc_pd
INFO: [VRFC 10-2263] Analyzing Verilog file "E:/FPGA/project/smart_car_pld2026/my_car/prj/prj.srcs/sources_1/ip/mig_7series_0/mig_7series_0/user_design/rtl/phy/mig_7series_v4_2_poc_tap_base.v" into library xil_defaultlib
INFO: [VRFC 10-311] analyzing module mig_7series_v4_2_poc_tap_base
INFO: [VRFC 10-2263] Analyzing Verilog file "E:/FPGA/project/smart_car_pld2026/my_car/prj/prj.srcs/sources_1/ip/mig_7series_0/mig_7series_0/user_design/rtl/phy/mig_7series_v4_2_poc_top.v" into library xil_defaultlib
INFO: [VRFC 10-311] analyzing module mig_7series_v4_2_poc_top
INFO: [VRFC 10-2263] Analyzing Verilog file "E:/FPGA/project/smart_car_pld2026/my_car/prj/prj.srcs/sources_1/ip/mig_7series_0/mig_7series_0/user_design/rtl/ui/mig_7series_v4_2_ui_cmd.v" into library xil_defaultlib
INFO: [VRFC 10-311] analyzing module mig_7series_v4_2_ui_cmd
INFO: [VRFC 10-2263] Analyzing Verilog file "E:/FPGA/project/smart_car_pld2026/my_car/prj/prj.srcs/sources_1/ip/mig_7series_0/mig_7series_0/user_design/rtl/ui/mig_7series_v4_2_ui_rd_data.v" into library xil_defaultlib
INFO: [VRFC 10-311] analyzing module mig_7series_v4_2_ui_rd_data
INFO: [VRFC 10-2263] Analyzing Verilog file "E:/FPGA/project/smart_car_pld2026/my_car/prj/prj.srcs/sources_1/ip/mig_7series_0/mig_7series_0/user_design/rtl/ui/mig_7series_v4_2_ui_top.v" into library xil_defaultlib
INFO: [VRFC 10-311] analyzing module mig_7series_v4_2_ui_top
INFO: [VRFC 10-2263] Analyzing Verilog file "E:/FPGA/project/smart_car_pld2026/my_car/prj/prj.srcs/sources_1/ip/mig_7series_0/mig_7series_0/user_design/rtl/ui/mig_7series_v4_2_ui_wr_data.v" into library xil_defaultlib
INFO: [VRFC 10-311] analyzing module mig_7series_v4_2_ui_wr_data
INFO: [VRFC 10-2263] Analyzing Verilog file "E:/FPGA/project/smart_car_pld2026/my_car/prj/prj.srcs/sources_1/ip/mig_7series_0/mig_7series_0/user_design/rtl/mig_7series_0_mig_sim.v" into library xil_defaultlib
INFO: [VRFC 10-311] analyzing module mig_7series_0_mig
INFO: [VRFC 10-2458] undeclared symbol dbg_sel_po_incdec, assumed default net type wire [E:/FPGA/project/smart_car_pld2026/my_car/prj/prj.srcs/sources_1/ip/mig_7series_0/mig_7series_0/user_design/rtl/mig_7series_0_mig_sim.v:1096]
INFO: [VRFC 10-2458] undeclared symbol dbg_po_f_inc, assumed default net type wire [E:/FPGA/project/smart_car_pld2026/my_car/prj/prj.srcs/sources_1/ip/mig_7series_0/mig_7series_0/user_design/rtl/mig_7series_0_mig_sim.v:1100]
INFO: [VRFC 10-2458] undeclared symbol dbg_po_f_stg23_sel, assumed default net type wire [E:/FPGA/project/smart_car_pld2026/my_car/prj/prj.srcs/sources_1/ip/mig_7series_0/mig_7series_0/user_design/rtl/mig_7series_0_mig_sim.v:1101]
INFO: [VRFC 10-2458] undeclared symbol dbg_po_f_dec, assumed default net type wire [E:/FPGA/project/smart_car_pld2026/my_car/prj/prj.srcs/sources_1/ip/mig_7series_0/mig_7series_0/user_design/rtl/mig_7series_0_mig_sim.v:1102]
INFO: [VRFC 10-2263] Analyzing Verilog file "E:/FPGA/project/smart_car_pld2026/my_car/prj/prj.srcs/sources_1/ip/mig_7series_0/mig_7series_0/user_design/rtl/mig_7series_0.v" into library xil_defaultlib
INFO: [VRFC 10-311] analyzing module mig_7series_0
INFO: [VRFC 10-2263] Analyzing Verilog file "E:/FPGA/project/smart_car_pld2026/my_car/rtl/lcd_rgb_top/clk_div.v" into library xil_defaultlib
INFO: [VRFC 10-311] analyzing module clk_div
INFO: [VRFC 10-2263] Analyzing Verilog file "E:/FPGA/project/smart_car_pld2026/my_car/rtl/ov5640_dri/cmos_capture_data.v" into library xil_defaultlib
INFO: [VRFC 10-311] analyzing module cmos_capture_data
INFO: [VRFC 10-2263] Analyzing Verilog file "E:/FPGA/project/smart_car_pld2026/my_car/rtl/sensor_link/ctrl_link_tx.v" into library xil_defaultlib
INFO: [VRFC 10-311] analyzing module ctrl_link_tx
INFO: [VRFC 10-2263] Analyzing Verilog file "E:/FPGA/project/smart_car_pld2026/my_car/rtl/ddr3_top/ddr3_fifo_ctrl.v" into library xil_defaultlib
INFO: [VRFC 10-311] analyzing module ddr3_fifo_ctrl
INFO: [VRFC 10-2263] Analyzing Verilog file "E:/FPGA/project/smart_car_pld2026/my_car/rtl/ddr3_top/ddr3_fifo_ctrl_top.v" into library xil_defaultlib
INFO: [VRFC 10-311] analyzing module ddr3_fifo_ctrl_top
WARNING: [VRFC 10-3676] redeclaration of ansi port 'wfifo_dout' is not allowed [E:/FPGA/project/smart_car_pld2026/my_car/rtl/ddr3_top/ddr3_fifo_ctrl_top.v:60]
WARNING: [VRFC 10-3676] redeclaration of ansi port 'wfifo_rcount_1' is not allowed [E:/FPGA/project/smart_car_pld2026/my_car/rtl/ddr3_top/ddr3_fifo_ctrl_top.v:63]
WARNING: [VRFC 10-3676] redeclaration of ansi port 'wfifo_rcount_2' is not allowed [E:/FPGA/project/smart_car_pld2026/my_car/rtl/ddr3_top/ddr3_fifo_ctrl_top.v:64]
WARNING: [VRFC 10-3676] redeclaration of ansi port 'rfifo_wcount_1' is not allowed [E:/FPGA/project/smart_car_pld2026/my_car/rtl/ddr3_top/ddr3_fifo_ctrl_top.v:65]
WARNING: [VRFC 10-3676] redeclaration of ansi port 'rfifo_wcount_2' is not allowed [E:/FPGA/project/smart_car_pld2026/my_car/rtl/ddr3_top/ddr3_fifo_ctrl_top.v:66]
INFO: [VRFC 10-2263] Analyzing Verilog file "E:/FPGA/project/smart_car_pld2026/my_car/rtl/ddr3_top/ddr3_rw.v" into library xil_defaultlib
INFO: [VRFC 10-311] analyzing module ddr3_rw
WARNING: [VRFC 10-3676] redeclaration of ansi port 'app_addr' is not allowed [E:/FPGA/project/smart_car_pld2026/my_car/rtl/ddr3_top/ddr3_rw.v:70]
WARNING: [VRFC 10-3676] redeclaration of ansi port 'rfifo_wdata_1' is not allowed [E:/FPGA/project/smart_car_pld2026/my_car/rtl/ddr3_top/ddr3_rw.v:81]
WARNING: [VRFC 10-3676] redeclaration of ansi port 'rfifo_wdata_2' is not allowed [E:/FPGA/project/smart_car_pld2026/my_car/rtl/ddr3_top/ddr3_rw.v:82]
WARNING: [VRFC 10-3676] redeclaration of ansi port 'rfifo_wren_1' is not allowed [E:/FPGA/project/smart_car_pld2026/my_car/rtl/ddr3_top/ddr3_rw.v:98]
WARNING: [VRFC 10-3676] redeclaration of ansi port 'rfifo_wren_2' is not allowed [E:/FPGA/project/smart_car_pld2026/my_car/rtl/ddr3_top/ddr3_rw.v:99]
INFO: [VRFC 10-2263] Analyzing Verilog file "E:/FPGA/project/smart_car_pld2026/my_car/rtl/ddr3_top/ddr3_top.v" into library xil_defaultlib
INFO: [VRFC 10-311] analyzing module ddr3_top
INFO: [VRFC 10-2458] undeclared symbol rfifo_wren_1, assumed default net type wire [E:/FPGA/project/smart_car_pld2026/my_car/rtl/ddr3_top/ddr3_top.v:123]
INFO: [VRFC 10-2458] undeclared symbol rfifo_wren_2, assumed default net type wire [E:/FPGA/project/smart_car_pld2026/my_car/rtl/ddr3_top/ddr3_top.v:125]
INFO: [VRFC 10-2458] undeclared symbol wfifo_rden_1, assumed default net type wire [E:/FPGA/project/smart_car_pld2026/my_car/rtl/ddr3_top/ddr3_top.v:127]
INFO: [VRFC 10-2458] undeclared symbol wfifo_rden_2, assumed default net type wire [E:/FPGA/project/smart_car_pld2026/my_car/rtl/ddr3_top/ddr3_top.v:128]
INFO: [VRFC 10-2263] Analyzing Verilog file "E:/FPGA/project/smart_car_pld2026/my_car/rtl/green_detect.v" into library xil_defaultlib
INFO: [VRFC 10-311] analyzing module green_detect
INFO: [VRFC 10-2263] Analyzing Verilog file "E:/FPGA/project/smart_car_pld2026/my_car/rtl/ov5640_dri/i2c_dri.v" into library xil_defaultlib
INFO: [VRFC 10-311] analyzing module i2c_dri
INFO: [VRFC 10-2263] Analyzing Verilog file "E:/FPGA/project/smart_car_pld2026/my_car/rtl/ov5640_dri/i2c_ov5640_rgb565_cfg.v" into library xil_defaultlib
INFO: [VRFC 10-311] analyzing module i2c_ov5640_rgb565_cfg
INFO: [VRFC 10-2263] Analyzing Verilog file "E:/FPGA/project/smart_car_pld2026/my_car/rtl/lcd_rgb_top/lcd_disply.v" into library xil_defaultlib
INFO: [VRFC 10-311] analyzing module lcd_disply
INFO: [VRFC 10-2263] Analyzing Verilog file "E:/FPGA/project/smart_car_pld2026/my_car/rtl/lcd_rgb_top/lcd_driver.v" into library xil_defaultlib
INFO: [VRFC 10-311] analyzing module lcd_driver
INFO: [VRFC 10-2263] Analyzing Verilog file "E:/FPGA/project/smart_car_pld2026/my_car/rtl/lcd_rgb_top/lcd_rgb_top.v" into library xil_defaultlib
INFO: [VRFC 10-311] analyzing module lcd_rgb_top
INFO: [VRFC 10-2263] Analyzing Verilog file "E:/FPGA/project/smart_car_pld2026/my_car/rtl/ov5640_dri/ov5640_dri.v" into library xil_defaultlib
INFO: [VRFC 10-311] analyzing module ov5640_dri
INFO: [VRFC 10-2263] Analyzing Verilog file "E:/FPGA/project/smart_car_pld2026/my_car/rtl/picture_size.v" into library xil_defaultlib
INFO: [VRFC 10-311] analyzing module picture_size
INFO: [VRFC 10-2263] Analyzing Verilog file "E:/FPGA/project/smart_car_pld2026/my_car/rtl/lcd_rgb_top/rd_id.v" into library xil_defaultlib
INFO: [VRFC 10-311] analyzing module rd_id
INFO: [VRFC 10-2263] Analyzing Verilog file "E:/FPGA/project/smart_car_pld2026/my_car/rtl/sensor_link/sensor_link.v" into library xil_defaultlib
INFO: [VRFC 10-311] analyzing module sensor_link
INFO: [VRFC 10-2263] Analyzing Verilog file "E:/FPGA/project/smart_car_pld2026/my_car/rtl/sensor_link/sl_uart_rx.v" into library xil_defaultlib
INFO: [VRFC 10-311] analyzing module sl_uart_rx
WARNING: [VRFC 10-3380] identifier 'S_IDLE' is used before its declaration [E:/FPGA/project/smart_car_pld2026/my_car/rtl/sensor_link/sl_uart_rx.v:22]
INFO: [VRFC 10-2263] Analyzing Verilog file "E:/FPGA/project/smart_car_pld2026/my_car/rtl/sensor_link/sl_uart_tx.v" into library xil_defaultlib
INFO: [VRFC 10-311] analyzing module sl_uart_tx
INFO: [VRFC 10-2263] Analyzing Verilog file "E:/FPGA/project/smart_car_pld2026/my_car/rtl/sensor_link/v1_decode.v" into library xil_defaultlib
INFO: [VRFC 10-311] analyzing module v1_decode
INFO: [VRFC 10-2263] Analyzing Verilog file "E:/FPGA/project/smart_car_pld2026/my_car/rtl/top_dual_ov5640_lcd.v" into library xil_defaultlib
INFO: [VRFC 10-311] analyzing module top_dual_ov5640_lcd
INFO: [VRFC 10-2458] undeclared symbol rd_vsync, assumed default net type wire [E:/FPGA/project/smart_car_pld2026/my_car/rtl/top_dual_ov5640_lcd.v:277]
"xvhdl --incr --relax -prj top_dual_ov5640_lcd_vhdl.prj"
run_program: Time (s): cpu = 00:00:00 ; elapsed = 00:00:12 . Memory (MB): peak = 4379.906 ; gain = 0.000
INFO: [USF-XSim-69] 'compile' step finished in '12' seconds
INFO: [USF-XSim-3] XSim::Elaborate design
INFO: [USF-XSim-61] Executing 'ELABORATE' step in 'E:/FPGA/project/smart_car_pld2026/my_car/prj/prj.sim/sim_1/behav/xsim'
Vivado Simulator 2018.3
Copyright 1986-1999, 2001-2018 Xilinx, Inc. All Rights Reserved.
Running: D:/Xilinx/Vivado/2018.3/bin/unwrapped/win64.o/xelab.exe -wto 90cd3ee7bb314f9c9041c02b75cdbebc --incr --debug typical --relax --mt 2 -L xil_defaultlib -L fifo_generator_v13_2_3 -L unisims_ver -L unimacro_ver -L secureip -L xpm --snapshot top_dual_ov5640_lcd_behav xil_defaultlib.top_dual_ov5640_lcd xil_defaultlib.glbl -log elaborate.log 
Using 2 slave threads.
Starting static elaboration
WARNING: [VRFC 10-3091] actual bit length 12 differs from formal bit length 13 for port 'cmos_h_pixel' [E:/FPGA/project/smart_car_pld2026/my_car/rtl/top_dual_ov5640_lcd.v:169]
WARNING: [VRFC 10-3091] actual bit length 12 differs from formal bit length 13 for port 'cmos_h_pixel' [E:/FPGA/project/smart_car_pld2026/my_car/rtl/top_dual_ov5640_lcd.v:196]
WARNING: [VRFC 10-3091] actual bit length 26 differs from formal bit length 28 for port 'app_addr_rd_max' [E:/FPGA/project/smart_car_pld2026/my_car/rtl/top_dual_ov5640_lcd.v:238]
WARNING: [VRFC 10-3091] actual bit length 7 differs from formal bit length 8 for port 'rd_bust_len' [E:/FPGA/project/smart_car_pld2026/my_car/rtl/top_dual_ov5640_lcd.v:239]
WARNING: [VRFC 10-3091] actual bit length 26 differs from formal bit length 28 for port 'app_addr_wr_max' [E:/FPGA/project/smart_car_pld2026/my_car/rtl/top_dual_ov5640_lcd.v:241]
WARNING: [VRFC 10-3091] actual bit length 7 differs from formal bit length 8 for port 'wr_bust_len' [E:/FPGA/project/smart_car_pld2026/my_car/rtl/top_dual_ov5640_lcd.v:242]
WARNING: [VRFC 10-3091] actual bit length 32 differs from formal bit length 1 for port 'app_sr_req' [E:/FPGA/project/smart_car_pld2026/my_car/rtl/ddr3_top/ddr3_top.v:174]
WARNING: [VRFC 10-3091] actual bit length 32 differs from formal bit length 1 for port 'app_ref_req' [E:/FPGA/project/smart_car_pld2026/my_car/rtl/ddr3_top/ddr3_top.v:175]
WARNING: [VRFC 10-3091] actual bit length 32 differs from formal bit length 1 for port 'app_zq_req' [E:/FPGA/project/smart_car_pld2026/my_car/rtl/ddr3_top/ddr3_top.v:176]
WARNING: [VRFC 10-3091] actual bit length 12 differs from formal bit length 8 for port 'pi_dqs_found_lanes' [E:/FPGA/project/smart_car_pld2026/my_car/prj/prj.srcs/sources_1/ip/mig_7series_0/mig_7series_0/user_design/rtl/phy/mig_7series_v4_2_ddr_mc_phy_wrapper.v:1671]
WARNING: [VRFC 10-3091] actual bit length 12 differs from formal bit length 8 for port 'pi_phase_locked_lanes' [E:/FPGA/project/smart_car_pld2026/my_car/prj/prj.srcs/sources_1/ip/mig_7series_0/mig_7series_0/user_design/rtl/phy/mig_7series_v4_2_ddr_mc_phy_wrapper.v:1679]
WARNING: [VRFC 10-3091] actual bit length 12 differs from formal bit length 8 for port 'pi_dqs_found_lanes' [E:/FPGA/project/smart_car_pld2026/my_car/prj/prj.srcs/sources_1/ip/mig_7series_0/mig_7series_0/user_design/rtl/phy/mig_7series_v4_2_ddr_phy_top.v:1340]
WARNING: [VRFC 10-3091] actual bit length 11 differs from formal bit length 10 for port 'wfifo_rcount' [E:/FPGA/project/smart_car_pld2026/my_car/rtl/ddr3_top/ddr3_fifo_ctrl_top.v:106]
WARNING: [VRFC 10-3091] actual bit length 11 differs from formal bit length 10 for port 'rfifo_wcount' [E:/FPGA/project/smart_car_pld2026/my_car/rtl/ddr3_top/ddr3_fifo_ctrl_top.v:107]
WARNING: [VRFC 10-3091] actual bit length 10 differs from formal bit length 9 for port 'wr_data_count' [E:/FPGA/project/smart_car_pld2026/my_car/rtl/ddr3_top/ddr3_fifo_ctrl.v:200]
WARNING: [VRFC 10-3091] actual bit length 10 differs from formal bit length 9 for port 'rd_data_count' [E:/FPGA/project/smart_car_pld2026/my_car/rtl/ddr3_top/ddr3_fifo_ctrl.v:215]
WARNING: [VRFC 10-3091] actual bit length 11 differs from formal bit length 10 for port 'wfifo_rcount' [E:/FPGA/project/smart_car_pld2026/my_car/rtl/ddr3_top/ddr3_fifo_ctrl_top.v:128]
WARNING: [VRFC 10-3091] actual bit length 11 differs from formal bit length 10 for port 'rfifo_wcount' [E:/FPGA/project/smart_car_pld2026/my_car/rtl/ddr3_top/ddr3_fifo_ctrl_top.v:129]
WARNING: [VRFC 10-3091] actual bit length 11 differs from formal bit length 13 for port 'rd_h_pixel' [E:/FPGA/project/smart_car_pld2026/my_car/rtl/lcd_rgb_top/lcd_rgb_top.v:120]
Completed static elaboration
Starting simulation data flow analysis
Completed simulation data flow analysis
Time Resolution for simulation is 1fs
Compiling module xil_defaultlib.picture_size
Compiling module xil_defaultlib.i2c_ov5640_rgb565_cfg
Compiling module xil_defaultlib.i2c_dri(SLAVE_ADDR=7'b0111100,CL...
Compiling module xil_defaultlib.cmos_capture_data
Compiling module xil_defaultlib.ov5640_dri
Compiling module xil_defaultlib.green_detect(TH_G=6'b101000,TH_R...
Compiling module xil_defaultlib.ddr3_rw
Compiling module unisims_ver.IDELAYCTRL_default
Compiling module xil_defaultlib.mig_7series_v4_2_iodelay_ctrl(IO...
Compiling module xil_defaultlib.mig_7series_v4_2_clk_ibuf(SYSCLK...
Compiling module unisims_ver.XADC(INIT_40=16'b01000000000000,...
Compiling module xil_defaultlib.mig_7series_v4_2_tempmon_default
Compiling module unisims_ver.PLLE2_ADV(CLKFBOUT_MULT=4,CLKIN1...
Compiling module unisims_ver.BUFG
Compiling module unisims_ver.BUFH
Compiling module unisims_ver.MMCME2_ADV(BANDWIDTH="HIGH",CLKF...
Compiling module xil_defaultlib.mig_7series_v4_2_infrastructure(...
Compiling module unisims_ver.SRLC32E_default
Compiling module xil_defaultlib.mig_7series_v4_2_rank_cntrl(DQRD...
Compiling module xil_defaultlib.mig_7series_v4_2_round_robin_arb...
Compiling module xil_defaultlib.mig_7series_v4_2_round_robin_arb...
Compiling module xil_defaultlib.mig_7series_v4_2_rank_common(MAI...
Compiling module xil_defaultlib.mig_7series_v4_2_rank_mach(CS_WI...
Compiling module xil_defaultlib.mig_7series_v4_2_bank_compare(CO...
Compiling module xil_defaultlib.mig_7series_v4_2_bank_state(DATA...
Compiling module xil_defaultlib.mig_7series_v4_2_bank_queue(ORDE...
Compiling module xil_defaultlib.mig_7series_v4_2_bank_cntrl(COL_...
Compiling module xil_defaultlib.mig_7series_v4_2_bank_state(DATA...
Compiling module xil_defaultlib.mig_7series_v4_2_bank_queue(ORDE...
Compiling module xil_defaultlib.mig_7series_v4_2_bank_cntrl(COL_...
Compiling module xil_defaultlib.mig_7series_v4_2_bank_state(DATA...
Compiling module xil_defaultlib.mig_7series_v4_2_bank_queue(ORDE...
Compiling module xil_defaultlib.mig_7series_v4_2_bank_cntrl(COL_...
Compiling module xil_defaultlib.mig_7series_v4_2_bank_state(DATA...
Compiling module xil_defaultlib.mig_7series_v4_2_bank_queue(ORDE...
Compiling module xil_defaultlib.mig_7series_v4_2_bank_cntrl(COL_...
Compiling module xil_defaultlib.mig_7series_v4_2_bank_common(LOW...
Compiling module xil_defaultlib.mig_7series_v4_2_round_robin_arb...
Compiling module xil_defaultlib.mig_7series_v4_2_arb_row_col(nCK...
Compiling module xil_defaultlib.mig_7series_v4_2_arb_select(CS_W...
Compiling module xil_defaultlib.mig_7series_v4_2_arb_mux(CS_WIDT...
Compiling module xil_defaultlib.mig_7series_v4_2_bank_mach(COL_W...
Compiling module unisims_ver.RAM32M
Compiling module xil_defaultlib.mig_7series_v4_2_col_mach(COL_WI...
Compiling module xil_defaultlib.mig_7series_v4_2_mc(CL=6,COL_WID...
Compiling module unisims_ver.OBUF
Compiling module unisims_ver.OBUFT
Compiling module unisims_ver.IOBUF_INTERMDISABLE(IBUF_LOW_PWR...
Compiling module unisims_ver.IOBUFDS_DIFF_OUT_INTERMDISABLE(D...
Compiling module unisims_ver.IDDR
Compiling module xil_defaultlib.mig_7series_v4_2_poc_pd_default
Compiling module xil_defaultlib.mig_7series_v4_2_ddr_of_pre_fifo...
Compiling module xil_defaultlib.mig_7series_v4_2_ddr_of_pre_fifo...
Compiling module unisims_ver.BUFIO
Compiling module xil_defaultlib.mig_7series_v4_2_ddr_if_post_fif...
Compiling module xil_defaultlib.mig_7series_v4_2_ddr_of_pre_fifo...
Compiling secureip modules ...
Compiling module unisims_ver.PHASER_IN_PHY(BURST_MODE="TRUE",...
Compiling secureip modules ...
Compiling module unisims_ver.PHASER_OUT_PHY(CLKOUT_DIV=2,DATA...
Compiling secureip modules ...
Compiling module unisims_ver.IN_FIFO
Compiling secureip modules ...
Compiling module unisims_ver.OUT_FIFO
Compiling secureip modules ...
Compiling module unisims_ver.ISERDESE2(INTERFACE_TYPE="MEMORY...
Compiling module unisims_ver.IDELAYE2(HIGH_PERFORMANCE_MODE="...
Compiling secureip modules ...
Compiling module unisims_ver.OSERDESE2(DATA_WIDTH=32'sb0100,I...
Compiling secureip modules ...
Compiling module unisims_ver.OSERDESE2(DATA_WIDTH=32'sb0100,I...
Compiling module unisims_ver.ODDR(DDR_CLK_EDGE="SAME_EDGE")
Compiling module xil_defaultlib.mig_7series_v4_2_ddr_byte_group_...
Compiling module xil_defaultlib.mig_7series_v4_2_ddr_byte_lane(P...
Compiling module xil_defaultlib.mig_7series_v4_2_ddr_byte_group_...
Compiling module xil_defaultlib.mig_7series_v4_2_ddr_byte_lane(A...
Compiling module xil_defaultlib.mig_7series_v4_2_ddr_byte_group_...
Compiling module xil_defaultlib.mig_7series_v4_2_ddr_byte_lane(A...
Compiling module xil_defaultlib.mig_7series_v4_2_ddr_byte_group_...
Compiling module xil_defaultlib.mig_7series_v4_2_ddr_byte_lane(A...
Compiling secureip modules ...
Compiling module unisims_ver.PHY_CONTROL(AO_TOGGLE=1,BURST_MO...
Compiling module unisims_ver.PHASER_REF
Compiling module xil_defaultlib.mig_7series_v4_2_ddr_phy_4lanes(...
Compiling module unisims_ver.PHASER_OUT_PHY(FINE_DELAY=60,MEM...
Compiling module unisims_ver.OUT_FIFO(ARRAY_MODE="ARRAY_MODE_...
Compiling secureip modules ...
Compiling module unisims_ver.OSERDESE2(DATA_RATE_OQ="SDR",DAT...
Compiling module xil_defaultlib.mig_7series_v4_2_ddr_byte_group_...
Compiling module xil_defaultlib.mig_7series_v4_2_ddr_byte_lane(A...
Compiling module xil_defaultlib.mig_7series_v4_2_ddr_byte_group_...
Compiling module xil_defaultlib.mig_7series_v4_2_ddr_byte_lane(A...
Compiling module xil_defaultlib.mig_7series_v4_2_ddr_byte_group_...
Compiling module unisims_ver.OBUFDS
Compiling module xil_defaultlib.mig_7series_v4_2_ddr_byte_lane(A...
Compiling module unisims_ver.PHY_CONTROL(AO_TOGGLE=1,BURST_MO...
Compiling module xil_defaultlib.mig_7series_v4_2_ddr_phy_4lanes(...
Compiling module xil_defaultlib.mig_7series_v4_2_ddr_mc_phy(BYTE...
Compiling module xil_defaultlib.mig_7series_v4_2_ddr_mc_phy_wrap...
Compiling module xil_defaultlib.mig_7series_v4_2_ddr_prbs_gen(DQ...
Compiling module xil_defaultlib.mig_7series_v4_2_ddr_phy_init(tC...
Compiling module xil_defaultlib.mig_7series_v4_2_ddr_phy_wrcal(n...
Compiling module xil_defaultlib.mig_7series_v4_2_ddr_phy_wrlvl(D...
Compiling module xil_defaultlib.mig_7series_v4_2_ddr_phy_ck_addr...
Compiling module xil_defaultlib.mig_7series_v4_2_ddr_phy_dqs_fou...
Compiling module xil_defaultlib.mig_7series_v4_2_ddr_phy_rdlvl(n...
Compiling module xil_defaultlib.mig_7series_v4_2_ddr_phy_prbs_rd...
Compiling module xil_defaultlib.mig_7series_v4_2_ddr_phy_tempmon...
Compiling module xil_defaultlib.mig_7series_v4_2_ddr_calib_top(n...
Compiling module xil_defaultlib.mig_7series_v4_2_ddr_phy_top(DDR...
Compiling module xil_defaultlib.mig_7series_v4_2_mem_intfc(DDR3_...
Compiling module xil_defaultlib.mig_7series_v4_2_ui_cmd(ADDR_WID...
Compiling module xil_defaultlib.mig_7series_v4_2_ui_wr_data(nCK_...
Compiling module xil_defaultlib.mig_7series_v4_2_ui_rd_data(nCK_...
Compiling module xil_defaultlib.mig_7series_v4_2_ui_top(COL_WIDT...
Compiling module xil_defaultlib.mig_7series_v4_2_memc_ui_top_std...
Compiling module xil_defaultlib.mig_7series_0_mig_default
Compiling module xil_defaultlib.mig_7series_0
Compiling module fifo_generator_v13_2_3.fifo_generator_v13_2_3_sync_stag...
Compiling module fifo_generator_v13_2_3.fifo_generator_v13_2_3_bhv_ver_a...
Compiling module fifo_generator_v13_2_3.fifo_generator_v13_2_3_bhv_ver_p...
Compiling module fifo_generator_v13_2_3.fifo_generator_v13_2_3_CONV_VER(...
Compiling module fifo_generator_v13_2_3.fifo_generator_vlog_beh(C_DATA_C...
Compiling module fifo_generator_v13_2_3.fifo_generator_v13_2_3(C_EN_SAFE...
Compiling module xil_defaultlib.rd_fifo
Compiling module xil_defaultlib.wr_fifo
Compiling module xil_defaultlib.ddr3_fifo_ctrl
Compiling module xil_defaultlib.ddr3_fifo_ctrl_top
Compiling module xil_defaultlib.ddr3_top
Compiling module unisims_ver.IBUF
Compiling module unisims_ver.MMCME2_ADV(CLKFBOUT_MULT_F=20.0,...
Compiling module xil_defaultlib.clk_wiz_0_clk_wiz
Compiling module xil_defaultlib.clk_wiz_0
Compiling module xil_defaultlib.clk_div
Compiling module xil_defaultlib.rd_id
Compiling module xil_defaultlib.lcd_driver
Compiling module xil_defaultlib.lcd_disply
Compiling module xil_defaultlib.lcd_rgb_top
Compiling module xil_defaultlib.sl_uart_rx_default
Compiling module xil_defaultlib.v1_decode
Compiling module xil_defaultlib.sl_uart_tx_default
Compiling module xil_defaultlib.ctrl_link_tx_default
Compiling module xil_defaultlib.sensor_link
Compiling module xil_defaultlib.top_dual_ov5640_lcd
Compiling module xil_defaultlib.glbl
Built simulation snapshot top_dual_ov5640_lcd_behav
run_program: Time (s): cpu = 00:00:01 ; elapsed = 00:00:16 . Memory (MB): peak = 4379.906 ; gain = 0.000
INFO: [USF-XSim-69] 'elaborate' step finished in '16' seconds
INFO: [USF-XSim-4] XSim::Simulate design
INFO: [USF-XSim-61] Executing 'SIMULATE' step in 'E:/FPGA/project/smart_car_pld2026/my_car/prj/prj.sim/sim_1/behav/xsim'
INFO: [USF-XSim-98] *** Running xsim
   with args "top_dual_ov5640_lcd_behav -key {Behavioral:sim_1:Functional:top_dual_ov5640_lcd} -tclbatch {top_dual_ov5640_lcd.tcl} -log {simulate.log}"
INFO: [USF-XSim-8] Loading simulator feature
Vivado Simulator 2018.3
Time resolution is 1 fs
source top_dual_ov5640_lcd.tcl
# set curr_wave [current_wave_config]
# if { [string length $curr_wave] == 0 } {
#   if { [llength [get_objects]] > 0} {
#     add_wave /
#     set_property needs_save false [current_wave_config]
#   } else {
#      send_msg_id Add_Wave-1 WARNING "No top level signals found. Simulator will start without a wave window. If you want to open a wave window go to 'File->New Waveform Configuration' or type 'create_wave_config' in the TCL console."
#   }
# }
# run 1000ns
WARNING: file design.txt could not be opened
 *** Warning: The analog data file design.txt for XADC instance top_dual_ov5640_lcd.u_ddr3_top.u_mig_7series_0.u_mig_7series_0_mig.temp_mon_enabled.u_tempmon.xadc_supplied_temperature.XADC_inst was not found. Use the SIM_MONITOR_FILE parameter to specify the analog data file name or use the default name: design.txt.

############# Write Clocks PLLE2_ADV Parameters #############

nCK_PER_CLK      =       4
CLK_PERIOD       =    5000
CLKIN1_PERIOD    =   5.000
DIVCLK_DIVIDE    =       1
CLKFBOUT_MULT    =       4
VCO_PERIOD       =  1250.0
CLKOUT0_DIVIDE_F =       1
CLKOUT1_DIVIDE   =       2
CLKOUT2_DIVIDE   =      32
CLKOUT3_DIVIDE   =       8
CLKOUT0_PERIOD   =    1250
CLKOUT1_PERIOD   =    2500
CLKOUT2_PERIOD   =   40000
CLKOUT3_PERIOD   =   10000
CLKOUT4_PERIOD   =    5000
############################################################

############# MMCME2_ADV Parameters #############

MMCM_MULT_F           =           8
MMCM_VCO_FREQ (MHz)   = 800.000
MMCM_VCO_PERIOD       = 1250.000
#################################################

top_dual_ov5640_lcd.u_ddr3_top.u_mig_7series_0.u_mig_7series_0_mig.u_memc_ui_top_std.mem_intfc0.ddr_phy_top0.u_ddr_mc_phy_wrapper.u_ddr_mc_phy : BYTE_LANES_B0 = f BYTE_LANES_B1 = e DATA_CTL_B0 = f DATA_CTL_B1 = 0
top_dual_ov5640_lcd.u_ddr3_top.u_mig_7series_0.u_mig_7series_0_mig.u_memc_ui_top_std.mem_intfc0.ddr_phy_top0.u_ddr_mc_phy_wrapper.u_ddr_mc_phy : HIGHEST_LANE =           8 HIGHEST_LANE_B0 =           4 HIGHEST_LANE_B1 =           4
top_dual_ov5640_lcd.u_ddr3_top.u_mig_7series_0.u_mig_7series_0_mig.u_memc_ui_top_std.mem_intfc0.ddr_phy_top0.u_ddr_mc_phy_wrapper.u_ddr_mc_phy : HIGHEST_BANK =           2
top_dual_ov5640_lcd.u_ddr3_top.u_mig_7series_0.u_mig_7series_0_mig.u_memc_ui_top_std.mem_intfc0.ddr_phy_top0.u_ddr_mc_phy_wrapper.u_ddr_mc_phy : FREQ_REF_PERIOD         = 1250.00 
top_dual_ov5640_lcd.u_ddr3_top.u_mig_7series_0.u_mig_7series_0_mig.u_memc_ui_top_std.mem_intfc0.ddr_phy_top0.u_ddr_mc_phy_wrapper.u_ddr_mc_phy : DDR_TCK                 = 2500 
top_dual_ov5640_lcd.u_ddr3_top.u_mig_7series_0.u_mig_7series_0_mig.u_memc_ui_top_std.mem_intfc0.ddr_phy_top0.u_ddr_mc_phy_wrapper.u_ddr_mc_phy : PO_S2_TAPS_SIZE         = 9.77 
top_dual_ov5640_lcd.u_ddr3_top.u_mig_7series_0.u_mig_7series_0_mig.u_memc_ui_top_std.mem_intfc0.ddr_phy_top0.u_ddr_mc_phy_wrapper.u_ddr_mc_phy : PO_CIRC_BUF_EARLY       = 1 
top_dual_ov5640_lcd.u_ddr3_top.u_mig_7series_0.u_mig_7series_0_mig.u_memc_ui_top_std.mem_intfc0.ddr_phy_top0.u_ddr_mc_phy_wrapper.u_ddr_mc_phy : PO_CIRC_BUF_OFFSET      = 1219.75 
top_dual_ov5640_lcd.u_ddr3_top.u_mig_7series_0.u_mig_7series_0_mig.u_memc_ui_top_std.mem_intfc0.ddr_phy_top0.u_ddr_mc_phy_wrapper.u_ddr_mc_phy : PO_CIRC_BUF_META_ZONE   = 200.00 
top_dual_ov5640_lcd.u_ddr3_top.u_mig_7series_0.u_mig_7series_0_mig.u_memc_ui_top_std.mem_intfc0.ddr_phy_top0.u_ddr_mc_phy_wrapper.u_ddr_mc_phy : PO_STG2_FINE_INTR_DLY   = 769.25 
top_dual_ov5640_lcd.u_ddr3_top.u_mig_7series_0.u_mig_7series_0_mig.u_memc_ui_top_std.mem_intfc0.ddr_phy_top0.u_ddr_mc_phy_wrapper.u_ddr_mc_phy : PO_STG2_COARSE_INTR_DLY = 511.00 
top_dual_ov5640_lcd.u_ddr3_top.u_mig_7series_0.u_mig_7series_0_mig.u_memc_ui_top_std.mem_intfc0.ddr_phy_top0.u_ddr_mc_phy_wrapper.u_ddr_mc_phy : PO_STG2_INTRINSIC_DELAY = 1280.25 
top_dual_ov5640_lcd.u_ddr3_top.u_mig_7series_0.u_mig_7series_0_mig.u_memc_ui_top_std.mem_intfc0.ddr_phy_top0.u_ddr_mc_phy_wrapper.u_ddr_mc_phy : PO_CIRC_BUF_DELAY       = 60 
top_dual_ov5640_lcd.u_ddr3_top.u_mig_7series_0.u_mig_7series_0_mig.u_memc_ui_top_std.mem_intfc0.ddr_phy_top0.u_ddr_mc_phy_wrapper.u_ddr_mc_phy : PO_INTRINSIC_DELAY      = 1280.25 
top_dual_ov5640_lcd.u_ddr3_top.u_mig_7series_0.u_mig_7series_0_mig.u_memc_ui_top_std.mem_intfc0.ddr_phy_top0.u_ddr_mc_phy_wrapper.u_ddr_mc_phy : PO_DELAY                = 1866.19 
top_dual_ov5640_lcd.u_ddr3_top.u_mig_7series_0.u_mig_7series_0_mig.u_memc_ui_top_std.mem_intfc0.ddr_phy_top0.u_ddr_mc_phy_wrapper.u_ddr_mc_phy : PO_OCLK_DELAY           = 0 
top_dual_ov5640_lcd.u_ddr3_top.u_mig_7series_0.u_mig_7series_0_mig.u_memc_ui_top_std.mem_intfc0.ddr_phy_top0.u_ddr_mc_phy_wrapper.u_ddr_mc_phy : L_PHY_0_PO_FINE_DELAY   = 60 
top_dual_ov5640_lcd.u_ddr3_top.u_mig_7series_0.u_mig_7series_0_mig.u_memc_ui_top_std.mem_intfc0.ddr_phy_top0.u_ddr_mc_phy_wrapper.u_ddr_mc_phy : PI_STG1_INTRINSIC_DELAY = 0.00 
top_dual_ov5640_lcd.u_ddr3_top.u_mig_7series_0.u_mig_7series_0_mig.u_memc_ui_top_std.mem_intfc0.ddr_phy_top0.u_ddr_mc_phy_wrapper.u_ddr_mc_phy : PI_STG2_INTRINSIC_DELAY = 744.00 
top_dual_ov5640_lcd.u_ddr3_top.u_mig_7series_0.u_mig_7series_0_mig.u_memc_ui_top_std.mem_intfc0.ddr_phy_top0.u_ddr_mc_phy_wrapper.u_ddr_mc_phy : PI_INTRINSIC_DELAY      = 744.00 
top_dual_ov5640_lcd.u_ddr3_top.u_mig_7series_0.u_mig_7series_0_mig.u_memc_ui_top_std.mem_intfc0.ddr_phy_top0.u_ddr_mc_phy_wrapper.u_ddr_mc_phy : PI_MAX_STG2_DELAY       = 615.23 
top_dual_ov5640_lcd.u_ddr3_top.u_mig_7series_0.u_mig_7series_0_mig.u_memc_ui_top_std.mem_intfc0.ddr_phy_top0.u_ddr_mc_phy_wrapper.u_ddr_mc_phy : PI_OFFSET               = -78.00 
top_dual_ov5640_lcd.u_ddr3_top.u_mig_7series_0.u_mig_7series_0_mig.u_memc_ui_top_std.mem_intfc0.ddr_phy_top0.u_ddr_mc_phy_wrapper.u_ddr_mc_phy : a negative PI_OFFSET means that rclk path is longer than oclk path so rclk will be delayed to next oclk edge and the negedge of rclk may be used.
top_dual_ov5640_lcd.u_ddr3_top.u_mig_7series_0.u_mig_7series_0_mig.u_memc_ui_top_std.mem_intfc0.ddr_phy_top0.u_ddr_mc_phy_wrapper.u_ddr_mc_phy : PI_STG2_DELAY           = 615.23 
top_dual_ov5640_lcd.u_ddr3_top.u_mig_7series_0.u_mig_7series_0_mig.u_memc_ui_top_std.mem_intfc0.ddr_phy_top0.u_ddr_mc_phy_wrapper.u_ddr_mc_phy :PI_STG2_DELAY_CAND       = 1172.00 
top_dual_ov5640_lcd.u_ddr3_top.u_mig_7series_0.u_mig_7series_0_mig.u_memc_ui_top_std.mem_intfc0.ddr_phy_top0.u_ddr_mc_phy_wrapper.u_ddr_mc_phy : DEFAULT_RCLK_DELAY      = 63 
top_dual_ov5640_lcd.u_ddr3_top.u_mig_7series_0.u_mig_7series_0_mig.u_memc_ui_top_std.mem_intfc0.ddr_phy_top0.u_ddr_mc_phy_wrapper.u_ddr_mc_phy : RCLK_SELECT_EDGE        = 0 
WARNING: top_dual_ov5640_lcd.u_ddr3_top.u_mig_7series_0.u_mig_7series_0_mig.u_memc_ui_top_std.mem_intfc0.ddr_phy_top0.u_ddr_mc_phy_wrapper.u_ddr_mc_phy: The required delay though the phaser_in to internally match the aux_out clock  to ddr clock exceeds the maximum allowable delay. The clock edge  will occur at the output registers of aux_out 556.77 ps before the ddr clock  edge. If aux_out is used for memory inputs, this may violate setup or hold time.
WARNING: Behavioral models for independent clock FIFO configurations do not model synchronization delays. The behavioral models are functionally correct, and will represent the behavior of the configured FIFO. See the FIFO Generator User Guide for more information.
WARNING: Behavioral models for independent clock FIFO configurations do not model synchronization delays. The behavioral models are functionally correct, and will represent the behavior of the configured FIFO. See the FIFO Generator User Guide for more information.
WARNING: Behavioral models for independent clock FIFO configurations do not model synchronization delays. The behavioral models are functionally correct, and will represent the behavior of the configured FIFO. See the FIFO Generator User Guide for more information.
WARNING: Behavioral models for independent clock FIFO configurations do not model synchronization delays. The behavioral models are functionally correct, and will represent the behavior of the configured FIFO. See the FIFO Generator User Guide for more information.
INFO: [USF-XSim-96] XSim completed. Design snapshot 'top_dual_ov5640_lcd_behav' loaded.
INFO: [USF-XSim-97] XSim simulation ran for 1000ns
launch_simulation: Time (s): cpu = 00:00:04 ; elapsed = 00:00:33 . Memory (MB): peak = 4379.906 ; gain = 0.000
reset_run synth_1
WARNING: [Vivado 12-1017] Problems encountered:
1. Failed to delete one or more files in run directory E:/FPGA/project/smart_car_pld2026/my_car/prj/prj.runs/synth_1

launch_runs impl_1 -jobs 12
INFO: [Vivado 12-4149] The synthesis checkpoint for IP 'E:/FPGA/project/smart_car_pld2026/my_car/prj/prj.srcs/sources_1/ip/rd_fifo/rd_fifo.xci' is already up-to-date
WARNING: [Project 1-478] Design 'synth_1' is stale and will not be used when launching 'impl_1'
[Sun Jul 26 15:47:30 2026] Launched synth_1...
Run output will be captured here: E:/FPGA/project/smart_car_pld2026/my_car/prj/prj.runs/synth_1/runme.log
[Sun Jul 26 15:47:30 2026] Launched impl_1...
Run output will be captured here: E:/FPGA/project/smart_car_pld2026/my_car/prj/prj.runs/impl_1/runme.log
launch_runs impl_1 -to_step write_bitstream -jobs 12
INFO: [Vivado 12-4149] The synthesis checkpoint for IP 'E:/FPGA/project/smart_car_pld2026/my_car/prj/prj.srcs/sources_1/ip/rd_fifo/rd_fifo.xci' is already up-to-date
[Sun Jul 26 15:51:51 2026] Launched impl_1...
Run output will be captured here: E:/FPGA/project/smart_car_pld2026/my_car/prj/prj.runs/impl_1/runme.log
set_property PROBES.FILE {} [get_hw_devices xc7a100t_0]
set_property FULL_PROBES.FILE {} [get_hw_devices xc7a100t_0]
set_property PROGRAM.FILE {E:/FPGA/project/smart_car_pld2026/my_car/prj/prj.runs/impl_1/top_dual_ov5640_lcd.bit} [get_hw_devices xc7a100t_0]
program_hw_devices [get_hw_devices xc7a100t_0]
INFO: [Labtools 27-3164] End of startup status: HIGH
refresh_hw_device [lindex [get_hw_devices xc7a100t_0] 0]
INFO: [Labtools 27-1434] Device xc7a100t (JTAG device index = 0) is programmed with a design that has no supported debug core(s) in it.
close_sim
INFO: [Simtcl 6-16] Simulation closed
launch_simulation
INFO: [Vivado 12-5698] Checking validity of IPs in the design for the 'XSim' simulator...
INFO: [Vivado 12-5682] Launching behavioral simulation in 'E:/FPGA/project/smart_car_pld2026/my_car/prj/prj.sim/sim_1/behav/xsim'
INFO: [Vivado 12-4795] Using compiled simulation libraries for IPs
INFO: [SIM-utils-51] Simulation object is 'sim_1'
INFO: [USF-XSim-7] Finding pre-compiled libraries...
INFO: [USF-XSim-11] File 'D:/Xilinx/Vivado/2018.3/data/xsim/xsim.ini' copied to run dir:'E:/FPGA/project/smart_car_pld2026/my_car/prj/prj.sim/sim_1/behav/xsim'
INFO: [SIM-utils-54] Inspecting design source files for 'top_dual_ov5640_lcd' in fileset 'sim_1'...
INFO: [USF-XSim-97] Finding global include files...
INFO: [USF-XSim-98] Fetching design files from 'sim_1'...
INFO: [USF-XSim-2] XSim::Compile design
INFO: [USF-XSim-61] Executing 'COMPILE and ANALYZE' step in 'E:/FPGA/project/smart_car_pld2026/my_car/prj/prj.sim/sim_1/behav/xsim'
"xvlog --incr --relax -prj top_dual_ov5640_lcd_vlog.prj"
INFO: [VRFC 10-2263] Analyzing Verilog file "E:/FPGA/project/smart_car_pld2026/my_car/prj/prj.srcs/sources_1/ip/clk_wiz_0/clk_wiz_0_clk_wiz.v" into library xil_defaultlib
INFO: [VRFC 10-311] analyzing module clk_wiz_0_clk_wiz
INFO: [VRFC 10-2263] Analyzing Verilog file "E:/FPGA/project/smart_car_pld2026/my_car/prj/prj.srcs/sources_1/ip/clk_wiz_0/clk_wiz_0.v" into library xil_defaultlib
INFO: [VRFC 10-311] analyzing module clk_wiz_0
INFO: [VRFC 10-2263] Analyzing Verilog file "E:/FPGA/project/smart_car_pld2026/my_car/prj/prj.srcs/sources_1/ip/wr_fifo/sim/wr_fifo.v" into library xil_defaultlib
INFO: [VRFC 10-311] analyzing module wr_fifo
INFO: [VRFC 10-2263] Analyzing Verilog file "E:/FPGA/project/smart_car_pld2026/my_car/prj/prj.srcs/sources_1/ip/rd_fifo/sim/rd_fifo.v" into library xil_defaultlib
INFO: [VRFC 10-311] analyzing module rd_fifo
INFO: [VRFC 10-2263] Analyzing Verilog file "E:/FPGA/project/smart_car_pld2026/my_car/prj/prj.srcs/sources_1/ip/mig_7series_0/mig_7series_0/user_design/rtl/clocking/mig_7series_v4_2_clk_ibuf.v" into library xil_defaultlib
INFO: [VRFC 10-311] analyzing module mig_7series_v4_2_clk_ibuf
INFO: [VRFC 10-2263] Analyzing Verilog file "E:/FPGA/project/smart_car_pld2026/my_car/prj/prj.srcs/sources_1/ip/mig_7series_0/mig_7series_0/user_design/rtl/clocking/mig_7series_v4_2_infrastructure.v" into library xil_defaultlib
INFO: [VRFC 10-311] analyzing module mig_7series_v4_2_infrastructure
INFO: [VRFC 10-2263] Analyzing Verilog file "E:/FPGA/project/smart_car_pld2026/my_car/prj/prj.srcs/sources_1/ip/mig_7series_0/mig_7series_0/user_design/rtl/clocking/mig_7series_v4_2_iodelay_ctrl.v" into library xil_defaultlib
INFO: [VRFC 10-311] analyzing module mig_7series_v4_2_iodelay_ctrl
INFO: [VRFC 10-2263] Analyzing Verilog file "E:/FPGA/project/smart_car_pld2026/my_car/prj/prj.srcs/sources_1/ip/mig_7series_0/mig_7series_0/user_design/rtl/clocking/mig_7series_v4_2_tempmon.v" into library xil_defaultlib
INFO: [VRFC 10-311] analyzing module mig_7series_v4_2_tempmon
INFO: [VRFC 10-2263] Analyzing Verilog file "E:/FPGA/project/smart_car_pld2026/my_car/prj/prj.srcs/sources_1/ip/mig_7series_0/mig_7series_0/user_design/rtl/controller/mig_7series_v4_2_arb_mux.v" into library xil_defaultlib
INFO: [VRFC 10-311] analyzing module mig_7series_v4_2_arb_mux
INFO: [VRFC 10-2263] Analyzing Verilog file "E:/FPGA/project/smart_car_pld2026/my_car/prj/prj.srcs/sources_1/ip/mig_7series_0/mig_7series_0/user_design/rtl/controller/mig_7series_v4_2_arb_row_col.v" into library xil_defaultlib
INFO: [VRFC 10-311] analyzing module mig_7series_v4_2_arb_row_col
WARNING: [VRFC 10-2654] begin/end is required for generate-for in this mode of verilog [E:/FPGA/project/smart_car_pld2026/my_car/prj/prj.srcs/sources_1/ip/mig_7series_0/mig_7series_0/user_design/rtl/controller/mig_7series_v4_2_arb_row_col.v:252]
INFO: [VRFC 10-2263] Analyzing Verilog file "E:/FPGA/project/smart_car_pld2026/my_car/prj/prj.srcs/sources_1/ip/mig_7series_0/mig_7series_0/user_design/rtl/controller/mig_7series_v4_2_arb_select.v" into library xil_defaultlib
INFO: [VRFC 10-311] analyzing module mig_7series_v4_2_arb_select
INFO: [VRFC 10-2263] Analyzing Verilog file "E:/FPGA/project/smart_car_pld2026/my_car/prj/prj.srcs/sources_1/ip/mig_7series_0/mig_7series_0/user_design/rtl/controller/mig_7series_v4_2_bank_cntrl.v" into library xil_defaultlib
INFO: [VRFC 10-311] analyzing module mig_7series_v4_2_bank_cntrl
INFO: [VRFC 10-2263] Analyzing Verilog file "E:/FPGA/project/smart_car_pld2026/my_car/prj/prj.srcs/sources_1/ip/mig_7series_0/mig_7series_0/user_design/rtl/controller/mig_7series_v4_2_bank_common.v" into library xil_defaultlib
INFO: [VRFC 10-311] analyzing module mig_7series_v4_2_bank_common
INFO: [VRFC 10-2263] Analyzing Verilog file "E:/FPGA/project/smart_car_pld2026/my_car/prj/prj.srcs/sources_1/ip/mig_7series_0/mig_7series_0/user_design/rtl/controller/mig_7series_v4_2_bank_compare.v" into library xil_defaultlib
INFO: [VRFC 10-311] analyzing module mig_7series_v4_2_bank_compare
INFO: [VRFC 10-2263] Analyzing Verilog file "E:/FPGA/project/smart_car_pld2026/my_car/prj/prj.srcs/sources_1/ip/mig_7series_0/mig_7series_0/user_design/rtl/controller/mig_7series_v4_2_bank_mach.v" into library xil_defaultlib
INFO: [VRFC 10-311] analyzing module mig_7series_v4_2_bank_mach
INFO: [VRFC 10-2263] Analyzing Verilog file "E:/FPGA/project/smart_car_pld2026/my_car/prj/prj.srcs/sources_1/ip/mig_7series_0/mig_7series_0/user_design/rtl/controller/mig_7series_v4_2_bank_queue.v" into library xil_defaultlib
INFO: [VRFC 10-311] analyzing module mig_7series_v4_2_bank_queue
INFO: [VRFC 10-2263] Analyzing Verilog file "E:/FPGA/project/smart_car_pld2026/my_car/prj/prj.srcs/sources_1/ip/mig_7series_0/mig_7series_0/user_design/rtl/controller/mig_7series_v4_2_bank_state.v" into library xil_defaultlib
INFO: [VRFC 10-311] analyzing module mig_7series_v4_2_bank_state
INFO: [VRFC 10-2263] Analyzing Verilog file "E:/FPGA/project/smart_car_pld2026/my_car/prj/prj.srcs/sources_1/ip/mig_7series_0/mig_7series_0/user_design/rtl/controller/mig_7series_v4_2_col_mach.v" into library xil_defaultlib
INFO: [VRFC 10-311] analyzing module mig_7series_v4_2_col_mach
INFO: [VRFC 10-2263] Analyzing Verilog file "E:/FPGA/project/smart_car_pld2026/my_car/prj/prj.srcs/sources_1/ip/mig_7series_0/mig_7series_0/user_design/rtl/controller/mig_7series_v4_2_mc.v" into library xil_defaultlib
INFO: [VRFC 10-311] analyzing module mig_7series_v4_2_mc
INFO: [VRFC 10-2263] Analyzing Verilog file "E:/FPGA/project/smart_car_pld2026/my_car/prj/prj.srcs/sources_1/ip/mig_7series_0/mig_7series_0/user_design/rtl/controller/mig_7series_v4_2_rank_cntrl.v" into library xil_defaultlib
INFO: [VRFC 10-311] analyzing module mig_7series_v4_2_rank_cntrl
INFO: [VRFC 10-2263] Analyzing Verilog file "E:/FPGA/project/smart_car_pld2026/my_car/prj/prj.srcs/sources_1/ip/mig_7series_0/mig_7series_0/user_design/rtl/controller/mig_7series_v4_2_rank_common.v" into library xil_defaultlib
INFO: [VRFC 10-311] analyzing module mig_7series_v4_2_rank_common
INFO: [VRFC 10-2263] Analyzing Verilog file "E:/FPGA/project/smart_car_pld2026/my_car/prj/prj.srcs/sources_1/ip/mig_7series_0/mig_7series_0/user_design/rtl/controller/mig_7series_v4_2_rank_mach.v" into library xil_defaultlib
INFO: [VRFC 10-311] analyzing module mig_7series_v4_2_rank_mach
INFO: [VRFC 10-2263] Analyzing Verilog file "E:/FPGA/project/smart_car_pld2026/my_car/prj/prj.srcs/sources_1/ip/mig_7series_0/mig_7series_0/user_design/rtl/controller/mig_7series_v4_2_round_robin_arb.v" into library xil_defaultlib
INFO: [VRFC 10-311] analyzing module mig_7series_v4_2_round_robin_arb
INFO: [VRFC 10-2263] Analyzing Verilog file "E:/FPGA/project/smart_car_pld2026/my_car/prj/prj.srcs/sources_1/ip/mig_7series_0/mig_7series_0/user_design/rtl/ecc/mig_7series_v4_2_ecc_buf.v" into library xil_defaultlib
INFO: [VRFC 10-311] analyzing module mig_7series_v4_2_ecc_buf
INFO: [VRFC 10-2263] Analyzing Verilog file "E:/FPGA/project/smart_car_pld2026/my_car/prj/prj.srcs/sources_1/ip/mig_7series_0/mig_7series_0/user_design/rtl/ecc/mig_7series_v4_2_ecc_dec_fix.v" into library xil_defaultlib
INFO: [VRFC 10-311] analyzing module mig_7series_v4_2_ecc_dec_fix
INFO: [VRFC 10-2263] Analyzing Verilog file "E:/FPGA/project/smart_car_pld2026/my_car/prj/prj.srcs/sources_1/ip/mig_7series_0/mig_7series_0/user_design/rtl/ecc/mig_7series_v4_2_ecc_gen.v" into library xil_defaultlib
INFO: [VRFC 10-311] analyzing module mig_7series_v4_2_ecc_gen
INFO: [VRFC 10-2263] Analyzing Verilog file "E:/FPGA/project/smart_car_pld2026/my_car/prj/prj.srcs/sources_1/ip/mig_7series_0/mig_7series_0/user_design/rtl/ecc/mig_7series_v4_2_ecc_merge_enc.v" into library xil_defaultlib
INFO: [VRFC 10-311] analyzing module mig_7series_v4_2_ecc_merge_enc
INFO: [VRFC 10-2263] Analyzing Verilog file "E:/FPGA/project/smart_car_pld2026/my_car/prj/prj.srcs/sources_1/ip/mig_7series_0/mig_7series_0/user_design/rtl/ecc/mig_7series_v4_2_fi_xor.v" into library xil_defaultlib
INFO: [VRFC 10-311] analyzing module mig_7series_v4_2_fi_xor
INFO: [VRFC 10-2263] Analyzing Verilog file "E:/FPGA/project/smart_car_pld2026/my_car/prj/prj.srcs/sources_1/ip/mig_7series_0/mig_7series_0/user_design/rtl/ip_top/mig_7series_v4_2_memc_ui_top_std.v" into library xil_defaultlib
INFO: [VRFC 10-311] analyzing module mig_7series_v4_2_memc_ui_top_std
INFO: [VRFC 10-2263] Analyzing Verilog file "E:/FPGA/project/smart_car_pld2026/my_car/prj/prj.srcs/sources_1/ip/mig_7series_0/mig_7series_0/user_design/rtl/ip_top/mig_7series_v4_2_mem_intfc.v" into library xil_defaultlib
INFO: [VRFC 10-311] analyzing module mig_7series_v4_2_mem_intfc
INFO: [VRFC 10-2263] Analyzing Verilog file "E:/FPGA/project/smart_car_pld2026/my_car/prj/prj.srcs/sources_1/ip/mig_7series_0/mig_7series_0/user_design/rtl/phy/mig_7series_v4_2_ddr_byte_group_io.v" into library xil_defaultlib
INFO: [VRFC 10-311] analyzing module mig_7series_v4_2_ddr_byte_group_io
INFO: [VRFC 10-2263] Analyzing Verilog file "E:/FPGA/project/smart_car_pld2026/my_car/prj/prj.srcs/sources_1/ip/mig_7series_0/mig_7series_0/user_design/rtl/phy/mig_7series_v4_2_ddr_byte_lane.v" into library xil_defaultlib
INFO: [VRFC 10-311] analyzing module mig_7series_v4_2_ddr_byte_lane
INFO: [VRFC 10-2263] Analyzing Verilog file "E:/FPGA/project/smart_car_pld2026/my_car/prj/prj.srcs/sources_1/ip/mig_7series_0/mig_7series_0/user_design/rtl/phy/mig_7series_v4_2_ddr_calib_top.v" into library xil_defaultlib
INFO: [VRFC 10-311] analyzing module mig_7series_v4_2_ddr_calib_top
INFO: [VRFC 10-2263] Analyzing Verilog file "E:/FPGA/project/smart_car_pld2026/my_car/prj/prj.srcs/sources_1/ip/mig_7series_0/mig_7series_0/user_design/rtl/phy/mig_7series_v4_2_ddr_if_post_fifo.v" into library xil_defaultlib
INFO: [VRFC 10-311] analyzing module mig_7series_v4_2_ddr_if_post_fifo
INFO: [VRFC 10-2263] Analyzing Verilog file "E:/FPGA/project/smart_car_pld2026/my_car/prj/prj.srcs/sources_1/ip/mig_7series_0/mig_7series_0/user_design/rtl/phy/mig_7series_v4_2_ddr_mc_phy.v" into library xil_defaultlib
INFO: [VRFC 10-311] analyzing module mig_7series_v4_2_ddr_mc_phy
INFO: [VRFC 10-2263] Analyzing Verilog file "E:/FPGA/project/smart_car_pld2026/my_car/prj/prj.srcs/sources_1/ip/mig_7series_0/mig_7series_0/user_design/rtl/phy/mig_7series_v4_2_ddr_mc_phy_wrapper.v" into library xil_defaultlib
INFO: [VRFC 10-311] analyzing module mig_7series_v4_2_ddr_mc_phy_wrapper
INFO: [VRFC 10-2263] Analyzing Verilog file "E:/FPGA/project/smart_car_pld2026/my_car/prj/prj.srcs/sources_1/ip/mig_7series_0/mig_7series_0/user_design/rtl/phy/mig_7series_v4_2_ddr_of_pre_fifo.v" into library xil_defaultlib
INFO: [VRFC 10-311] analyzing module mig_7series_v4_2_ddr_of_pre_fifo
INFO: [VRFC 10-2263] Analyzing Verilog file "E:/FPGA/project/smart_car_pld2026/my_car/prj/prj.srcs/sources_1/ip/mig_7series_0/mig_7series_0/user_design/rtl/phy/mig_7series_v4_2_ddr_phy_4lanes.v" into library xil_defaultlib
INFO: [VRFC 10-311] analyzing module mig_7series_v4_2_ddr_phy_4lanes
INFO: [VRFC 10-2263] Analyzing Verilog file "E:/FPGA/project/smart_car_pld2026/my_car/prj/prj.srcs/sources_1/ip/mig_7series_0/mig_7series_0/user_design/rtl/phy/mig_7series_v4_2_ddr_phy_ck_addr_cmd_delay.v" into library xil_defaultlib
INFO: [VRFC 10-311] analyzing module mig_7series_v4_2_ddr_phy_ck_addr_cmd_delay
INFO: [VRFC 10-2263] Analyzing Verilog file "E:/FPGA/project/smart_car_pld2026/my_car/prj/prj.srcs/sources_1/ip/mig_7series_0/mig_7series_0/user_design/rtl/phy/mig_7series_v4_2_ddr_phy_dqs_found_cal.v" into library xil_defaultlib
INFO: [VRFC 10-311] analyzing module mig_7series_v4_2_ddr_phy_dqs_found_cal
INFO: [VRFC 10-2263] Analyzing Verilog file "E:/FPGA/project/smart_car_pld2026/my_car/prj/prj.srcs/sources_1/ip/mig_7series_0/mig_7series_0/user_design/rtl/phy/mig_7series_v4_2_ddr_phy_dqs_found_cal_hr.v" into library xil_defaultlib
INFO: [VRFC 10-311] analyzing module mig_7series_v4_2_ddr_phy_dqs_found_cal_hr
INFO: [VRFC 10-2263] Analyzing Verilog file "E:/FPGA/project/smart_car_pld2026/my_car/prj/prj.srcs/sources_1/ip/mig_7series_0/mig_7series_0/user_design/rtl/phy/mig_7series_v4_2_ddr_phy_init.v" into library xil_defaultlib
INFO: [VRFC 10-311] analyzing module mig_7series_v4_2_ddr_phy_init
INFO: [VRFC 10-2263] Analyzing Verilog file "E:/FPGA/project/smart_car_pld2026/my_car/prj/prj.srcs/sources_1/ip/mig_7series_0/mig_7series_0/user_design/rtl/phy/mig_7series_v4_2_ddr_phy_ocd_cntlr.v" into library xil_defaultlib
INFO: [VRFC 10-311] analyzing module mig_7series_v4_2_ddr_phy_ocd_cntlr
INFO: [VRFC 10-2263] Analyzing Verilog file "E:/FPGA/project/smart_car_pld2026/my_car/prj/prj.srcs/sources_1/ip/mig_7series_0/mig_7series_0/user_design/rtl/phy/mig_7series_v4_2_ddr_phy_ocd_data.v" into library xil_defaultlib
INFO: [VRFC 10-311] analyzing module mig_7series_v4_2_ddr_phy_ocd_data
INFO: [VRFC 10-2263] Analyzing Verilog file "E:/FPGA/project/smart_car_pld2026/my_car/prj/prj.srcs/sources_1/ip/mig_7series_0/mig_7series_0/user_design/rtl/phy/mig_7series_v4_2_ddr_phy_ocd_edge.v" into library xil_defaultlib
INFO: [VRFC 10-311] analyzing module mig_7series_v4_2_ddr_phy_ocd_edge
INFO: [VRFC 10-2263] Analyzing Verilog file "E:/FPGA/project/smart_car_pld2026/my_car/prj/prj.srcs/sources_1/ip/mig_7series_0/mig_7series_0/user_design/rtl/phy/mig_7series_v4_2_ddr_phy_ocd_lim.v" into library xil_defaultlib
INFO: [VRFC 10-311] analyzing module mig_7series_v4_2_ddr_phy_ocd_lim
INFO: [VRFC 10-2263] Analyzing Verilog file "E:/FPGA/project/smart_car_pld2026/my_car/prj/prj.srcs/sources_1/ip/mig_7series_0/mig_7series_0/user_design/rtl/phy/mig_7series_v4_2_ddr_phy_ocd_mux.v" into library xil_defaultlib
INFO: [VRFC 10-311] analyzing module mig_7series_v4_2_ddr_phy_ocd_mux
INFO: [VRFC 10-2263] Analyzing Verilog file "E:/FPGA/project/smart_car_pld2026/my_car/prj/prj.srcs/sources_1/ip/mig_7series_0/mig_7series_0/user_design/rtl/phy/mig_7series_v4_2_ddr_phy_ocd_po_cntlr.v" into library xil_defaultlib
INFO: [VRFC 10-311] analyzing module mig_7series_v4_2_ddr_phy_ocd_po_cntlr
INFO: [VRFC 10-2263] Analyzing Verilog file "E:/FPGA/project/smart_car_pld2026/my_car/prj/prj.srcs/sources_1/ip/mig_7series_0/mig_7series_0/user_design/rtl/phy/mig_7series_v4_2_ddr_phy_ocd_samp.v" into library xil_defaultlib
INFO: [VRFC 10-311] analyzing module mig_7series_v4_2_ddr_phy_ocd_samp
INFO: [VRFC 10-2263] Analyzing Verilog file "E:/FPGA/project/smart_car_pld2026/my_car/prj/prj.srcs/sources_1/ip/mig_7series_0/mig_7series_0/user_design/rtl/phy/mig_7series_v4_2_ddr_phy_oclkdelay_cal.v" into library xil_defaultlib
INFO: [VRFC 10-311] analyzing module mig_7series_v4_2_ddr_phy_oclkdelay_cal
INFO: [VRFC 10-2263] Analyzing Verilog file "E:/FPGA/project/smart_car_pld2026/my_car/prj/prj.srcs/sources_1/ip/mig_7series_0/mig_7series_0/user_design/rtl/phy/mig_7series_v4_2_ddr_phy_prbs_rdlvl.v" into library xil_defaultlib
INFO: [VRFC 10-311] analyzing module mig_7series_v4_2_ddr_phy_prbs_rdlvl
INFO: [VRFC 10-2263] Analyzing Verilog file "E:/FPGA/project/smart_car_pld2026/my_car/prj/prj.srcs/sources_1/ip/mig_7series_0/mig_7series_0/user_design/rtl/phy/mig_7series_v4_2_ddr_phy_rdlvl.v" into library xil_defaultlib
INFO: [VRFC 10-311] analyzing module mig_7series_v4_2_ddr_phy_rdlvl
INFO: [VRFC 10-2263] Analyzing Verilog file "E:/FPGA/project/smart_car_pld2026/my_car/prj/prj.srcs/sources_1/ip/mig_7series_0/mig_7series_0/user_design/rtl/phy/mig_7series_v4_2_ddr_phy_tempmon.v" into library xil_defaultlib
INFO: [VRFC 10-311] analyzing module mig_7series_v4_2_ddr_phy_tempmon
INFO: [VRFC 10-2263] Analyzing Verilog file "E:/FPGA/project/smart_car_pld2026/my_car/prj/prj.srcs/sources_1/ip/mig_7series_0/mig_7series_0/user_design/rtl/phy/mig_7series_v4_2_ddr_phy_top.v" into library xil_defaultlib
INFO: [VRFC 10-311] analyzing module mig_7series_v4_2_ddr_phy_top
INFO: [VRFC 10-2263] Analyzing Verilog file "E:/FPGA/project/smart_car_pld2026/my_car/prj/prj.srcs/sources_1/ip/mig_7series_0/mig_7series_0/user_design/rtl/phy/mig_7series_v4_2_ddr_phy_wrcal.v" into library xil_defaultlib
INFO: [VRFC 10-311] analyzing module mig_7series_v4_2_ddr_phy_wrcal
INFO: [VRFC 10-2263] Analyzing Verilog file "E:/FPGA/project/smart_car_pld2026/my_car/prj/prj.srcs/sources_1/ip/mig_7series_0/mig_7series_0/user_design/rtl/phy/mig_7series_v4_2_ddr_phy_wrlvl.v" into library xil_defaultlib
INFO: [VRFC 10-311] analyzing module mig_7series_v4_2_ddr_phy_wrlvl
INFO: [VRFC 10-2263] Analyzing Verilog file "E:/FPGA/project/smart_car_pld2026/my_car/prj/prj.srcs/sources_1/ip/mig_7series_0/mig_7series_0/user_design/rtl/phy/mig_7series_v4_2_ddr_phy_wrlvl_off_delay.v" into library xil_defaultlib
INFO: [VRFC 10-311] analyzing module mig_7series_v4_2_ddr_phy_wrlvl_off_delay
INFO: [VRFC 10-2263] Analyzing Verilog file "E:/FPGA/project/smart_car_pld2026/my_car/prj/prj.srcs/sources_1/ip/mig_7series_0/mig_7series_0/user_design/rtl/phy/mig_7series_v4_2_ddr_prbs_gen.v" into library xil_defaultlib
INFO: [VRFC 10-311] analyzing module mig_7series_v4_2_ddr_prbs_gen
INFO: [VRFC 10-2263] Analyzing Verilog file "E:/FPGA/project/smart_car_pld2026/my_car/prj/prj.srcs/sources_1/ip/mig_7series_0/mig_7series_0/user_design/rtl/phy/mig_7series_v4_2_ddr_skip_calib_tap.v" into library xil_defaultlib
INFO: [VRFC 10-311] analyzing module mig_7series_v4_2_ddr_skip_calib_tap
INFO: [VRFC 10-2263] Analyzing Verilog file "E:/FPGA/project/smart_car_pld2026/my_car/prj/prj.srcs/sources_1/ip/mig_7series_0/mig_7series_0/user_design/rtl/phy/mig_7series_v4_2_poc_cc.v" into library xil_defaultlib
INFO: [VRFC 10-311] analyzing module mig_7series_v4_2_poc_cc
INFO: [VRFC 10-2263] Analyzing Verilog file "E:/FPGA/project/smart_car_pld2026/my_car/prj/prj.srcs/sources_1/ip/mig_7series_0/mig_7series_0/user_design/rtl/phy/mig_7series_v4_2_poc_edge_store.v" into library xil_defaultlib
INFO: [VRFC 10-311] analyzing module mig_7series_v4_2_poc_edge_store
INFO: [VRFC 10-2263] Analyzing Verilog file "E:/FPGA/project/smart_car_pld2026/my_car/prj/prj.srcs/sources_1/ip/mig_7series_0/mig_7series_0/user_design/rtl/phy/mig_7series_v4_2_poc_meta.v" into library xil_defaultlib
INFO: [VRFC 10-311] analyzing module mig_7series_v4_2_poc_meta
INFO: [VRFC 10-2263] Analyzing Verilog file "E:/FPGA/project/smart_car_pld2026/my_car/prj/prj.srcs/sources_1/ip/mig_7series_0/mig_7series_0/user_design/rtl/phy/mig_7series_v4_2_poc_pd.v" into library xil_defaultlib
INFO: [VRFC 10-311] analyzing module mig_7series_v4_2_poc_pd
INFO: [VRFC 10-2263] Analyzing Verilog file "E:/FPGA/project/smart_car_pld2026/my_car/prj/prj.srcs/sources_1/ip/mig_7series_0/mig_7series_0/user_design/rtl/phy/mig_7series_v4_2_poc_tap_base.v" into library xil_defaultlib
INFO: [VRFC 10-311] analyzing module mig_7series_v4_2_poc_tap_base
INFO: [VRFC 10-2263] Analyzing Verilog file "E:/FPGA/project/smart_car_pld2026/my_car/prj/prj.srcs/sources_1/ip/mig_7series_0/mig_7series_0/user_design/rtl/phy/mig_7series_v4_2_poc_top.v" into library xil_defaultlib
INFO: [VRFC 10-311] analyzing module mig_7series_v4_2_poc_top
INFO: [VRFC 10-2263] Analyzing Verilog file "E:/FPGA/project/smart_car_pld2026/my_car/prj/prj.srcs/sources_1/ip/mig_7series_0/mig_7series_0/user_design/rtl/ui/mig_7series_v4_2_ui_cmd.v" into library xil_defaultlib
INFO: [VRFC 10-311] analyzing module mig_7series_v4_2_ui_cmd
INFO: [VRFC 10-2263] Analyzing Verilog file "E:/FPGA/project/smart_car_pld2026/my_car/prj/prj.srcs/sources_1/ip/mig_7series_0/mig_7series_0/user_design/rtl/ui/mig_7series_v4_2_ui_rd_data.v" into library xil_defaultlib
INFO: [VRFC 10-311] analyzing module mig_7series_v4_2_ui_rd_data
INFO: [VRFC 10-2263] Analyzing Verilog file "E:/FPGA/project/smart_car_pld2026/my_car/prj/prj.srcs/sources_1/ip/mig_7series_0/mig_7series_0/user_design/rtl/ui/mig_7series_v4_2_ui_top.v" into library xil_defaultlib
INFO: [VRFC 10-311] analyzing module mig_7series_v4_2_ui_top
INFO: [VRFC 10-2263] Analyzing Verilog file "E:/FPGA/project/smart_car_pld2026/my_car/prj/prj.srcs/sources_1/ip/mig_7series_0/mig_7series_0/user_design/rtl/ui/mig_7series_v4_2_ui_wr_data.v" into library xil_defaultlib
INFO: [VRFC 10-311] analyzing module mig_7series_v4_2_ui_wr_data
INFO: [VRFC 10-2263] Analyzing Verilog file "E:/FPGA/project/smart_car_pld2026/my_car/prj/prj.srcs/sources_1/ip/mig_7series_0/mig_7series_0/user_design/rtl/mig_7series_0_mig_sim.v" into library xil_defaultlib
INFO: [VRFC 10-311] analyzing module mig_7series_0_mig
INFO: [VRFC 10-2458] undeclared symbol dbg_sel_po_incdec, assumed default net type wire [E:/FPGA/project/smart_car_pld2026/my_car/prj/prj.srcs/sources_1/ip/mig_7series_0/mig_7series_0/user_design/rtl/mig_7series_0_mig_sim.v:1096]
INFO: [VRFC 10-2458] undeclared symbol dbg_po_f_inc, assumed default net type wire [E:/FPGA/project/smart_car_pld2026/my_car/prj/prj.srcs/sources_1/ip/mig_7series_0/mig_7series_0/user_design/rtl/mig_7series_0_mig_sim.v:1100]
INFO: [VRFC 10-2458] undeclared symbol dbg_po_f_stg23_sel, assumed default net type wire [E:/FPGA/project/smart_car_pld2026/my_car/prj/prj.srcs/sources_1/ip/mig_7series_0/mig_7series_0/user_design/rtl/mig_7series_0_mig_sim.v:1101]
INFO: [VRFC 10-2458] undeclared symbol dbg_po_f_dec, assumed default net type wire [E:/FPGA/project/smart_car_pld2026/my_car/prj/prj.srcs/sources_1/ip/mig_7series_0/mig_7series_0/user_design/rtl/mig_7series_0_mig_sim.v:1102]
INFO: [VRFC 10-2263] Analyzing Verilog file "E:/FPGA/project/smart_car_pld2026/my_car/prj/prj.srcs/sources_1/ip/mig_7series_0/mig_7series_0/user_design/rtl/mig_7series_0.v" into library xil_defaultlib
INFO: [VRFC 10-311] analyzing module mig_7series_0
INFO: [VRFC 10-2263] Analyzing Verilog file "E:/FPGA/project/smart_car_pld2026/my_car/rtl/lcd_rgb_top/clk_div.v" into library xil_defaultlib
INFO: [VRFC 10-311] analyzing module clk_div
INFO: [VRFC 10-2263] Analyzing Verilog file "E:/FPGA/project/smart_car_pld2026/my_car/rtl/ov5640_dri/cmos_capture_data.v" into library xil_defaultlib
INFO: [VRFC 10-311] analyzing module cmos_capture_data
INFO: [VRFC 10-2263] Analyzing Verilog file "E:/FPGA/project/smart_car_pld2026/my_car/rtl/sensor_link/ctrl_link_tx.v" into library xil_defaultlib
INFO: [VRFC 10-311] analyzing module ctrl_link_tx
INFO: [VRFC 10-2263] Analyzing Verilog file "E:/FPGA/project/smart_car_pld2026/my_car/rtl/ddr3_top/ddr3_fifo_ctrl.v" into library xil_defaultlib
INFO: [VRFC 10-311] analyzing module ddr3_fifo_ctrl
INFO: [VRFC 10-2263] Analyzing Verilog file "E:/FPGA/project/smart_car_pld2026/my_car/rtl/ddr3_top/ddr3_fifo_ctrl_top.v" into library xil_defaultlib
INFO: [VRFC 10-311] analyzing module ddr3_fifo_ctrl_top
WARNING: [VRFC 10-3676] redeclaration of ansi port 'wfifo_dout' is not allowed [E:/FPGA/project/smart_car_pld2026/my_car/rtl/ddr3_top/ddr3_fifo_ctrl_top.v:60]
WARNING: [VRFC 10-3676] redeclaration of ansi port 'wfifo_rcount_1' is not allowed [E:/FPGA/project/smart_car_pld2026/my_car/rtl/ddr3_top/ddr3_fifo_ctrl_top.v:63]
WARNING: [VRFC 10-3676] redeclaration of ansi port 'wfifo_rcount_2' is not allowed [E:/FPGA/project/smart_car_pld2026/my_car/rtl/ddr3_top/ddr3_fifo_ctrl_top.v:64]
WARNING: [VRFC 10-3676] redeclaration of ansi port 'rfifo_wcount_1' is not allowed [E:/FPGA/project/smart_car_pld2026/my_car/rtl/ddr3_top/ddr3_fifo_ctrl_top.v:65]
WARNING: [VRFC 10-3676] redeclaration of ansi port 'rfifo_wcount_2' is not allowed [E:/FPGA/project/smart_car_pld2026/my_car/rtl/ddr3_top/ddr3_fifo_ctrl_top.v:66]
INFO: [VRFC 10-2263] Analyzing Verilog file "E:/FPGA/project/smart_car_pld2026/my_car/rtl/ddr3_top/ddr3_rw.v" into library xil_defaultlib
INFO: [VRFC 10-311] analyzing module ddr3_rw
WARNING: [VRFC 10-3676] redeclaration of ansi port 'app_addr' is not allowed [E:/FPGA/project/smart_car_pld2026/my_car/rtl/ddr3_top/ddr3_rw.v:70]
WARNING: [VRFC 10-3676] redeclaration of ansi port 'rfifo_wdata_1' is not allowed [E:/FPGA/project/smart_car_pld2026/my_car/rtl/ddr3_top/ddr3_rw.v:81]
WARNING: [VRFC 10-3676] redeclaration of ansi port 'rfifo_wdata_2' is not allowed [E:/FPGA/project/smart_car_pld2026/my_car/rtl/ddr3_top/ddr3_rw.v:82]
WARNING: [VRFC 10-3676] redeclaration of ansi port 'rfifo_wren_1' is not allowed [E:/FPGA/project/smart_car_pld2026/my_car/rtl/ddr3_top/ddr3_rw.v:98]
WARNING: [VRFC 10-3676] redeclaration of ansi port 'rfifo_wren_2' is not allowed [E:/FPGA/project/smart_car_pld2026/my_car/rtl/ddr3_top/ddr3_rw.v:99]
INFO: [VRFC 10-2263] Analyzing Verilog file "E:/FPGA/project/smart_car_pld2026/my_car/rtl/ddr3_top/ddr3_top.v" into library xil_defaultlib
INFO: [VRFC 10-311] analyzing module ddr3_top
INFO: [VRFC 10-2458] undeclared symbol rfifo_wren_1, assumed default net type wire [E:/FPGA/project/smart_car_pld2026/my_car/rtl/ddr3_top/ddr3_top.v:123]
INFO: [VRFC 10-2458] undeclared symbol rfifo_wren_2, assumed default net type wire [E:/FPGA/project/smart_car_pld2026/my_car/rtl/ddr3_top/ddr3_top.v:125]
INFO: [VRFC 10-2458] undeclared symbol wfifo_rden_1, assumed default net type wire [E:/FPGA/project/smart_car_pld2026/my_car/rtl/ddr3_top/ddr3_top.v:127]
INFO: [VRFC 10-2458] undeclared symbol wfifo_rden_2, assumed default net type wire [E:/FPGA/project/smart_car_pld2026/my_car/rtl/ddr3_top/ddr3_top.v:128]
INFO: [VRFC 10-2263] Analyzing Verilog file "E:/FPGA/project/smart_car_pld2026/my_car/rtl/green_detect.v" into library xil_defaultlib
INFO: [VRFC 10-311] analyzing module green_detect
INFO: [VRFC 10-2263] Analyzing Verilog file "E:/FPGA/project/smart_car_pld2026/my_car/rtl/ov5640_dri/i2c_dri.v" into library xil_defaultlib
INFO: [VRFC 10-311] analyzing module i2c_dri
INFO: [VRFC 10-2263] Analyzing Verilog file "E:/FPGA/project/smart_car_pld2026/my_car/rtl/ov5640_dri/i2c_ov5640_rgb565_cfg.v" into library xil_defaultlib
INFO: [VRFC 10-311] analyzing module i2c_ov5640_rgb565_cfg
INFO: [VRFC 10-2263] Analyzing Verilog file "E:/FPGA/project/smart_car_pld2026/my_car/rtl/lcd_rgb_top/lcd_disply.v" into library xil_defaultlib
INFO: [VRFC 10-311] analyzing module lcd_disply
INFO: [VRFC 10-2263] Analyzing Verilog file "E:/FPGA/project/smart_car_pld2026/my_car/rtl/lcd_rgb_top/lcd_driver.v" into library xil_defaultlib
INFO: [VRFC 10-311] analyzing module lcd_driver
INFO: [VRFC 10-2263] Analyzing Verilog file "E:/FPGA/project/smart_car_pld2026/my_car/rtl/lcd_rgb_top/lcd_rgb_top.v" into library xil_defaultlib
INFO: [VRFC 10-311] analyzing module lcd_rgb_top
INFO: [VRFC 10-2263] Analyzing Verilog file "E:/FPGA/project/smart_car_pld2026/my_car/rtl/ov5640_dri/ov5640_dri.v" into library xil_defaultlib
INFO: [VRFC 10-311] analyzing module ov5640_dri
INFO: [VRFC 10-2263] Analyzing Verilog file "E:/FPGA/project/smart_car_pld2026/my_car/rtl/picture_size.v" into library xil_defaultlib
INFO: [VRFC 10-311] analyzing module picture_size
INFO: [VRFC 10-2263] Analyzing Verilog file "E:/FPGA/project/smart_car_pld2026/my_car/rtl/lcd_rgb_top/rd_id.v" into library xil_defaultlib
INFO: [VRFC 10-311] analyzing module rd_id
INFO: [VRFC 10-2263] Analyzing Verilog file "E:/FPGA/project/smart_car_pld2026/my_car/rtl/sensor_link/sensor_link.v" into library xil_defaultlib
INFO: [VRFC 10-311] analyzing module sensor_link
INFO: [VRFC 10-2263] Analyzing Verilog file "E:/FPGA/project/smart_car_pld2026/my_car/rtl/sensor_link/sl_uart_rx.v" into library xil_defaultlib
INFO: [VRFC 10-311] analyzing module sl_uart_rx
WARNING: [VRFC 10-3380] identifier 'S_IDLE' is used before its declaration [E:/FPGA/project/smart_car_pld2026/my_car/rtl/sensor_link/sl_uart_rx.v:22]
INFO: [VRFC 10-2263] Analyzing Verilog file "E:/FPGA/project/smart_car_pld2026/my_car/rtl/sensor_link/sl_uart_tx.v" into library xil_defaultlib
INFO: [VRFC 10-311] analyzing module sl_uart_tx
INFO: [VRFC 10-2263] Analyzing Verilog file "E:/FPGA/project/smart_car_pld2026/my_car/rtl/sensor_link/v1_decode.v" into library xil_defaultlib
INFO: [VRFC 10-311] analyzing module v1_decode
INFO: [VRFC 10-2263] Analyzing Verilog file "E:/FPGA/project/smart_car_pld2026/my_car/rtl/top_dual_ov5640_lcd.v" into library xil_defaultlib
INFO: [VRFC 10-311] analyzing module top_dual_ov5640_lcd
INFO: [VRFC 10-2458] undeclared symbol rd_vsync, assumed default net type wire [E:/FPGA/project/smart_car_pld2026/my_car/rtl/top_dual_ov5640_lcd.v:277]
"xvhdl --incr --relax -prj top_dual_ov5640_lcd_vhdl.prj"
run_program: Time (s): cpu = 00:00:00 ; elapsed = 00:00:12 . Memory (MB): peak = 4379.906 ; gain = 0.000
INFO: [USF-XSim-69] 'compile' step finished in '11' seconds
INFO: [USF-XSim-3] XSim::Elaborate design
INFO: [USF-XSim-61] Executing 'ELABORATE' step in 'E:/FPGA/project/smart_car_pld2026/my_car/prj/prj.sim/sim_1/behav/xsim'
Vivado Simulator 2018.3
Copyright 1986-1999, 2001-2018 Xilinx, Inc. All Rights Reserved.
Running: D:/Xilinx/Vivado/2018.3/bin/unwrapped/win64.o/xelab.exe -wto 90cd3ee7bb314f9c9041c02b75cdbebc --incr --debug typical --relax --mt 2 -L xil_defaultlib -L fifo_generator_v13_2_3 -L unisims_ver -L unimacro_ver -L secureip -L xpm --snapshot top_dual_ov5640_lcd_behav xil_defaultlib.top_dual_ov5640_lcd xil_defaultlib.glbl -log elaborate.log 
Using 2 slave threads.
Starting static elaboration
WARNING: [VRFC 10-3091] actual bit length 12 differs from formal bit length 13 for port 'cmos_h_pixel' [E:/FPGA/project/smart_car_pld2026/my_car/rtl/top_dual_ov5640_lcd.v:169]
WARNING: [VRFC 10-3091] actual bit length 12 differs from formal bit length 13 for port 'cmos_h_pixel' [E:/FPGA/project/smart_car_pld2026/my_car/rtl/top_dual_ov5640_lcd.v:196]
WARNING: [VRFC 10-3091] actual bit length 26 differs from formal bit length 28 for port 'app_addr_rd_max' [E:/FPGA/project/smart_car_pld2026/my_car/rtl/top_dual_ov5640_lcd.v:238]
WARNING: [VRFC 10-3091] actual bit length 7 differs from formal bit length 8 for port 'rd_bust_len' [E:/FPGA/project/smart_car_pld2026/my_car/rtl/top_dual_ov5640_lcd.v:239]
WARNING: [VRFC 10-3091] actual bit length 26 differs from formal bit length 28 for port 'app_addr_wr_max' [E:/FPGA/project/smart_car_pld2026/my_car/rtl/top_dual_ov5640_lcd.v:241]
WARNING: [VRFC 10-3091] actual bit length 7 differs from formal bit length 8 for port 'wr_bust_len' [E:/FPGA/project/smart_car_pld2026/my_car/rtl/top_dual_ov5640_lcd.v:242]
WARNING: [VRFC 10-3091] actual bit length 32 differs from formal bit length 1 for port 'app_sr_req' [E:/FPGA/project/smart_car_pld2026/my_car/rtl/ddr3_top/ddr3_top.v:174]
WARNING: [VRFC 10-3091] actual bit length 32 differs from formal bit length 1 for port 'app_ref_req' [E:/FPGA/project/smart_car_pld2026/my_car/rtl/ddr3_top/ddr3_top.v:175]
WARNING: [VRFC 10-3091] actual bit length 32 differs from formal bit length 1 for port 'app_zq_req' [E:/FPGA/project/smart_car_pld2026/my_car/rtl/ddr3_top/ddr3_top.v:176]
WARNING: [VRFC 10-3091] actual bit length 12 differs from formal bit length 8 for port 'pi_dqs_found_lanes' [E:/FPGA/project/smart_car_pld2026/my_car/prj/prj.srcs/sources_1/ip/mig_7series_0/mig_7series_0/user_design/rtl/phy/mig_7series_v4_2_ddr_mc_phy_wrapper.v:1671]
WARNING: [VRFC 10-3091] actual bit length 12 differs from formal bit length 8 for port 'pi_phase_locked_lanes' [E:/FPGA/project/smart_car_pld2026/my_car/prj/prj.srcs/sources_1/ip/mig_7series_0/mig_7series_0/user_design/rtl/phy/mig_7series_v4_2_ddr_mc_phy_wrapper.v:1679]
WARNING: [VRFC 10-3091] actual bit length 12 differs from formal bit length 8 for port 'pi_dqs_found_lanes' [E:/FPGA/project/smart_car_pld2026/my_car/prj/prj.srcs/sources_1/ip/mig_7series_0/mig_7series_0/user_design/rtl/phy/mig_7series_v4_2_ddr_phy_top.v:1340]
WARNING: [VRFC 10-3091] actual bit length 11 differs from formal bit length 10 for port 'wfifo_rcount' [E:/FPGA/project/smart_car_pld2026/my_car/rtl/ddr3_top/ddr3_fifo_ctrl_top.v:106]
WARNING: [VRFC 10-3091] actual bit length 11 differs from formal bit length 10 for port 'rfifo_wcount' [E:/FPGA/project/smart_car_pld2026/my_car/rtl/ddr3_top/ddr3_fifo_ctrl_top.v:107]
WARNING: [VRFC 10-3091] actual bit length 10 differs from formal bit length 9 for port 'wr_data_count' [E:/FPGA/project/smart_car_pld2026/my_car/rtl/ddr3_top/ddr3_fifo_ctrl.v:200]
WARNING: [VRFC 10-3091] actual bit length 10 differs from formal bit length 9 for port 'rd_data_count' [E:/FPGA/project/smart_car_pld2026/my_car/rtl/ddr3_top/ddr3_fifo_ctrl.v:215]
WARNING: [VRFC 10-3091] actual bit length 11 differs from formal bit length 10 for port 'wfifo_rcount' [E:/FPGA/project/smart_car_pld2026/my_car/rtl/ddr3_top/ddr3_fifo_ctrl_top.v:128]
WARNING: [VRFC 10-3091] actual bit length 11 differs from formal bit length 10 for port 'rfifo_wcount' [E:/FPGA/project/smart_car_pld2026/my_car/rtl/ddr3_top/ddr3_fifo_ctrl_top.v:129]
WARNING: [VRFC 10-3091] actual bit length 11 differs from formal bit length 13 for port 'rd_h_pixel' [E:/FPGA/project/smart_car_pld2026/my_car/rtl/lcd_rgb_top/lcd_rgb_top.v:120]
Completed static elaboration
Starting simulation data flow analysis
Completed simulation data flow analysis
Time Resolution for simulation is 1fs
Compiling module xil_defaultlib.picture_size
Compiling module xil_defaultlib.i2c_ov5640_rgb565_cfg
Compiling module xil_defaultlib.i2c_dri(SLAVE_ADDR=7'b0111100,CL...
Compiling module xil_defaultlib.cmos_capture_data
Compiling module xil_defaultlib.ov5640_dri
Compiling module xil_defaultlib.green_detect
Compiling module xil_defaultlib.ddr3_rw
Compiling module unisims_ver.IDELAYCTRL_default
Compiling module xil_defaultlib.mig_7series_v4_2_iodelay_ctrl(IO...
Compiling module xil_defaultlib.mig_7series_v4_2_clk_ibuf(SYSCLK...
Compiling module unisims_ver.XADC(INIT_40=16'b01000000000000,...
Compiling module xil_defaultlib.mig_7series_v4_2_tempmon_default
Compiling module unisims_ver.PLLE2_ADV(CLKFBOUT_MULT=4,CLKIN1...
Compiling module unisims_ver.BUFG
Compiling module unisims_ver.BUFH
Compiling module unisims_ver.MMCME2_ADV(BANDWIDTH="HIGH",CLKF...
Compiling module xil_defaultlib.mig_7series_v4_2_infrastructure(...
Compiling module unisims_ver.SRLC32E_default
Compiling module xil_defaultlib.mig_7series_v4_2_rank_cntrl(DQRD...
Compiling module xil_defaultlib.mig_7series_v4_2_round_robin_arb...
Compiling module xil_defaultlib.mig_7series_v4_2_round_robin_arb...
Compiling module xil_defaultlib.mig_7series_v4_2_rank_common(MAI...
Compiling module xil_defaultlib.mig_7series_v4_2_rank_mach(CS_WI...
Compiling module xil_defaultlib.mig_7series_v4_2_bank_compare(CO...
Compiling module xil_defaultlib.mig_7series_v4_2_bank_state(DATA...
Compiling module xil_defaultlib.mig_7series_v4_2_bank_queue(ORDE...
Compiling module xil_defaultlib.mig_7series_v4_2_bank_cntrl(COL_...
Compiling module xil_defaultlib.mig_7series_v4_2_bank_state(DATA...
Compiling module xil_defaultlib.mig_7series_v4_2_bank_queue(ORDE...
Compiling module xil_defaultlib.mig_7series_v4_2_bank_cntrl(COL_...
Compiling module xil_defaultlib.mig_7series_v4_2_bank_state(DATA...
Compiling module xil_defaultlib.mig_7series_v4_2_bank_queue(ORDE...
Compiling module xil_defaultlib.mig_7series_v4_2_bank_cntrl(COL_...
Compiling module xil_defaultlib.mig_7series_v4_2_bank_state(DATA...
Compiling module xil_defaultlib.mig_7series_v4_2_bank_queue(ORDE...
Compiling module xil_defaultlib.mig_7series_v4_2_bank_cntrl(COL_...
Compiling module xil_defaultlib.mig_7series_v4_2_bank_common(LOW...
Compiling module xil_defaultlib.mig_7series_v4_2_round_robin_arb...
Compiling module xil_defaultlib.mig_7series_v4_2_arb_row_col(nCK...
Compiling module xil_defaultlib.mig_7series_v4_2_arb_select(CS_W...
Compiling module xil_defaultlib.mig_7series_v4_2_arb_mux(CS_WIDT...
Compiling module xil_defaultlib.mig_7series_v4_2_bank_mach(COL_W...
Compiling module unisims_ver.RAM32M
Compiling module xil_defaultlib.mig_7series_v4_2_col_mach(COL_WI...
Compiling module xil_defaultlib.mig_7series_v4_2_mc(CL=6,COL_WID...
Compiling module unisims_ver.OBUF
Compiling module unisims_ver.OBUFT
Compiling module unisims_ver.IOBUF_INTERMDISABLE(IBUF_LOW_PWR...
Compiling module unisims_ver.IOBUFDS_DIFF_OUT_INTERMDISABLE(D...
Compiling module unisims_ver.IDDR
Compiling module xil_defaultlib.mig_7series_v4_2_poc_pd_default
Compiling module xil_defaultlib.mig_7series_v4_2_ddr_of_pre_fifo...
Compiling module xil_defaultlib.mig_7series_v4_2_ddr_of_pre_fifo...
Compiling module unisims_ver.BUFIO
Compiling module xil_defaultlib.mig_7series_v4_2_ddr_if_post_fif...
Compiling module xil_defaultlib.mig_7series_v4_2_ddr_of_pre_fifo...
Compiling secureip modules ...
Compiling module unisims_ver.PHASER_IN_PHY(BURST_MODE="TRUE",...
Compiling secureip modules ...
Compiling module unisims_ver.PHASER_OUT_PHY(CLKOUT_DIV=2,DATA...
Compiling secureip modules ...
Compiling module unisims_ver.IN_FIFO
Compiling secureip modules ...
Compiling module unisims_ver.OUT_FIFO
Compiling secureip modules ...
Compiling module unisims_ver.ISERDESE2(INTERFACE_TYPE="MEMORY...
Compiling module unisims_ver.IDELAYE2(HIGH_PERFORMANCE_MODE="...
Compiling secureip modules ...
Compiling module unisims_ver.OSERDESE2(DATA_WIDTH=32'sb0100,I...
Compiling secureip modules ...
Compiling module unisims_ver.OSERDESE2(DATA_WIDTH=32'sb0100,I...
Compiling module unisims_ver.ODDR(DDR_CLK_EDGE="SAME_EDGE")
Compiling module xil_defaultlib.mig_7series_v4_2_ddr_byte_group_...
Compiling module xil_defaultlib.mig_7series_v4_2_ddr_byte_lane(P...
Compiling module xil_defaultlib.mig_7series_v4_2_ddr_byte_group_...
Compiling module xil_defaultlib.mig_7series_v4_2_ddr_byte_lane(A...
Compiling module xil_defaultlib.mig_7series_v4_2_ddr_byte_group_...
Compiling module xil_defaultlib.mig_7series_v4_2_ddr_byte_lane(A...
Compiling module xil_defaultlib.mig_7series_v4_2_ddr_byte_group_...
Compiling module xil_defaultlib.mig_7series_v4_2_ddr_byte_lane(A...
Compiling secureip modules ...
Compiling module unisims_ver.PHY_CONTROL(AO_TOGGLE=1,BURST_MO...
Compiling module unisims_ver.PHASER_REF
Compiling module xil_defaultlib.mig_7series_v4_2_ddr_phy_4lanes(...
Compiling module unisims_ver.PHASER_OUT_PHY(FINE_DELAY=60,MEM...
Compiling module unisims_ver.OUT_FIFO(ARRAY_MODE="ARRAY_MODE_...
Compiling secureip modules ...
Compiling module unisims_ver.OSERDESE2(DATA_RATE_OQ="SDR",DAT...
Compiling module xil_defaultlib.mig_7series_v4_2_ddr_byte_group_...
Compiling module xil_defaultlib.mig_7series_v4_2_ddr_byte_lane(A...
Compiling module xil_defaultlib.mig_7series_v4_2_ddr_byte_group_...
Compiling module xil_defaultlib.mig_7series_v4_2_ddr_byte_lane(A...
Compiling module xil_defaultlib.mig_7series_v4_2_ddr_byte_group_...
Compiling module unisims_ver.OBUFDS
Compiling module xil_defaultlib.mig_7series_v4_2_ddr_byte_lane(A...
Compiling module unisims_ver.PHY_CONTROL(AO_TOGGLE=1,BURST_MO...
Compiling module xil_defaultlib.mig_7series_v4_2_ddr_phy_4lanes(...
Compiling module xil_defaultlib.mig_7series_v4_2_ddr_mc_phy(BYTE...
Compiling module xil_defaultlib.mig_7series_v4_2_ddr_mc_phy_wrap...
Compiling module xil_defaultlib.mig_7series_v4_2_ddr_prbs_gen(DQ...
Compiling module xil_defaultlib.mig_7series_v4_2_ddr_phy_init(tC...
Compiling module xil_defaultlib.mig_7series_v4_2_ddr_phy_wrcal(n...
Compiling module xil_defaultlib.mig_7series_v4_2_ddr_phy_wrlvl(D...
Compiling module xil_defaultlib.mig_7series_v4_2_ddr_phy_ck_addr...
Compiling module xil_defaultlib.mig_7series_v4_2_ddr_phy_dqs_fou...
Compiling module xil_defaultlib.mig_7series_v4_2_ddr_phy_rdlvl(n...
Compiling module xil_defaultlib.mig_7series_v4_2_ddr_phy_prbs_rd...
Compiling module xil_defaultlib.mig_7series_v4_2_ddr_phy_tempmon...
Compiling module xil_defaultlib.mig_7series_v4_2_ddr_calib_top(n...
Compiling module xil_defaultlib.mig_7series_v4_2_ddr_phy_top(DDR...
Compiling module xil_defaultlib.mig_7series_v4_2_mem_intfc(DDR3_...
Compiling module xil_defaultlib.mig_7series_v4_2_ui_cmd(ADDR_WID...
Compiling module xil_defaultlib.mig_7series_v4_2_ui_wr_data(nCK_...
Compiling module xil_defaultlib.mig_7series_v4_2_ui_rd_data(nCK_...
Compiling module xil_defaultlib.mig_7series_v4_2_ui_top(COL_WIDT...
Compiling module xil_defaultlib.mig_7series_v4_2_memc_ui_top_std...
Compiling module xil_defaultlib.mig_7series_0_mig_default
Compiling module xil_defaultlib.mig_7series_0
Compiling module fifo_generator_v13_2_3.fifo_generator_v13_2_3_sync_stag...
Compiling module fifo_generator_v13_2_3.fifo_generator_v13_2_3_bhv_ver_a...
Compiling module fifo_generator_v13_2_3.fifo_generator_v13_2_3_bhv_ver_p...
Compiling module fifo_generator_v13_2_3.fifo_generator_v13_2_3_CONV_VER(...
Compiling module fifo_generator_v13_2_3.fifo_generator_vlog_beh(C_DATA_C...
Compiling module fifo_generator_v13_2_3.fifo_generator_v13_2_3(C_EN_SAFE...
Compiling module xil_defaultlib.rd_fifo
Compiling module xil_defaultlib.wr_fifo
Compiling module xil_defaultlib.ddr3_fifo_ctrl
Compiling module xil_defaultlib.ddr3_fifo_ctrl_top
Compiling module xil_defaultlib.ddr3_top
Compiling module unisims_ver.IBUF
Compiling module unisims_ver.MMCME2_ADV(CLKFBOUT_MULT_F=20.0,...
Compiling module xil_defaultlib.clk_wiz_0_clk_wiz
Compiling module xil_defaultlib.clk_wiz_0
Compiling module xil_defaultlib.clk_div
Compiling module xil_defaultlib.rd_id
Compiling module xil_defaultlib.lcd_driver
Compiling module xil_defaultlib.lcd_disply
Compiling module xil_defaultlib.lcd_rgb_top
Compiling module xil_defaultlib.sl_uart_rx_default
Compiling module xil_defaultlib.v1_decode
Compiling module xil_defaultlib.sl_uart_tx_default
Compiling module xil_defaultlib.ctrl_link_tx_default
Compiling module xil_defaultlib.sensor_link
Compiling module xil_defaultlib.top_dual_ov5640_lcd
Compiling module xil_defaultlib.glbl
Built simulation snapshot top_dual_ov5640_lcd_behav
run_program: Time (s): cpu = 00:00:01 ; elapsed = 00:00:16 . Memory (MB): peak = 4379.906 ; gain = 0.000
INFO: [USF-XSim-69] 'elaborate' step finished in '16' seconds
INFO: [USF-XSim-4] XSim::Simulate design
INFO: [USF-XSim-61] Executing 'SIMULATE' step in 'E:/FPGA/project/smart_car_pld2026/my_car/prj/prj.sim/sim_1/behav/xsim'
INFO: [USF-XSim-98] *** Running xsim
   with args "top_dual_ov5640_lcd_behav -key {Behavioral:sim_1:Functional:top_dual_ov5640_lcd} -tclbatch {top_dual_ov5640_lcd.tcl} -log {simulate.log}"
INFO: [USF-XSim-8] Loading simulator feature
Vivado Simulator 2018.3
Time resolution is 1 fs
source top_dual_ov5640_lcd.tcl
# set curr_wave [current_wave_config]
# if { [string length $curr_wave] == 0 } {
#   if { [llength [get_objects]] > 0} {
#     add_wave /
#     set_property needs_save false [current_wave_config]
#   } else {
#      send_msg_id Add_Wave-1 WARNING "No top level signals found. Simulator will start without a wave window. If you want to open a wave window go to 'File->New Waveform Configuration' or type 'create_wave_config' in the TCL console."
#   }
# }
# run 1000ns
WARNING: file design.txt could not be opened
 *** Warning: The analog data file design.txt for XADC instance top_dual_ov5640_lcd.u_ddr3_top.u_mig_7series_0.u_mig_7series_0_mig.temp_mon_enabled.u_tempmon.xadc_supplied_temperature.XADC_inst was not found. Use the SIM_MONITOR_FILE parameter to specify the analog data file name or use the default name: design.txt.

############# Write Clocks PLLE2_ADV Parameters #############

nCK_PER_CLK      =       4
CLK_PERIOD       =    5000
CLKIN1_PERIOD    =   5.000
DIVCLK_DIVIDE    =       1
CLKFBOUT_MULT    =       4
VCO_PERIOD       =  1250.0
CLKOUT0_DIVIDE_F =       1
CLKOUT1_DIVIDE   =       2
CLKOUT2_DIVIDE   =      32
CLKOUT3_DIVIDE   =       8
CLKOUT0_PERIOD   =    1250
CLKOUT1_PERIOD   =    2500
CLKOUT2_PERIOD   =   40000
CLKOUT3_PERIOD   =   10000
CLKOUT4_PERIOD   =    5000
############################################################

############# MMCME2_ADV Parameters #############

MMCM_MULT_F           =           8
MMCM_VCO_FREQ (MHz)   = 800.000
MMCM_VCO_PERIOD       = 1250.000
#################################################

top_dual_ov5640_lcd.u_ddr3_top.u_mig_7series_0.u_mig_7series_0_mig.u_memc_ui_top_std.mem_intfc0.ddr_phy_top0.u_ddr_mc_phy_wrapper.u_ddr_mc_phy : BYTE_LANES_B0 = f BYTE_LANES_B1 = e DATA_CTL_B0 = f DATA_CTL_B1 = 0
top_dual_ov5640_lcd.u_ddr3_top.u_mig_7series_0.u_mig_7series_0_mig.u_memc_ui_top_std.mem_intfc0.ddr_phy_top0.u_ddr_mc_phy_wrapper.u_ddr_mc_phy : HIGHEST_LANE =           8 HIGHEST_LANE_B0 =           4 HIGHEST_LANE_B1 =           4
top_dual_ov5640_lcd.u_ddr3_top.u_mig_7series_0.u_mig_7series_0_mig.u_memc_ui_top_std.mem_intfc0.ddr_phy_top0.u_ddr_mc_phy_wrapper.u_ddr_mc_phy : HIGHEST_BANK =           2
top_dual_ov5640_lcd.u_ddr3_top.u_mig_7series_0.u_mig_7series_0_mig.u_memc_ui_top_std.mem_intfc0.ddr_phy_top0.u_ddr_mc_phy_wrapper.u_ddr_mc_phy : FREQ_REF_PERIOD         = 1250.00 
top_dual_ov5640_lcd.u_ddr3_top.u_mig_7series_0.u_mig_7series_0_mig.u_memc_ui_top_std.mem_intfc0.ddr_phy_top0.u_ddr_mc_phy_wrapper.u_ddr_mc_phy : DDR_TCK                 = 2500 
top_dual_ov5640_lcd.u_ddr3_top.u_mig_7series_0.u_mig_7series_0_mig.u_memc_ui_top_std.mem_intfc0.ddr_phy_top0.u_ddr_mc_phy_wrapper.u_ddr_mc_phy : PO_S2_TAPS_SIZE         = 9.77 
top_dual_ov5640_lcd.u_ddr3_top.u_mig_7series_0.u_mig_7series_0_mig.u_memc_ui_top_std.mem_intfc0.ddr_phy_top0.u_ddr_mc_phy_wrapper.u_ddr_mc_phy : PO_CIRC_BUF_EARLY       = 1 
top_dual_ov5640_lcd.u_ddr3_top.u_mig_7series_0.u_mig_7series_0_mig.u_memc_ui_top_std.mem_intfc0.ddr_phy_top0.u_ddr_mc_phy_wrapper.u_ddr_mc_phy : PO_CIRC_BUF_OFFSET      = 1219.75 
top_dual_ov5640_lcd.u_ddr3_top.u_mig_7series_0.u_mig_7series_0_mig.u_memc_ui_top_std.mem_intfc0.ddr_phy_top0.u_ddr_mc_phy_wrapper.u_ddr_mc_phy : PO_CIRC_BUF_META_ZONE   = 200.00 
top_dual_ov5640_lcd.u_ddr3_top.u_mig_7series_0.u_mig_7series_0_mig.u_memc_ui_top_std.mem_intfc0.ddr_phy_top0.u_ddr_mc_phy_wrapper.u_ddr_mc_phy : PO_STG2_FINE_INTR_DLY   = 769.25 
top_dual_ov5640_lcd.u_ddr3_top.u_mig_7series_0.u_mig_7series_0_mig.u_memc_ui_top_std.mem_intfc0.ddr_phy_top0.u_ddr_mc_phy_wrapper.u_ddr_mc_phy : PO_STG2_COARSE_INTR_DLY = 511.00 
top_dual_ov5640_lcd.u_ddr3_top.u_mig_7series_0.u_mig_7series_0_mig.u_memc_ui_top_std.mem_intfc0.ddr_phy_top0.u_ddr_mc_phy_wrapper.u_ddr_mc_phy : PO_STG2_INTRINSIC_DELAY = 1280.25 
top_dual_ov5640_lcd.u_ddr3_top.u_mig_7series_0.u_mig_7series_0_mig.u_memc_ui_top_std.mem_intfc0.ddr_phy_top0.u_ddr_mc_phy_wrapper.u_ddr_mc_phy : PO_CIRC_BUF_DELAY       = 60 
top_dual_ov5640_lcd.u_ddr3_top.u_mig_7series_0.u_mig_7series_0_mig.u_memc_ui_top_std.mem_intfc0.ddr_phy_top0.u_ddr_mc_phy_wrapper.u_ddr_mc_phy : PO_INTRINSIC_DELAY      = 1280.25 
top_dual_ov5640_lcd.u_ddr3_top.u_mig_7series_0.u_mig_7series_0_mig.u_memc_ui_top_std.mem_intfc0.ddr_phy_top0.u_ddr_mc_phy_wrapper.u_ddr_mc_phy : PO_DELAY                = 1866.19 
top_dual_ov5640_lcd.u_ddr3_top.u_mig_7series_0.u_mig_7series_0_mig.u_memc_ui_top_std.mem_intfc0.ddr_phy_top0.u_ddr_mc_phy_wrapper.u_ddr_mc_phy : PO_OCLK_DELAY           = 0 
top_dual_ov5640_lcd.u_ddr3_top.u_mig_7series_0.u_mig_7series_0_mig.u_memc_ui_top_std.mem_intfc0.ddr_phy_top0.u_ddr_mc_phy_wrapper.u_ddr_mc_phy : L_PHY_0_PO_FINE_DELAY   = 60 
top_dual_ov5640_lcd.u_ddr3_top.u_mig_7series_0.u_mig_7series_0_mig.u_memc_ui_top_std.mem_intfc0.ddr_phy_top0.u_ddr_mc_phy_wrapper.u_ddr_mc_phy : PI_STG1_INTRINSIC_DELAY = 0.00 
top_dual_ov5640_lcd.u_ddr3_top.u_mig_7series_0.u_mig_7series_0_mig.u_memc_ui_top_std.mem_intfc0.ddr_phy_top0.u_ddr_mc_phy_wrapper.u_ddr_mc_phy : PI_STG2_INTRINSIC_DELAY = 744.00 
top_dual_ov5640_lcd.u_ddr3_top.u_mig_7series_0.u_mig_7series_0_mig.u_memc_ui_top_std.mem_intfc0.ddr_phy_top0.u_ddr_mc_phy_wrapper.u_ddr_mc_phy : PI_INTRINSIC_DELAY      = 744.00 
top_dual_ov5640_lcd.u_ddr3_top.u_mig_7series_0.u_mig_7series_0_mig.u_memc_ui_top_std.mem_intfc0.ddr_phy_top0.u_ddr_mc_phy_wrapper.u_ddr_mc_phy : PI_MAX_STG2_DELAY       = 615.23 
top_dual_ov5640_lcd.u_ddr3_top.u_mig_7series_0.u_mig_7series_0_mig.u_memc_ui_top_std.mem_intfc0.ddr_phy_top0.u_ddr_mc_phy_wrapper.u_ddr_mc_phy : PI_OFFSET               = -78.00 
top_dual_ov5640_lcd.u_ddr3_top.u_mig_7series_0.u_mig_7series_0_mig.u_memc_ui_top_std.mem_intfc0.ddr_phy_top0.u_ddr_mc_phy_wrapper.u_ddr_mc_phy : a negative PI_OFFSET means that rclk path is longer than oclk path so rclk will be delayed to next oclk edge and the negedge of rclk may be used.
top_dual_ov5640_lcd.u_ddr3_top.u_mig_7series_0.u_mig_7series_0_mig.u_memc_ui_top_std.mem_intfc0.ddr_phy_top0.u_ddr_mc_phy_wrapper.u_ddr_mc_phy : PI_STG2_DELAY           = 615.23 
top_dual_ov5640_lcd.u_ddr3_top.u_mig_7series_0.u_mig_7series_0_mig.u_memc_ui_top_std.mem_intfc0.ddr_phy_top0.u_ddr_mc_phy_wrapper.u_ddr_mc_phy :PI_STG2_DELAY_CAND       = 1172.00 
top_dual_ov5640_lcd.u_ddr3_top.u_mig_7series_0.u_mig_7series_0_mig.u_memc_ui_top_std.mem_intfc0.ddr_phy_top0.u_ddr_mc_phy_wrapper.u_ddr_mc_phy : DEFAULT_RCLK_DELAY      = 63 
top_dual_ov5640_lcd.u_ddr3_top.u_mig_7series_0.u_mig_7series_0_mig.u_memc_ui_top_std.mem_intfc0.ddr_phy_top0.u_ddr_mc_phy_wrapper.u_ddr_mc_phy : RCLK_SELECT_EDGE        = 0 
WARNING: top_dual_ov5640_lcd.u_ddr3_top.u_mig_7series_0.u_mig_7series_0_mig.u_memc_ui_top_std.mem_intfc0.ddr_phy_top0.u_ddr_mc_phy_wrapper.u_ddr_mc_phy: The required delay though the phaser_in to internally match the aux_out clock  to ddr clock exceeds the maximum allowable delay. The clock edge  will occur at the output registers of aux_out 556.77 ps before the ddr clock  edge. If aux_out is used for memory inputs, this may violate setup or hold time.
WARNING: Behavioral models for independent clock FIFO configurations do not model synchronization delays. The behavioral models are functionally correct, and will represent the behavior of the configured FIFO. See the FIFO Generator User Guide for more information.
WARNING: Behavioral models for independent clock FIFO configurations do not model synchronization delays. The behavioral models are functionally correct, and will represent the behavior of the configured FIFO. See the FIFO Generator User Guide for more information.
WARNING: Behavioral models for independent clock FIFO configurations do not model synchronization delays. The behavioral models are functionally correct, and will represent the behavior of the configured FIFO. See the FIFO Generator User Guide for more information.
WARNING: Behavioral models for independent clock FIFO configurations do not model synchronization delays. The behavioral models are functionally correct, and will represent the behavior of the configured FIFO. See the FIFO Generator User Guide for more information.
INFO: [USF-XSim-96] XSim completed. Design snapshot 'top_dual_ov5640_lcd_behav' loaded.
INFO: [USF-XSim-97] XSim simulation ran for 1000ns
launch_simulation: Time (s): cpu = 00:00:04 ; elapsed = 00:00:32 . Memory (MB): peak = 4379.906 ; gain = 0.000
reset_run synth_1
WARNING: [Vivado 12-1017] Problems encountered:
1. Failed to delete one or more files in run directory E:/FPGA/project/smart_car_pld2026/my_car/prj/prj.runs/synth_1

launch_runs synth_1 -jobs 12
INFO: [Vivado 12-4149] The synthesis checkpoint for IP 'E:/FPGA/project/smart_car_pld2026/my_car/prj/prj.srcs/sources_1/ip/rd_fifo/rd_fifo.xci' is already up-to-date
[Sun Jul 26 16:09:33 2026] Launched synth_1...
Run output will be captured here: E:/FPGA/project/smart_car_pld2026/my_car/prj/prj.runs/synth_1/runme.log
launch_runs impl_1 -jobs 12
INFO: [Vivado 12-4149] The synthesis checkpoint for IP 'E:/FPGA/project/smart_car_pld2026/my_car/prj/prj.srcs/sources_1/ip/rd_fifo/rd_fifo.xci' is already up-to-date
WARNING: [Project 1-478] Design 'synth_1' is stale and will not be used when launching 'impl_1'
[Sun Jul 26 16:11:19 2026] Launched impl_1...
Run output will be captured here: E:/FPGA/project/smart_car_pld2026/my_car/prj/prj.runs/impl_1/runme.log
reset_run impl_1
WARNING: [Vivado 12-1017] Problems encountered:
1. PID not specified

launch_runs impl_1 -to_step write_bitstream -jobs 12
INFO: [Vivado 12-4149] The synthesis checkpoint for IP 'E:/FPGA/project/smart_car_pld2026/my_car/prj/prj.srcs/sources_1/ip/rd_fifo/rd_fifo.xci' is already up-to-date
WARNING: [Project 1-478] Design 'synth_1' is stale and will not be used when launching 'impl_1'
[Sun Jul 26 16:11:24 2026] Launched impl_1...
Run output will be captured here: E:/FPGA/project/smart_car_pld2026/my_car/prj/prj.runs/impl_1/runme.log
set_property PROBES.FILE {} [get_hw_devices xc7a100t_0]
set_property FULL_PROBES.FILE {} [get_hw_devices xc7a100t_0]
set_property PROGRAM.FILE {E:/FPGA/project/smart_car_pld2026/my_car/prj/prj.runs/impl_1/top_dual_ov5640_lcd.bit} [get_hw_devices xc7a100t_0]
program_hw_devices [get_hw_devices xc7a100t_0]
INFO: [Labtools 27-3164] End of startup status: HIGH
refresh_hw_device [lindex [get_hw_devices xc7a100t_0] 0]
INFO: [Labtools 27-1434] Device xc7a100t (JTAG device index = 0) is programmed with a design that has no supported debug core(s) in it.
reset_run synth_1
WARNING: [Vivado 12-1017] Problems encountered:
1. Failed to delete one or more files in run directory E:/FPGA/project/smart_car_pld2026/my_car/prj/prj.runs/synth_1

launch_runs synth_1 -jobs 12
INFO: [Vivado 12-4149] The synthesis checkpoint for IP 'E:/FPGA/project/smart_car_pld2026/my_car/prj/prj.srcs/sources_1/ip/rd_fifo/rd_fifo.xci' is already up-to-date
[Sun Jul 26 16:22:47 2026] Launched synth_1...
Run output will be captured here: E:/FPGA/project/smart_car_pld2026/my_car/prj/prj.runs/synth_1/runme.log
launch_runs impl_1 -jobs 12
INFO: [Vivado 12-4149] The synthesis checkpoint for IP 'E:/FPGA/project/smart_car_pld2026/my_car/prj/prj.srcs/sources_1/ip/rd_fifo/rd_fifo.xci' is already up-to-date
WARNING: [Project 1-478] Design 'synth_1' is stale and will not be used when launching 'impl_1'
[Sun Jul 26 16:23:29 2026] Launched impl_1...
Run output will be captured here: E:/FPGA/project/smart_car_pld2026/my_car/prj/prj.runs/impl_1/runme.log
launch_runs impl_1 -to_step write_bitstream -jobs 12
INFO: [Vivado 12-4149] The synthesis checkpoint for IP 'E:/FPGA/project/smart_car_pld2026/my_car/prj/prj.srcs/sources_1/ip/rd_fifo/rd_fifo.xci' is already up-to-date
[Sun Jul 26 16:25:07 2026] Launched impl_1...
Run output will be captured here: E:/FPGA/project/smart_car_pld2026/my_car/prj/prj.runs/impl_1/runme.log
set_property PROBES.FILE {} [get_hw_devices xc7a100t_0]
set_property FULL_PROBES.FILE {} [get_hw_devices xc7a100t_0]
set_property PROGRAM.FILE {E:/FPGA/project/smart_car_pld2026/my_car/prj/prj.runs/impl_1/top_dual_ov5640_lcd.bit} [get_hw_devices xc7a100t_0]
program_hw_devices [get_hw_devices xc7a100t_0]
INFO: [Labtools 27-3164] End of startup status: HIGH
refresh_hw_device [lindex [get_hw_devices xc7a100t_0] 0]
INFO: [Labtools 27-1434] Device xc7a100t (JTAG device index = 0) is programmed with a design that has no supported debug core(s) in it.
ERROR: [Labtoolstcl 44-513] HW Target shutdown. Closing target: localhost:3121/xilinx_tcf/Digilent/210512180081
add_files -norecurse E:/FPGA/project/smart_car_pld2026/追踪控制包/tracker_ctrl.v
update_compile_order -fileset sources_1
export_ip_user_files -of_objects  [get_files E:/FPGA/project/smart_car_pld2026/追踪控制包/tracker_ctrl.v] -no_script -reset -force -quiet
remove_files  E:/FPGA/project/smart_car_pld2026/追踪控制包/tracker_ctrl.v
add_files -norecurse E:/FPGA/project/smart_car_pld2026/my_car/rtl/tracker_ctrl.v
update_compile_order -fileset sources_1
close_sim
INFO: [Simtcl 6-16] Simulation closed
launch_simulation
INFO: [Vivado 12-5698] Checking validity of IPs in the design for the 'XSim' simulator...
INFO: [Vivado 12-5682] Launching behavioral simulation in 'E:/FPGA/project/smart_car_pld2026/my_car/prj/prj.sim/sim_1/behav/xsim'
INFO: [Vivado 12-4795] Using compiled simulation libraries for IPs
INFO: [SIM-utils-51] Simulation object is 'sim_1'
INFO: [USF-XSim-7] Finding pre-compiled libraries...
INFO: [USF-XSim-11] File 'D:/Xilinx/Vivado/2018.3/data/xsim/xsim.ini' copied to run dir:'E:/FPGA/project/smart_car_pld2026/my_car/prj/prj.sim/sim_1/behav/xsim'
INFO: [SIM-utils-54] Inspecting design source files for 'top_dual_ov5640_lcd' in fileset 'sim_1'...
INFO: [USF-XSim-97] Finding global include files...
INFO: [USF-XSim-98] Fetching design files from 'sim_1'...
INFO: [USF-XSim-2] XSim::Compile design
INFO: [USF-XSim-61] Executing 'COMPILE and ANALYZE' step in 'E:/FPGA/project/smart_car_pld2026/my_car/prj/prj.sim/sim_1/behav/xsim'
"xvlog --incr --relax -prj top_dual_ov5640_lcd_vlog.prj"
INFO: [VRFC 10-2263] Analyzing Verilog file "E:/FPGA/project/smart_car_pld2026/my_car/prj/prj.srcs/sources_1/ip/clk_wiz_0/clk_wiz_0_clk_wiz.v" into library xil_defaultlib
INFO: [VRFC 10-311] analyzing module clk_wiz_0_clk_wiz
INFO: [VRFC 10-2263] Analyzing Verilog file "E:/FPGA/project/smart_car_pld2026/my_car/prj/prj.srcs/sources_1/ip/clk_wiz_0/clk_wiz_0.v" into library xil_defaultlib
INFO: [VRFC 10-311] analyzing module clk_wiz_0
INFO: [VRFC 10-2263] Analyzing Verilog file "E:/FPGA/project/smart_car_pld2026/my_car/prj/prj.srcs/sources_1/ip/wr_fifo/sim/wr_fifo.v" into library xil_defaultlib
INFO: [VRFC 10-311] analyzing module wr_fifo
INFO: [VRFC 10-2263] Analyzing Verilog file "E:/FPGA/project/smart_car_pld2026/my_car/prj/prj.srcs/sources_1/ip/rd_fifo/sim/rd_fifo.v" into library xil_defaultlib
INFO: [VRFC 10-311] analyzing module rd_fifo
INFO: [VRFC 10-2263] Analyzing Verilog file "E:/FPGA/project/smart_car_pld2026/my_car/prj/prj.srcs/sources_1/ip/mig_7series_0/mig_7series_0/user_design/rtl/clocking/mig_7series_v4_2_clk_ibuf.v" into library xil_defaultlib
INFO: [VRFC 10-311] analyzing module mig_7series_v4_2_clk_ibuf
INFO: [VRFC 10-2263] Analyzing Verilog file "E:/FPGA/project/smart_car_pld2026/my_car/prj/prj.srcs/sources_1/ip/mig_7series_0/mig_7series_0/user_design/rtl/clocking/mig_7series_v4_2_infrastructure.v" into library xil_defaultlib
INFO: [VRFC 10-311] analyzing module mig_7series_v4_2_infrastructure
INFO: [VRFC 10-2263] Analyzing Verilog file "E:/FPGA/project/smart_car_pld2026/my_car/prj/prj.srcs/sources_1/ip/mig_7series_0/mig_7series_0/user_design/rtl/clocking/mig_7series_v4_2_iodelay_ctrl.v" into library xil_defaultlib
INFO: [VRFC 10-311] analyzing module mig_7series_v4_2_iodelay_ctrl
INFO: [VRFC 10-2263] Analyzing Verilog file "E:/FPGA/project/smart_car_pld2026/my_car/prj/prj.srcs/sources_1/ip/mig_7series_0/mig_7series_0/user_design/rtl/clocking/mig_7series_v4_2_tempmon.v" into library xil_defaultlib
INFO: [VRFC 10-311] analyzing module mig_7series_v4_2_tempmon
INFO: [VRFC 10-2263] Analyzing Verilog file "E:/FPGA/project/smart_car_pld2026/my_car/prj/prj.srcs/sources_1/ip/mig_7series_0/mig_7series_0/user_design/rtl/controller/mig_7series_v4_2_arb_mux.v" into library xil_defaultlib
INFO: [VRFC 10-311] analyzing module mig_7series_v4_2_arb_mux
INFO: [VRFC 10-2263] Analyzing Verilog file "E:/FPGA/project/smart_car_pld2026/my_car/prj/prj.srcs/sources_1/ip/mig_7series_0/mig_7series_0/user_design/rtl/controller/mig_7series_v4_2_arb_row_col.v" into library xil_defaultlib
INFO: [VRFC 10-311] analyzing module mig_7series_v4_2_arb_row_col
WARNING: [VRFC 10-2654] begin/end is required for generate-for in this mode of verilog [E:/FPGA/project/smart_car_pld2026/my_car/prj/prj.srcs/sources_1/ip/mig_7series_0/mig_7series_0/user_design/rtl/controller/mig_7series_v4_2_arb_row_col.v:252]
INFO: [VRFC 10-2263] Analyzing Verilog file "E:/FPGA/project/smart_car_pld2026/my_car/prj/prj.srcs/sources_1/ip/mig_7series_0/mig_7series_0/user_design/rtl/controller/mig_7series_v4_2_arb_select.v" into library xil_defaultlib
INFO: [VRFC 10-311] analyzing module mig_7series_v4_2_arb_select
INFO: [VRFC 10-2263] Analyzing Verilog file "E:/FPGA/project/smart_car_pld2026/my_car/prj/prj.srcs/sources_1/ip/mig_7series_0/mig_7series_0/user_design/rtl/controller/mig_7series_v4_2_bank_cntrl.v" into library xil_defaultlib
INFO: [VRFC 10-311] analyzing module mig_7series_v4_2_bank_cntrl
INFO: [VRFC 10-2263] Analyzing Verilog file "E:/FPGA/project/smart_car_pld2026/my_car/prj/prj.srcs/sources_1/ip/mig_7series_0/mig_7series_0/user_design/rtl/controller/mig_7series_v4_2_bank_common.v" into library xil_defaultlib
INFO: [VRFC 10-311] analyzing module mig_7series_v4_2_bank_common
INFO: [VRFC 10-2263] Analyzing Verilog file "E:/FPGA/project/smart_car_pld2026/my_car/prj/prj.srcs/sources_1/ip/mig_7series_0/mig_7series_0/user_design/rtl/controller/mig_7series_v4_2_bank_compare.v" into library xil_defaultlib
INFO: [VRFC 10-311] analyzing module mig_7series_v4_2_bank_compare
INFO: [VRFC 10-2263] Analyzing Verilog file "E:/FPGA/project/smart_car_pld2026/my_car/prj/prj.srcs/sources_1/ip/mig_7series_0/mig_7series_0/user_design/rtl/controller/mig_7series_v4_2_bank_mach.v" into library xil_defaultlib
INFO: [VRFC 10-311] analyzing module mig_7series_v4_2_bank_mach
INFO: [VRFC 10-2263] Analyzing Verilog file "E:/FPGA/project/smart_car_pld2026/my_car/prj/prj.srcs/sources_1/ip/mig_7series_0/mig_7series_0/user_design/rtl/controller/mig_7series_v4_2_bank_queue.v" into library xil_defaultlib
INFO: [VRFC 10-311] analyzing module mig_7series_v4_2_bank_queue
INFO: [VRFC 10-2263] Analyzing Verilog file "E:/FPGA/project/smart_car_pld2026/my_car/prj/prj.srcs/sources_1/ip/mig_7series_0/mig_7series_0/user_design/rtl/controller/mig_7series_v4_2_bank_state.v" into library xil_defaultlib
INFO: [VRFC 10-311] analyzing module mig_7series_v4_2_bank_state
INFO: [VRFC 10-2263] Analyzing Verilog file "E:/FPGA/project/smart_car_pld2026/my_car/prj/prj.srcs/sources_1/ip/mig_7series_0/mig_7series_0/user_design/rtl/controller/mig_7series_v4_2_col_mach.v" into library xil_defaultlib
INFO: [VRFC 10-311] analyzing module mig_7series_v4_2_col_mach
INFO: [VRFC 10-2263] Analyzing Verilog file "E:/FPGA/project/smart_car_pld2026/my_car/prj/prj.srcs/sources_1/ip/mig_7series_0/mig_7series_0/user_design/rtl/controller/mig_7series_v4_2_mc.v" into library xil_defaultlib
INFO: [VRFC 10-311] analyzing module mig_7series_v4_2_mc
INFO: [VRFC 10-2263] Analyzing Verilog file "E:/FPGA/project/smart_car_pld2026/my_car/prj/prj.srcs/sources_1/ip/mig_7series_0/mig_7series_0/user_design/rtl/controller/mig_7series_v4_2_rank_cntrl.v" into library xil_defaultlib
INFO: [VRFC 10-311] analyzing module mig_7series_v4_2_rank_cntrl
INFO: [VRFC 10-2263] Analyzing Verilog file "E:/FPGA/project/smart_car_pld2026/my_car/prj/prj.srcs/sources_1/ip/mig_7series_0/mig_7series_0/user_design/rtl/controller/mig_7series_v4_2_rank_common.v" into library xil_defaultlib
INFO: [VRFC 10-311] analyzing module mig_7series_v4_2_rank_common
INFO: [VRFC 10-2263] Analyzing Verilog file "E:/FPGA/project/smart_car_pld2026/my_car/prj/prj.srcs/sources_1/ip/mig_7series_0/mig_7series_0/user_design/rtl/controller/mig_7series_v4_2_rank_mach.v" into library xil_defaultlib
INFO: [VRFC 10-311] analyzing module mig_7series_v4_2_rank_mach
INFO: [VRFC 10-2263] Analyzing Verilog file "E:/FPGA/project/smart_car_pld2026/my_car/prj/prj.srcs/sources_1/ip/mig_7series_0/mig_7series_0/user_design/rtl/controller/mig_7series_v4_2_round_robin_arb.v" into library xil_defaultlib
INFO: [VRFC 10-311] analyzing module mig_7series_v4_2_round_robin_arb
INFO: [VRFC 10-2263] Analyzing Verilog file "E:/FPGA/project/smart_car_pld2026/my_car/prj/prj.srcs/sources_1/ip/mig_7series_0/mig_7series_0/user_design/rtl/ecc/mig_7series_v4_2_ecc_buf.v" into library xil_defaultlib
INFO: [VRFC 10-311] analyzing module mig_7series_v4_2_ecc_buf
INFO: [VRFC 10-2263] Analyzing Verilog file "E:/FPGA/project/smart_car_pld2026/my_car/prj/prj.srcs/sources_1/ip/mig_7series_0/mig_7series_0/user_design/rtl/ecc/mig_7series_v4_2_ecc_dec_fix.v" into library xil_defaultlib
INFO: [VRFC 10-311] analyzing module mig_7series_v4_2_ecc_dec_fix
INFO: [VRFC 10-2263] Analyzing Verilog file "E:/FPGA/project/smart_car_pld2026/my_car/prj/prj.srcs/sources_1/ip/mig_7series_0/mig_7series_0/user_design/rtl/ecc/mig_7series_v4_2_ecc_gen.v" into library xil_defaultlib
INFO: [VRFC 10-311] analyzing module mig_7series_v4_2_ecc_gen
INFO: [VRFC 10-2263] Analyzing Verilog file "E:/FPGA/project/smart_car_pld2026/my_car/prj/prj.srcs/sources_1/ip/mig_7series_0/mig_7series_0/user_design/rtl/ecc/mig_7series_v4_2_ecc_merge_enc.v" into library xil_defaultlib
INFO: [VRFC 10-311] analyzing module mig_7series_v4_2_ecc_merge_enc
INFO: [VRFC 10-2263] Analyzing Verilog file "E:/FPGA/project/smart_car_pld2026/my_car/prj/prj.srcs/sources_1/ip/mig_7series_0/mig_7series_0/user_design/rtl/ecc/mig_7series_v4_2_fi_xor.v" into library xil_defaultlib
INFO: [VRFC 10-311] analyzing module mig_7series_v4_2_fi_xor
INFO: [VRFC 10-2263] Analyzing Verilog file "E:/FPGA/project/smart_car_pld2026/my_car/prj/prj.srcs/sources_1/ip/mig_7series_0/mig_7series_0/user_design/rtl/ip_top/mig_7series_v4_2_memc_ui_top_std.v" into library xil_defaultlib
INFO: [VRFC 10-311] analyzing module mig_7series_v4_2_memc_ui_top_std
INFO: [VRFC 10-2263] Analyzing Verilog file "E:/FPGA/project/smart_car_pld2026/my_car/prj/prj.srcs/sources_1/ip/mig_7series_0/mig_7series_0/user_design/rtl/ip_top/mig_7series_v4_2_mem_intfc.v" into library xil_defaultlib
INFO: [VRFC 10-311] analyzing module mig_7series_v4_2_mem_intfc
INFO: [VRFC 10-2263] Analyzing Verilog file "E:/FPGA/project/smart_car_pld2026/my_car/prj/prj.srcs/sources_1/ip/mig_7series_0/mig_7series_0/user_design/rtl/phy/mig_7series_v4_2_ddr_byte_group_io.v" into library xil_defaultlib
INFO: [VRFC 10-311] analyzing module mig_7series_v4_2_ddr_byte_group_io
INFO: [VRFC 10-2263] Analyzing Verilog file "E:/FPGA/project/smart_car_pld2026/my_car/prj/prj.srcs/sources_1/ip/mig_7series_0/mig_7series_0/user_design/rtl/phy/mig_7series_v4_2_ddr_byte_lane.v" into library xil_defaultlib
INFO: [VRFC 10-311] analyzing module mig_7series_v4_2_ddr_byte_lane
INFO: [VRFC 10-2263] Analyzing Verilog file "E:/FPGA/project/smart_car_pld2026/my_car/prj/prj.srcs/sources_1/ip/mig_7series_0/mig_7series_0/user_design/rtl/phy/mig_7series_v4_2_ddr_calib_top.v" into library xil_defaultlib
INFO: [VRFC 10-311] analyzing module mig_7series_v4_2_ddr_calib_top
INFO: [VRFC 10-2263] Analyzing Verilog file "E:/FPGA/project/smart_car_pld2026/my_car/prj/prj.srcs/sources_1/ip/mig_7series_0/mig_7series_0/user_design/rtl/phy/mig_7series_v4_2_ddr_if_post_fifo.v" into library xil_defaultlib
INFO: [VRFC 10-311] analyzing module mig_7series_v4_2_ddr_if_post_fifo
INFO: [VRFC 10-2263] Analyzing Verilog file "E:/FPGA/project/smart_car_pld2026/my_car/prj/prj.srcs/sources_1/ip/mig_7series_0/mig_7series_0/user_design/rtl/phy/mig_7series_v4_2_ddr_mc_phy.v" into library xil_defaultlib
INFO: [VRFC 10-311] analyzing module mig_7series_v4_2_ddr_mc_phy
INFO: [VRFC 10-2263] Analyzing Verilog file "E:/FPGA/project/smart_car_pld2026/my_car/prj/prj.srcs/sources_1/ip/mig_7series_0/mig_7series_0/user_design/rtl/phy/mig_7series_v4_2_ddr_mc_phy_wrapper.v" into library xil_defaultlib
INFO: [VRFC 10-311] analyzing module mig_7series_v4_2_ddr_mc_phy_wrapper
INFO: [VRFC 10-2263] Analyzing Verilog file "E:/FPGA/project/smart_car_pld2026/my_car/prj/prj.srcs/sources_1/ip/mig_7series_0/mig_7series_0/user_design/rtl/phy/mig_7series_v4_2_ddr_of_pre_fifo.v" into library xil_defaultlib
INFO: [VRFC 10-311] analyzing module mig_7series_v4_2_ddr_of_pre_fifo
INFO: [VRFC 10-2263] Analyzing Verilog file "E:/FPGA/project/smart_car_pld2026/my_car/prj/prj.srcs/sources_1/ip/mig_7series_0/mig_7series_0/user_design/rtl/phy/mig_7series_v4_2_ddr_phy_4lanes.v" into library xil_defaultlib
INFO: [VRFC 10-311] analyzing module mig_7series_v4_2_ddr_phy_4lanes
INFO: [VRFC 10-2263] Analyzing Verilog file "E:/FPGA/project/smart_car_pld2026/my_car/prj/prj.srcs/sources_1/ip/mig_7series_0/mig_7series_0/user_design/rtl/phy/mig_7series_v4_2_ddr_phy_ck_addr_cmd_delay.v" into library xil_defaultlib
INFO: [VRFC 10-311] analyzing module mig_7series_v4_2_ddr_phy_ck_addr_cmd_delay
INFO: [VRFC 10-2263] Analyzing Verilog file "E:/FPGA/project/smart_car_pld2026/my_car/prj/prj.srcs/sources_1/ip/mig_7series_0/mig_7series_0/user_design/rtl/phy/mig_7series_v4_2_ddr_phy_dqs_found_cal.v" into library xil_defaultlib
INFO: [VRFC 10-311] analyzing module mig_7series_v4_2_ddr_phy_dqs_found_cal
INFO: [VRFC 10-2263] Analyzing Verilog file "E:/FPGA/project/smart_car_pld2026/my_car/prj/prj.srcs/sources_1/ip/mig_7series_0/mig_7series_0/user_design/rtl/phy/mig_7series_v4_2_ddr_phy_dqs_found_cal_hr.v" into library xil_defaultlib
INFO: [VRFC 10-311] analyzing module mig_7series_v4_2_ddr_phy_dqs_found_cal_hr
INFO: [VRFC 10-2263] Analyzing Verilog file "E:/FPGA/project/smart_car_pld2026/my_car/prj/prj.srcs/sources_1/ip/mig_7series_0/mig_7series_0/user_design/rtl/phy/mig_7series_v4_2_ddr_phy_init.v" into library xil_defaultlib
INFO: [VRFC 10-311] analyzing module mig_7series_v4_2_ddr_phy_init
INFO: [VRFC 10-2263] Analyzing Verilog file "E:/FPGA/project/smart_car_pld2026/my_car/prj/prj.srcs/sources_1/ip/mig_7series_0/mig_7series_0/user_design/rtl/phy/mig_7series_v4_2_ddr_phy_ocd_cntlr.v" into library xil_defaultlib
INFO: [VRFC 10-311] analyzing module mig_7series_v4_2_ddr_phy_ocd_cntlr
INFO: [VRFC 10-2263] Analyzing Verilog file "E:/FPGA/project/smart_car_pld2026/my_car/prj/prj.srcs/sources_1/ip/mig_7series_0/mig_7series_0/user_design/rtl/phy/mig_7series_v4_2_ddr_phy_ocd_data.v" into library xil_defaultlib
INFO: [VRFC 10-311] analyzing module mig_7series_v4_2_ddr_phy_ocd_data
INFO: [VRFC 10-2263] Analyzing Verilog file "E:/FPGA/project/smart_car_pld2026/my_car/prj/prj.srcs/sources_1/ip/mig_7series_0/mig_7series_0/user_design/rtl/phy/mig_7series_v4_2_ddr_phy_ocd_edge.v" into library xil_defaultlib
INFO: [VRFC 10-311] analyzing module mig_7series_v4_2_ddr_phy_ocd_edge
INFO: [VRFC 10-2263] Analyzing Verilog file "E:/FPGA/project/smart_car_pld2026/my_car/prj/prj.srcs/sources_1/ip/mig_7series_0/mig_7series_0/user_design/rtl/phy/mig_7series_v4_2_ddr_phy_ocd_lim.v" into library xil_defaultlib
INFO: [VRFC 10-311] analyzing module mig_7series_v4_2_ddr_phy_ocd_lim
INFO: [VRFC 10-2263] Analyzing Verilog file "E:/FPGA/project/smart_car_pld2026/my_car/prj/prj.srcs/sources_1/ip/mig_7series_0/mig_7series_0/user_design/rtl/phy/mig_7series_v4_2_ddr_phy_ocd_mux.v" into library xil_defaultlib
INFO: [VRFC 10-311] analyzing module mig_7series_v4_2_ddr_phy_ocd_mux
INFO: [VRFC 10-2263] Analyzing Verilog file "E:/FPGA/project/smart_car_pld2026/my_car/prj/prj.srcs/sources_1/ip/mig_7series_0/mig_7series_0/user_design/rtl/phy/mig_7series_v4_2_ddr_phy_ocd_po_cntlr.v" into library xil_defaultlib
INFO: [VRFC 10-311] analyzing module mig_7series_v4_2_ddr_phy_ocd_po_cntlr
INFO: [VRFC 10-2263] Analyzing Verilog file "E:/FPGA/project/smart_car_pld2026/my_car/prj/prj.srcs/sources_1/ip/mig_7series_0/mig_7series_0/user_design/rtl/phy/mig_7series_v4_2_ddr_phy_ocd_samp.v" into library xil_defaultlib
INFO: [VRFC 10-311] analyzing module mig_7series_v4_2_ddr_phy_ocd_samp
INFO: [VRFC 10-2263] Analyzing Verilog file "E:/FPGA/project/smart_car_pld2026/my_car/prj/prj.srcs/sources_1/ip/mig_7series_0/mig_7series_0/user_design/rtl/phy/mig_7series_v4_2_ddr_phy_oclkdelay_cal.v" into library xil_defaultlib
INFO: [VRFC 10-311] analyzing module mig_7series_v4_2_ddr_phy_oclkdelay_cal
INFO: [VRFC 10-2263] Analyzing Verilog file "E:/FPGA/project/smart_car_pld2026/my_car/prj/prj.srcs/sources_1/ip/mig_7series_0/mig_7series_0/user_design/rtl/phy/mig_7series_v4_2_ddr_phy_prbs_rdlvl.v" into library xil_defaultlib
INFO: [VRFC 10-311] analyzing module mig_7series_v4_2_ddr_phy_prbs_rdlvl
INFO: [VRFC 10-2263] Analyzing Verilog file "E:/FPGA/project/smart_car_pld2026/my_car/prj/prj.srcs/sources_1/ip/mig_7series_0/mig_7series_0/user_design/rtl/phy/mig_7series_v4_2_ddr_phy_rdlvl.v" into library xil_defaultlib
INFO: [VRFC 10-311] analyzing module mig_7series_v4_2_ddr_phy_rdlvl
INFO: [VRFC 10-2263] Analyzing Verilog file "E:/FPGA/project/smart_car_pld2026/my_car/prj/prj.srcs/sources_1/ip/mig_7series_0/mig_7series_0/user_design/rtl/phy/mig_7series_v4_2_ddr_phy_tempmon.v" into library xil_defaultlib
INFO: [VRFC 10-311] analyzing module mig_7series_v4_2_ddr_phy_tempmon
INFO: [VRFC 10-2263] Analyzing Verilog file "E:/FPGA/project/smart_car_pld2026/my_car/prj/prj.srcs/sources_1/ip/mig_7series_0/mig_7series_0/user_design/rtl/phy/mig_7series_v4_2_ddr_phy_top.v" into library xil_defaultlib
INFO: [VRFC 10-311] analyzing module mig_7series_v4_2_ddr_phy_top
INFO: [VRFC 10-2263] Analyzing Verilog file "E:/FPGA/project/smart_car_pld2026/my_car/prj/prj.srcs/sources_1/ip/mig_7series_0/mig_7series_0/user_design/rtl/phy/mig_7series_v4_2_ddr_phy_wrcal.v" into library xil_defaultlib
INFO: [VRFC 10-311] analyzing module mig_7series_v4_2_ddr_phy_wrcal
INFO: [VRFC 10-2263] Analyzing Verilog file "E:/FPGA/project/smart_car_pld2026/my_car/prj/prj.srcs/sources_1/ip/mig_7series_0/mig_7series_0/user_design/rtl/phy/mig_7series_v4_2_ddr_phy_wrlvl.v" into library xil_defaultlib
INFO: [VRFC 10-311] analyzing module mig_7series_v4_2_ddr_phy_wrlvl
INFO: [VRFC 10-2263] Analyzing Verilog file "E:/FPGA/project/smart_car_pld2026/my_car/prj/prj.srcs/sources_1/ip/mig_7series_0/mig_7series_0/user_design/rtl/phy/mig_7series_v4_2_ddr_phy_wrlvl_off_delay.v" into library xil_defaultlib
INFO: [VRFC 10-311] analyzing module mig_7series_v4_2_ddr_phy_wrlvl_off_delay
INFO: [VRFC 10-2263] Analyzing Verilog file "E:/FPGA/project/smart_car_pld2026/my_car/prj/prj.srcs/sources_1/ip/mig_7series_0/mig_7series_0/user_design/rtl/phy/mig_7series_v4_2_ddr_prbs_gen.v" into library xil_defaultlib
INFO: [VRFC 10-311] analyzing module mig_7series_v4_2_ddr_prbs_gen
INFO: [VRFC 10-2263] Analyzing Verilog file "E:/FPGA/project/smart_car_pld2026/my_car/prj/prj.srcs/sources_1/ip/mig_7series_0/mig_7series_0/user_design/rtl/phy/mig_7series_v4_2_ddr_skip_calib_tap.v" into library xil_defaultlib
INFO: [VRFC 10-311] analyzing module mig_7series_v4_2_ddr_skip_calib_tap
INFO: [VRFC 10-2263] Analyzing Verilog file "E:/FPGA/project/smart_car_pld2026/my_car/prj/prj.srcs/sources_1/ip/mig_7series_0/mig_7series_0/user_design/rtl/phy/mig_7series_v4_2_poc_cc.v" into library xil_defaultlib
INFO: [VRFC 10-311] analyzing module mig_7series_v4_2_poc_cc
INFO: [VRFC 10-2263] Analyzing Verilog file "E:/FPGA/project/smart_car_pld2026/my_car/prj/prj.srcs/sources_1/ip/mig_7series_0/mig_7series_0/user_design/rtl/phy/mig_7series_v4_2_poc_edge_store.v" into library xil_defaultlib
INFO: [VRFC 10-311] analyzing module mig_7series_v4_2_poc_edge_store
INFO: [VRFC 10-2263] Analyzing Verilog file "E:/FPGA/project/smart_car_pld2026/my_car/prj/prj.srcs/sources_1/ip/mig_7series_0/mig_7series_0/user_design/rtl/phy/mig_7series_v4_2_poc_meta.v" into library xil_defaultlib
INFO: [VRFC 10-311] analyzing module mig_7series_v4_2_poc_meta
INFO: [VRFC 10-2263] Analyzing Verilog file "E:/FPGA/project/smart_car_pld2026/my_car/prj/prj.srcs/sources_1/ip/mig_7series_0/mig_7series_0/user_design/rtl/phy/mig_7series_v4_2_poc_pd.v" into library xil_defaultlib
INFO: [VRFC 10-311] analyzing module mig_7series_v4_2_poc_pd
INFO: [VRFC 10-2263] Analyzing Verilog file "E:/FPGA/project/smart_car_pld2026/my_car/prj/prj.srcs/sources_1/ip/mig_7series_0/mig_7series_0/user_design/rtl/phy/mig_7series_v4_2_poc_tap_base.v" into library xil_defaultlib
INFO: [VRFC 10-311] analyzing module mig_7series_v4_2_poc_tap_base
INFO: [VRFC 10-2263] Analyzing Verilog file "E:/FPGA/project/smart_car_pld2026/my_car/prj/prj.srcs/sources_1/ip/mig_7series_0/mig_7series_0/user_design/rtl/phy/mig_7series_v4_2_poc_top.v" into library xil_defaultlib
INFO: [VRFC 10-311] analyzing module mig_7series_v4_2_poc_top
INFO: [VRFC 10-2263] Analyzing Verilog file "E:/FPGA/project/smart_car_pld2026/my_car/prj/prj.srcs/sources_1/ip/mig_7series_0/mig_7series_0/user_design/rtl/ui/mig_7series_v4_2_ui_cmd.v" into library xil_defaultlib
INFO: [VRFC 10-311] analyzing module mig_7series_v4_2_ui_cmd
INFO: [VRFC 10-2263] Analyzing Verilog file "E:/FPGA/project/smart_car_pld2026/my_car/prj/prj.srcs/sources_1/ip/mig_7series_0/mig_7series_0/user_design/rtl/ui/mig_7series_v4_2_ui_rd_data.v" into library xil_defaultlib
INFO: [VRFC 10-311] analyzing module mig_7series_v4_2_ui_rd_data
INFO: [VRFC 10-2263] Analyzing Verilog file "E:/FPGA/project/smart_car_pld2026/my_car/prj/prj.srcs/sources_1/ip/mig_7series_0/mig_7series_0/user_design/rtl/ui/mig_7series_v4_2_ui_top.v" into library xil_defaultlib
INFO: [VRFC 10-311] analyzing module mig_7series_v4_2_ui_top
INFO: [VRFC 10-2263] Analyzing Verilog file "E:/FPGA/project/smart_car_pld2026/my_car/prj/prj.srcs/sources_1/ip/mig_7series_0/mig_7series_0/user_design/rtl/ui/mig_7series_v4_2_ui_wr_data.v" into library xil_defaultlib
INFO: [VRFC 10-311] analyzing module mig_7series_v4_2_ui_wr_data
INFO: [VRFC 10-2263] Analyzing Verilog file "E:/FPGA/project/smart_car_pld2026/my_car/prj/prj.srcs/sources_1/ip/mig_7series_0/mig_7series_0/user_design/rtl/mig_7series_0_mig_sim.v" into library xil_defaultlib
INFO: [VRFC 10-311] analyzing module mig_7series_0_mig
INFO: [VRFC 10-2458] undeclared symbol dbg_sel_po_incdec, assumed default net type wire [E:/FPGA/project/smart_car_pld2026/my_car/prj/prj.srcs/sources_1/ip/mig_7series_0/mig_7series_0/user_design/rtl/mig_7series_0_mig_sim.v:1096]
INFO: [VRFC 10-2458] undeclared symbol dbg_po_f_inc, assumed default net type wire [E:/FPGA/project/smart_car_pld2026/my_car/prj/prj.srcs/sources_1/ip/mig_7series_0/mig_7series_0/user_design/rtl/mig_7series_0_mig_sim.v:1100]
INFO: [VRFC 10-2458] undeclared symbol dbg_po_f_stg23_sel, assumed default net type wire [E:/FPGA/project/smart_car_pld2026/my_car/prj/prj.srcs/sources_1/ip/mig_7series_0/mig_7series_0/user_design/rtl/mig_7series_0_mig_sim.v:1101]
INFO: [VRFC 10-2458] undeclared symbol dbg_po_f_dec, assumed default net type wire [E:/FPGA/project/smart_car_pld2026/my_car/prj/prj.srcs/sources_1/ip/mig_7series_0/mig_7series_0/user_design/rtl/mig_7series_0_mig_sim.v:1102]
INFO: [VRFC 10-2263] Analyzing Verilog file "E:/FPGA/project/smart_car_pld2026/my_car/prj/prj.srcs/sources_1/ip/mig_7series_0/mig_7series_0/user_design/rtl/mig_7series_0.v" into library xil_defaultlib
INFO: [VRFC 10-311] analyzing module mig_7series_0
INFO: [VRFC 10-2263] Analyzing Verilog file "E:/FPGA/project/smart_car_pld2026/my_car/rtl/lcd_rgb_top/clk_div.v" into library xil_defaultlib
INFO: [VRFC 10-311] analyzing module clk_div
INFO: [VRFC 10-2263] Analyzing Verilog file "E:/FPGA/project/smart_car_pld2026/my_car/rtl/ov5640_dri/cmos_capture_data.v" into library xil_defaultlib
INFO: [VRFC 10-311] analyzing module cmos_capture_data
INFO: [VRFC 10-2263] Analyzing Verilog file "E:/FPGA/project/smart_car_pld2026/my_car/rtl/sensor_link/ctrl_link_tx.v" into library xil_defaultlib
INFO: [VRFC 10-311] analyzing module ctrl_link_tx
INFO: [VRFC 10-2263] Analyzing Verilog file "E:/FPGA/project/smart_car_pld2026/my_car/rtl/ddr3_top/ddr3_fifo_ctrl.v" into library xil_defaultlib
INFO: [VRFC 10-311] analyzing module ddr3_fifo_ctrl
INFO: [VRFC 10-2263] Analyzing Verilog file "E:/FPGA/project/smart_car_pld2026/my_car/rtl/ddr3_top/ddr3_fifo_ctrl_top.v" into library xil_defaultlib
INFO: [VRFC 10-311] analyzing module ddr3_fifo_ctrl_top
WARNING: [VRFC 10-3676] redeclaration of ansi port 'wfifo_dout' is not allowed [E:/FPGA/project/smart_car_pld2026/my_car/rtl/ddr3_top/ddr3_fifo_ctrl_top.v:60]
WARNING: [VRFC 10-3676] redeclaration of ansi port 'wfifo_rcount_1' is not allowed [E:/FPGA/project/smart_car_pld2026/my_car/rtl/ddr3_top/ddr3_fifo_ctrl_top.v:63]
WARNING: [VRFC 10-3676] redeclaration of ansi port 'wfifo_rcount_2' is not allowed [E:/FPGA/project/smart_car_pld2026/my_car/rtl/ddr3_top/ddr3_fifo_ctrl_top.v:64]
WARNING: [VRFC 10-3676] redeclaration of ansi port 'rfifo_wcount_1' is not allowed [E:/FPGA/project/smart_car_pld2026/my_car/rtl/ddr3_top/ddr3_fifo_ctrl_top.v:65]
WARNING: [VRFC 10-3676] redeclaration of ansi port 'rfifo_wcount_2' is not allowed [E:/FPGA/project/smart_car_pld2026/my_car/rtl/ddr3_top/ddr3_fifo_ctrl_top.v:66]
INFO: [VRFC 10-2263] Analyzing Verilog file "E:/FPGA/project/smart_car_pld2026/my_car/rtl/ddr3_top/ddr3_rw.v" into library xil_defaultlib
INFO: [VRFC 10-311] analyzing module ddr3_rw
WARNING: [VRFC 10-3676] redeclaration of ansi port 'app_addr' is not allowed [E:/FPGA/project/smart_car_pld2026/my_car/rtl/ddr3_top/ddr3_rw.v:70]
WARNING: [VRFC 10-3676] redeclaration of ansi port 'rfifo_wdata_1' is not allowed [E:/FPGA/project/smart_car_pld2026/my_car/rtl/ddr3_top/ddr3_rw.v:81]
WARNING: [VRFC 10-3676] redeclaration of ansi port 'rfifo_wdata_2' is not allowed [E:/FPGA/project/smart_car_pld2026/my_car/rtl/ddr3_top/ddr3_rw.v:82]
WARNING: [VRFC 10-3676] redeclaration of ansi port 'rfifo_wren_1' is not allowed [E:/FPGA/project/smart_car_pld2026/my_car/rtl/ddr3_top/ddr3_rw.v:98]
WARNING: [VRFC 10-3676] redeclaration of ansi port 'rfifo_wren_2' is not allowed [E:/FPGA/project/smart_car_pld2026/my_car/rtl/ddr3_top/ddr3_rw.v:99]
INFO: [VRFC 10-2263] Analyzing Verilog file "E:/FPGA/project/smart_car_pld2026/my_car/rtl/ddr3_top/ddr3_top.v" into library xil_defaultlib
INFO: [VRFC 10-311] analyzing module ddr3_top
INFO: [VRFC 10-2458] undeclared symbol rfifo_wren_1, assumed default net type wire [E:/FPGA/project/smart_car_pld2026/my_car/rtl/ddr3_top/ddr3_top.v:123]
INFO: [VRFC 10-2458] undeclared symbol rfifo_wren_2, assumed default net type wire [E:/FPGA/project/smart_car_pld2026/my_car/rtl/ddr3_top/ddr3_top.v:125]
INFO: [VRFC 10-2458] undeclared symbol wfifo_rden_1, assumed default net type wire [E:/FPGA/project/smart_car_pld2026/my_car/rtl/ddr3_top/ddr3_top.v:127]
INFO: [VRFC 10-2458] undeclared symbol wfifo_rden_2, assumed default net type wire [E:/FPGA/project/smart_car_pld2026/my_car/rtl/ddr3_top/ddr3_top.v:128]
INFO: [VRFC 10-2263] Analyzing Verilog file "E:/FPGA/project/smart_car_pld2026/my_car/rtl/green_detect.v" into library xil_defaultlib
INFO: [VRFC 10-311] analyzing module green_detect
INFO: [VRFC 10-2263] Analyzing Verilog file "E:/FPGA/project/smart_car_pld2026/my_car/rtl/ov5640_dri/i2c_dri.v" into library xil_defaultlib
INFO: [VRFC 10-311] analyzing module i2c_dri
INFO: [VRFC 10-2263] Analyzing Verilog file "E:/FPGA/project/smart_car_pld2026/my_car/rtl/ov5640_dri/i2c_ov5640_rgb565_cfg.v" into library xil_defaultlib
INFO: [VRFC 10-311] analyzing module i2c_ov5640_rgb565_cfg
INFO: [VRFC 10-2263] Analyzing Verilog file "E:/FPGA/project/smart_car_pld2026/my_car/rtl/lcd_rgb_top/lcd_disply.v" into library xil_defaultlib
INFO: [VRFC 10-311] analyzing module lcd_disply
INFO: [VRFC 10-2263] Analyzing Verilog file "E:/FPGA/project/smart_car_pld2026/my_car/rtl/lcd_rgb_top/lcd_driver.v" into library xil_defaultlib
INFO: [VRFC 10-311] analyzing module lcd_driver
INFO: [VRFC 10-2263] Analyzing Verilog file "E:/FPGA/project/smart_car_pld2026/my_car/rtl/lcd_rgb_top/lcd_rgb_top.v" into library xil_defaultlib
INFO: [VRFC 10-311] analyzing module lcd_rgb_top
INFO: [VRFC 10-2263] Analyzing Verilog file "E:/FPGA/project/smart_car_pld2026/my_car/rtl/ov5640_dri/ov5640_dri.v" into library xil_defaultlib
INFO: [VRFC 10-311] analyzing module ov5640_dri
INFO: [VRFC 10-2263] Analyzing Verilog file "E:/FPGA/project/smart_car_pld2026/my_car/rtl/picture_size.v" into library xil_defaultlib
INFO: [VRFC 10-311] analyzing module picture_size
INFO: [VRFC 10-2263] Analyzing Verilog file "E:/FPGA/project/smart_car_pld2026/my_car/rtl/lcd_rgb_top/rd_id.v" into library xil_defaultlib
INFO: [VRFC 10-311] analyzing module rd_id
INFO: [VRFC 10-2263] Analyzing Verilog file "E:/FPGA/project/smart_car_pld2026/my_car/rtl/sensor_link/sl_uart_rx.v" into library xil_defaultlib
INFO: [VRFC 10-311] analyzing module sl_uart_rx
WARNING: [VRFC 10-3380] identifier 'S_IDLE' is used before its declaration [E:/FPGA/project/smart_car_pld2026/my_car/rtl/sensor_link/sl_uart_rx.v:22]
INFO: [VRFC 10-2263] Analyzing Verilog file "E:/FPGA/project/smart_car_pld2026/my_car/rtl/sensor_link/sl_uart_tx.v" into library xil_defaultlib
INFO: [VRFC 10-311] analyzing module sl_uart_tx
INFO: [VRFC 10-2263] Analyzing Verilog file "E:/FPGA/project/smart_car_pld2026/my_car/rtl/tracker_ctrl.v" into library xil_defaultlib
INFO: [VRFC 10-311] analyzing module sensor_link
INFO: [VRFC 10-2263] Analyzing Verilog file "E:/FPGA/project/smart_car_pld2026/my_car/rtl/sensor_link/v1_decode.v" into library xil_defaultlib
INFO: [VRFC 10-311] analyzing module v1_decode
INFO: [VRFC 10-2263] Analyzing Verilog file "E:/FPGA/project/smart_car_pld2026/my_car/rtl/top_dual_ov5640_lcd.v" into library xil_defaultlib
INFO: [VRFC 10-311] analyzing module top_dual_ov5640_lcd
INFO: [VRFC 10-2458] undeclared symbol rd_vsync, assumed default net type wire [E:/FPGA/project/smart_car_pld2026/my_car/rtl/top_dual_ov5640_lcd.v:277]
"xvhdl --incr --relax -prj top_dual_ov5640_lcd_vhdl.prj"
run_program: Time (s): cpu = 00:00:00 ; elapsed = 00:00:12 . Memory (MB): peak = 4473.488 ; gain = 0.000
INFO: [USF-XSim-69] 'compile' step finished in '12' seconds
INFO: [USF-XSim-3] XSim::Elaborate design
INFO: [USF-XSim-61] Executing 'ELABORATE' step in 'E:/FPGA/project/smart_car_pld2026/my_car/prj/prj.sim/sim_1/behav/xsim'
Vivado Simulator 2018.3
Copyright 1986-1999, 2001-2018 Xilinx, Inc. All Rights Reserved.
Running: D:/Xilinx/Vivado/2018.3/bin/unwrapped/win64.o/xelab.exe -wto 90cd3ee7bb314f9c9041c02b75cdbebc --incr --debug typical --relax --mt 2 -L xil_defaultlib -L fifo_generator_v13_2_3 -L unisims_ver -L unimacro_ver -L secureip -L xpm --snapshot top_dual_ov5640_lcd_behav xil_defaultlib.top_dual_ov5640_lcd xil_defaultlib.glbl -log elaborate.log 
Using 2 slave threads.
Starting static elaboration
ERROR: [VRFC 10-2063] Module <tracker_ctrl> not found while processing module instance <u_tracker> [E:/FPGA/project/smart_car_pld2026/my_car/rtl/tracker_ctrl.v:67]
ERROR: [XSIM 43-3322] Static elaboration of top level Verilog design unit(s) in library work failed.
INFO: [USF-XSim-69] 'elaborate' step finished in '1' seconds
INFO: [USF-XSim-99] Step results log file:'E:/FPGA/project/smart_car_pld2026/my_car/prj/prj.sim/sim_1/behav/xsim/elaborate.log'
ERROR: [USF-XSim-62] 'elaborate' step failed with error(s). Please check the Tcl console output or 'E:/FPGA/project/smart_car_pld2026/my_car/prj/prj.sim/sim_1/behav/xsim/elaborate.log' file for more information.
ERROR: [Vivado 12-4473] Detected error while running simulation. Please correct the issue and retry this operation.
launch_simulation: Time (s): cpu = 00:00:01 ; elapsed = 00:00:15 . Memory (MB): peak = 4473.488 ; gain = 0.000
ERROR: [Common 17-39] 'launch_simulation' failed due to earlier errors.
update_compile_order -fileset sources_1
add_files -norecurse E:/FPGA/project/smart_car_pld2026/my_car/rtl/tracker_ctrl.v
WARNING: [filemgmt 56-12] File 'E:/FPGA/project/smart_car_pld2026/my_car/rtl/tracker_ctrl.v' cannot be added to the project because it already exists in the project, skipping this file
update_compile_order -fileset sources_1
launch_simulation
INFO: [Vivado 12-5698] Checking validity of IPs in the design for the 'XSim' simulator...
INFO: [Vivado 12-5682] Launching behavioral simulation in 'E:/FPGA/project/smart_car_pld2026/my_car/prj/prj.sim/sim_1/behav/xsim'
INFO: [Vivado 12-4795] Using compiled simulation libraries for IPs
INFO: [SIM-utils-51] Simulation object is 'sim_1'
INFO: [USF-XSim-7] Finding pre-compiled libraries...
INFO: [USF-XSim-11] File 'D:/Xilinx/Vivado/2018.3/data/xsim/xsim.ini' copied to run dir:'E:/FPGA/project/smart_car_pld2026/my_car/prj/prj.sim/sim_1/behav/xsim'
INFO: [SIM-utils-54] Inspecting design source files for 'top_dual_ov5640_lcd' in fileset 'sim_1'...
INFO: [USF-XSim-97] Finding global include files...
INFO: [USF-XSim-98] Fetching design files from 'sim_1'...
INFO: [USF-XSim-2] XSim::Compile design
INFO: [USF-XSim-61] Executing 'COMPILE and ANALYZE' step in 'E:/FPGA/project/smart_car_pld2026/my_car/prj/prj.sim/sim_1/behav/xsim'
"xvlog --incr --relax -prj top_dual_ov5640_lcd_vlog.prj"
INFO: [VRFC 10-2263] Analyzing Verilog file "E:/FPGA/project/smart_car_pld2026/my_car/prj/prj.srcs/sources_1/ip/clk_wiz_0/clk_wiz_0_clk_wiz.v" into library xil_defaultlib
INFO: [VRFC 10-311] analyzing module clk_wiz_0_clk_wiz
INFO: [VRFC 10-2263] Analyzing Verilog file "E:/FPGA/project/smart_car_pld2026/my_car/prj/prj.srcs/sources_1/ip/clk_wiz_0/clk_wiz_0.v" into library xil_defaultlib
INFO: [VRFC 10-311] analyzing module clk_wiz_0
INFO: [VRFC 10-2263] Analyzing Verilog file "E:/FPGA/project/smart_car_pld2026/my_car/prj/prj.srcs/sources_1/ip/wr_fifo/sim/wr_fifo.v" into library xil_defaultlib
INFO: [VRFC 10-311] analyzing module wr_fifo
INFO: [VRFC 10-2263] Analyzing Verilog file "E:/FPGA/project/smart_car_pld2026/my_car/prj/prj.srcs/sources_1/ip/rd_fifo/sim/rd_fifo.v" into library xil_defaultlib
INFO: [VRFC 10-311] analyzing module rd_fifo
INFO: [VRFC 10-2263] Analyzing Verilog file "E:/FPGA/project/smart_car_pld2026/my_car/prj/prj.srcs/sources_1/ip/mig_7series_0/mig_7series_0/user_design/rtl/clocking/mig_7series_v4_2_clk_ibuf.v" into library xil_defaultlib
INFO: [VRFC 10-311] analyzing module mig_7series_v4_2_clk_ibuf
INFO: [VRFC 10-2263] Analyzing Verilog file "E:/FPGA/project/smart_car_pld2026/my_car/prj/prj.srcs/sources_1/ip/mig_7series_0/mig_7series_0/user_design/rtl/clocking/mig_7series_v4_2_infrastructure.v" into library xil_defaultlib
INFO: [VRFC 10-311] analyzing module mig_7series_v4_2_infrastructure
INFO: [VRFC 10-2263] Analyzing Verilog file "E:/FPGA/project/smart_car_pld2026/my_car/prj/prj.srcs/sources_1/ip/mig_7series_0/mig_7series_0/user_design/rtl/clocking/mig_7series_v4_2_iodelay_ctrl.v" into library xil_defaultlib
INFO: [VRFC 10-311] analyzing module mig_7series_v4_2_iodelay_ctrl
INFO: [VRFC 10-2263] Analyzing Verilog file "E:/FPGA/project/smart_car_pld2026/my_car/prj/prj.srcs/sources_1/ip/mig_7series_0/mig_7series_0/user_design/rtl/clocking/mig_7series_v4_2_tempmon.v" into library xil_defaultlib
INFO: [VRFC 10-311] analyzing module mig_7series_v4_2_tempmon
INFO: [VRFC 10-2263] Analyzing Verilog file "E:/FPGA/project/smart_car_pld2026/my_car/prj/prj.srcs/sources_1/ip/mig_7series_0/mig_7series_0/user_design/rtl/controller/mig_7series_v4_2_arb_mux.v" into library xil_defaultlib
INFO: [VRFC 10-311] analyzing module mig_7series_v4_2_arb_mux
INFO: [VRFC 10-2263] Analyzing Verilog file "E:/FPGA/project/smart_car_pld2026/my_car/prj/prj.srcs/sources_1/ip/mig_7series_0/mig_7series_0/user_design/rtl/controller/mig_7series_v4_2_arb_row_col.v" into library xil_defaultlib
INFO: [VRFC 10-311] analyzing module mig_7series_v4_2_arb_row_col
WARNING: [VRFC 10-2654] begin/end is required for generate-for in this mode of verilog [E:/FPGA/project/smart_car_pld2026/my_car/prj/prj.srcs/sources_1/ip/mig_7series_0/mig_7series_0/user_design/rtl/controller/mig_7series_v4_2_arb_row_col.v:252]
INFO: [VRFC 10-2263] Analyzing Verilog file "E:/FPGA/project/smart_car_pld2026/my_car/prj/prj.srcs/sources_1/ip/mig_7series_0/mig_7series_0/user_design/rtl/controller/mig_7series_v4_2_arb_select.v" into library xil_defaultlib
INFO: [VRFC 10-311] analyzing module mig_7series_v4_2_arb_select
INFO: [VRFC 10-2263] Analyzing Verilog file "E:/FPGA/project/smart_car_pld2026/my_car/prj/prj.srcs/sources_1/ip/mig_7series_0/mig_7series_0/user_design/rtl/controller/mig_7series_v4_2_bank_cntrl.v" into library xil_defaultlib
INFO: [VRFC 10-311] analyzing module mig_7series_v4_2_bank_cntrl
INFO: [VRFC 10-2263] Analyzing Verilog file "E:/FPGA/project/smart_car_pld2026/my_car/prj/prj.srcs/sources_1/ip/mig_7series_0/mig_7series_0/user_design/rtl/controller/mig_7series_v4_2_bank_common.v" into library xil_defaultlib
INFO: [VRFC 10-311] analyzing module mig_7series_v4_2_bank_common
INFO: [VRFC 10-2263] Analyzing Verilog file "E:/FPGA/project/smart_car_pld2026/my_car/prj/prj.srcs/sources_1/ip/mig_7series_0/mig_7series_0/user_design/rtl/controller/mig_7series_v4_2_bank_compare.v" into library xil_defaultlib
INFO: [VRFC 10-311] analyzing module mig_7series_v4_2_bank_compare
INFO: [VRFC 10-2263] Analyzing Verilog file "E:/FPGA/project/smart_car_pld2026/my_car/prj/prj.srcs/sources_1/ip/mig_7series_0/mig_7series_0/user_design/rtl/controller/mig_7series_v4_2_bank_mach.v" into library xil_defaultlib
INFO: [VRFC 10-311] analyzing module mig_7series_v4_2_bank_mach
INFO: [VRFC 10-2263] Analyzing Verilog file "E:/FPGA/project/smart_car_pld2026/my_car/prj/prj.srcs/sources_1/ip/mig_7series_0/mig_7series_0/user_design/rtl/controller/mig_7series_v4_2_bank_queue.v" into library xil_defaultlib
INFO: [VRFC 10-311] analyzing module mig_7series_v4_2_bank_queue
INFO: [VRFC 10-2263] Analyzing Verilog file "E:/FPGA/project/smart_car_pld2026/my_car/prj/prj.srcs/sources_1/ip/mig_7series_0/mig_7series_0/user_design/rtl/controller/mig_7series_v4_2_bank_state.v" into library xil_defaultlib
INFO: [VRFC 10-311] analyzing module mig_7series_v4_2_bank_state
INFO: [VRFC 10-2263] Analyzing Verilog file "E:/FPGA/project/smart_car_pld2026/my_car/prj/prj.srcs/sources_1/ip/mig_7series_0/mig_7series_0/user_design/rtl/controller/mig_7series_v4_2_col_mach.v" into library xil_defaultlib
INFO: [VRFC 10-311] analyzing module mig_7series_v4_2_col_mach
INFO: [VRFC 10-2263] Analyzing Verilog file "E:/FPGA/project/smart_car_pld2026/my_car/prj/prj.srcs/sources_1/ip/mig_7series_0/mig_7series_0/user_design/rtl/controller/mig_7series_v4_2_mc.v" into library xil_defaultlib
INFO: [VRFC 10-311] analyzing module mig_7series_v4_2_mc
INFO: [VRFC 10-2263] Analyzing Verilog file "E:/FPGA/project/smart_car_pld2026/my_car/prj/prj.srcs/sources_1/ip/mig_7series_0/mig_7series_0/user_design/rtl/controller/mig_7series_v4_2_rank_cntrl.v" into library xil_defaultlib
INFO: [VRFC 10-311] analyzing module mig_7series_v4_2_rank_cntrl
INFO: [VRFC 10-2263] Analyzing Verilog file "E:/FPGA/project/smart_car_pld2026/my_car/prj/prj.srcs/sources_1/ip/mig_7series_0/mig_7series_0/user_design/rtl/controller/mig_7series_v4_2_rank_common.v" into library xil_defaultlib
INFO: [VRFC 10-311] analyzing module mig_7series_v4_2_rank_common
INFO: [VRFC 10-2263] Analyzing Verilog file "E:/FPGA/project/smart_car_pld2026/my_car/prj/prj.srcs/sources_1/ip/mig_7series_0/mig_7series_0/user_design/rtl/controller/mig_7series_v4_2_rank_mach.v" into library xil_defaultlib
INFO: [VRFC 10-311] analyzing module mig_7series_v4_2_rank_mach
INFO: [VRFC 10-2263] Analyzing Verilog file "E:/FPGA/project/smart_car_pld2026/my_car/prj/prj.srcs/sources_1/ip/mig_7series_0/mig_7series_0/user_design/rtl/controller/mig_7series_v4_2_round_robin_arb.v" into library xil_defaultlib
INFO: [VRFC 10-311] analyzing module mig_7series_v4_2_round_robin_arb
INFO: [VRFC 10-2263] Analyzing Verilog file "E:/FPGA/project/smart_car_pld2026/my_car/prj/prj.srcs/sources_1/ip/mig_7series_0/mig_7series_0/user_design/rtl/ecc/mig_7series_v4_2_ecc_buf.v" into library xil_defaultlib
INFO: [VRFC 10-311] analyzing module mig_7series_v4_2_ecc_buf
INFO: [VRFC 10-2263] Analyzing Verilog file "E:/FPGA/project/smart_car_pld2026/my_car/prj/prj.srcs/sources_1/ip/mig_7series_0/mig_7series_0/user_design/rtl/ecc/mig_7series_v4_2_ecc_dec_fix.v" into library xil_defaultlib
INFO: [VRFC 10-311] analyzing module mig_7series_v4_2_ecc_dec_fix
INFO: [VRFC 10-2263] Analyzing Verilog file "E:/FPGA/project/smart_car_pld2026/my_car/prj/prj.srcs/sources_1/ip/mig_7series_0/mig_7series_0/user_design/rtl/ecc/mig_7series_v4_2_ecc_gen.v" into library xil_defaultlib
INFO: [VRFC 10-311] analyzing module mig_7series_v4_2_ecc_gen
INFO: [VRFC 10-2263] Analyzing Verilog file "E:/FPGA/project/smart_car_pld2026/my_car/prj/prj.srcs/sources_1/ip/mig_7series_0/mig_7series_0/user_design/rtl/ecc/mig_7series_v4_2_ecc_merge_enc.v" into library xil_defaultlib
INFO: [VRFC 10-311] analyzing module mig_7series_v4_2_ecc_merge_enc
INFO: [VRFC 10-2263] Analyzing Verilog file "E:/FPGA/project/smart_car_pld2026/my_car/prj/prj.srcs/sources_1/ip/mig_7series_0/mig_7series_0/user_design/rtl/ecc/mig_7series_v4_2_fi_xor.v" into library xil_defaultlib
INFO: [VRFC 10-311] analyzing module mig_7series_v4_2_fi_xor
INFO: [VRFC 10-2263] Analyzing Verilog file "E:/FPGA/project/smart_car_pld2026/my_car/prj/prj.srcs/sources_1/ip/mig_7series_0/mig_7series_0/user_design/rtl/ip_top/mig_7series_v4_2_memc_ui_top_std.v" into library xil_defaultlib
INFO: [VRFC 10-311] analyzing module mig_7series_v4_2_memc_ui_top_std
INFO: [VRFC 10-2263] Analyzing Verilog file "E:/FPGA/project/smart_car_pld2026/my_car/prj/prj.srcs/sources_1/ip/mig_7series_0/mig_7series_0/user_design/rtl/ip_top/mig_7series_v4_2_mem_intfc.v" into library xil_defaultlib
INFO: [VRFC 10-311] analyzing module mig_7series_v4_2_mem_intfc
INFO: [VRFC 10-2263] Analyzing Verilog file "E:/FPGA/project/smart_car_pld2026/my_car/prj/prj.srcs/sources_1/ip/mig_7series_0/mig_7series_0/user_design/rtl/phy/mig_7series_v4_2_ddr_byte_group_io.v" into library xil_defaultlib
INFO: [VRFC 10-311] analyzing module mig_7series_v4_2_ddr_byte_group_io
INFO: [VRFC 10-2263] Analyzing Verilog file "E:/FPGA/project/smart_car_pld2026/my_car/prj/prj.srcs/sources_1/ip/mig_7series_0/mig_7series_0/user_design/rtl/phy/mig_7series_v4_2_ddr_byte_lane.v" into library xil_defaultlib
INFO: [VRFC 10-311] analyzing module mig_7series_v4_2_ddr_byte_lane
INFO: [VRFC 10-2263] Analyzing Verilog file "E:/FPGA/project/smart_car_pld2026/my_car/prj/prj.srcs/sources_1/ip/mig_7series_0/mig_7series_0/user_design/rtl/phy/mig_7series_v4_2_ddr_calib_top.v" into library xil_defaultlib
INFO: [VRFC 10-311] analyzing module mig_7series_v4_2_ddr_calib_top
INFO: [VRFC 10-2263] Analyzing Verilog file "E:/FPGA/project/smart_car_pld2026/my_car/prj/prj.srcs/sources_1/ip/mig_7series_0/mig_7series_0/user_design/rtl/phy/mig_7series_v4_2_ddr_if_post_fifo.v" into library xil_defaultlib
INFO: [VRFC 10-311] analyzing module mig_7series_v4_2_ddr_if_post_fifo
INFO: [VRFC 10-2263] Analyzing Verilog file "E:/FPGA/project/smart_car_pld2026/my_car/prj/prj.srcs/sources_1/ip/mig_7series_0/mig_7series_0/user_design/rtl/phy/mig_7series_v4_2_ddr_mc_phy.v" into library xil_defaultlib
INFO: [VRFC 10-311] analyzing module mig_7series_v4_2_ddr_mc_phy
INFO: [VRFC 10-2263] Analyzing Verilog file "E:/FPGA/project/smart_car_pld2026/my_car/prj/prj.srcs/sources_1/ip/mig_7series_0/mig_7series_0/user_design/rtl/phy/mig_7series_v4_2_ddr_mc_phy_wrapper.v" into library xil_defaultlib
INFO: [VRFC 10-311] analyzing module mig_7series_v4_2_ddr_mc_phy_wrapper
INFO: [VRFC 10-2263] Analyzing Verilog file "E:/FPGA/project/smart_car_pld2026/my_car/prj/prj.srcs/sources_1/ip/mig_7series_0/mig_7series_0/user_design/rtl/phy/mig_7series_v4_2_ddr_of_pre_fifo.v" into library xil_defaultlib
INFO: [VRFC 10-311] analyzing module mig_7series_v4_2_ddr_of_pre_fifo
INFO: [VRFC 10-2263] Analyzing Verilog file "E:/FPGA/project/smart_car_pld2026/my_car/prj/prj.srcs/sources_1/ip/mig_7series_0/mig_7series_0/user_design/rtl/phy/mig_7series_v4_2_ddr_phy_4lanes.v" into library xil_defaultlib
INFO: [VRFC 10-311] analyzing module mig_7series_v4_2_ddr_phy_4lanes
INFO: [VRFC 10-2263] Analyzing Verilog file "E:/FPGA/project/smart_car_pld2026/my_car/prj/prj.srcs/sources_1/ip/mig_7series_0/mig_7series_0/user_design/rtl/phy/mig_7series_v4_2_ddr_phy_ck_addr_cmd_delay.v" into library xil_defaultlib
INFO: [VRFC 10-311] analyzing module mig_7series_v4_2_ddr_phy_ck_addr_cmd_delay
INFO: [VRFC 10-2263] Analyzing Verilog file "E:/FPGA/project/smart_car_pld2026/my_car/prj/prj.srcs/sources_1/ip/mig_7series_0/mig_7series_0/user_design/rtl/phy/mig_7series_v4_2_ddr_phy_dqs_found_cal.v" into library xil_defaultlib
INFO: [VRFC 10-311] analyzing module mig_7series_v4_2_ddr_phy_dqs_found_cal
INFO: [VRFC 10-2263] Analyzing Verilog file "E:/FPGA/project/smart_car_pld2026/my_car/prj/prj.srcs/sources_1/ip/mig_7series_0/mig_7series_0/user_design/rtl/phy/mig_7series_v4_2_ddr_phy_dqs_found_cal_hr.v" into library xil_defaultlib
INFO: [VRFC 10-311] analyzing module mig_7series_v4_2_ddr_phy_dqs_found_cal_hr
INFO: [VRFC 10-2263] Analyzing Verilog file "E:/FPGA/project/smart_car_pld2026/my_car/prj/prj.srcs/sources_1/ip/mig_7series_0/mig_7series_0/user_design/rtl/phy/mig_7series_v4_2_ddr_phy_init.v" into library xil_defaultlib
INFO: [VRFC 10-311] analyzing module mig_7series_v4_2_ddr_phy_init
INFO: [VRFC 10-2263] Analyzing Verilog file "E:/FPGA/project/smart_car_pld2026/my_car/prj/prj.srcs/sources_1/ip/mig_7series_0/mig_7series_0/user_design/rtl/phy/mig_7series_v4_2_ddr_phy_ocd_cntlr.v" into library xil_defaultlib
INFO: [VRFC 10-311] analyzing module mig_7series_v4_2_ddr_phy_ocd_cntlr
INFO: [VRFC 10-2263] Analyzing Verilog file "E:/FPGA/project/smart_car_pld2026/my_car/prj/prj.srcs/sources_1/ip/mig_7series_0/mig_7series_0/user_design/rtl/phy/mig_7series_v4_2_ddr_phy_ocd_data.v" into library xil_defaultlib
INFO: [VRFC 10-311] analyzing module mig_7series_v4_2_ddr_phy_ocd_data
INFO: [VRFC 10-2263] Analyzing Verilog file "E:/FPGA/project/smart_car_pld2026/my_car/prj/prj.srcs/sources_1/ip/mig_7series_0/mig_7series_0/user_design/rtl/phy/mig_7series_v4_2_ddr_phy_ocd_edge.v" into library xil_defaultlib
INFO: [VRFC 10-311] analyzing module mig_7series_v4_2_ddr_phy_ocd_edge
INFO: [VRFC 10-2263] Analyzing Verilog file "E:/FPGA/project/smart_car_pld2026/my_car/prj/prj.srcs/sources_1/ip/mig_7series_0/mig_7series_0/user_design/rtl/phy/mig_7series_v4_2_ddr_phy_ocd_lim.v" into library xil_defaultlib
INFO: [VRFC 10-311] analyzing module mig_7series_v4_2_ddr_phy_ocd_lim
INFO: [VRFC 10-2263] Analyzing Verilog file "E:/FPGA/project/smart_car_pld2026/my_car/prj/prj.srcs/sources_1/ip/mig_7series_0/mig_7series_0/user_design/rtl/phy/mig_7series_v4_2_ddr_phy_ocd_mux.v" into library xil_defaultlib
INFO: [VRFC 10-311] analyzing module mig_7series_v4_2_ddr_phy_ocd_mux
INFO: [VRFC 10-2263] Analyzing Verilog file "E:/FPGA/project/smart_car_pld2026/my_car/prj/prj.srcs/sources_1/ip/mig_7series_0/mig_7series_0/user_design/rtl/phy/mig_7series_v4_2_ddr_phy_ocd_po_cntlr.v" into library xil_defaultlib
INFO: [VRFC 10-311] analyzing module mig_7series_v4_2_ddr_phy_ocd_po_cntlr
INFO: [VRFC 10-2263] Analyzing Verilog file "E:/FPGA/project/smart_car_pld2026/my_car/prj/prj.srcs/sources_1/ip/mig_7series_0/mig_7series_0/user_design/rtl/phy/mig_7series_v4_2_ddr_phy_ocd_samp.v" into library xil_defaultlib
INFO: [VRFC 10-311] analyzing module mig_7series_v4_2_ddr_phy_ocd_samp
INFO: [VRFC 10-2263] Analyzing Verilog file "E:/FPGA/project/smart_car_pld2026/my_car/prj/prj.srcs/sources_1/ip/mig_7series_0/mig_7series_0/user_design/rtl/phy/mig_7series_v4_2_ddr_phy_oclkdelay_cal.v" into library xil_defaultlib
INFO: [VRFC 10-311] analyzing module mig_7series_v4_2_ddr_phy_oclkdelay_cal
INFO: [VRFC 10-2263] Analyzing Verilog file "E:/FPGA/project/smart_car_pld2026/my_car/prj/prj.srcs/sources_1/ip/mig_7series_0/mig_7series_0/user_design/rtl/phy/mig_7series_v4_2_ddr_phy_prbs_rdlvl.v" into library xil_defaultlib
INFO: [VRFC 10-311] analyzing module mig_7series_v4_2_ddr_phy_prbs_rdlvl
INFO: [VRFC 10-2263] Analyzing Verilog file "E:/FPGA/project/smart_car_pld2026/my_car/prj/prj.srcs/sources_1/ip/mig_7series_0/mig_7series_0/user_design/rtl/phy/mig_7series_v4_2_ddr_phy_rdlvl.v" into library xil_defaultlib
INFO: [VRFC 10-311] analyzing module mig_7series_v4_2_ddr_phy_rdlvl
INFO: [VRFC 10-2263] Analyzing Verilog file "E:/FPGA/project/smart_car_pld2026/my_car/prj/prj.srcs/sources_1/ip/mig_7series_0/mig_7series_0/user_design/rtl/phy/mig_7series_v4_2_ddr_phy_tempmon.v" into library xil_defaultlib
INFO: [VRFC 10-311] analyzing module mig_7series_v4_2_ddr_phy_tempmon
INFO: [VRFC 10-2263] Analyzing Verilog file "E:/FPGA/project/smart_car_pld2026/my_car/prj/prj.srcs/sources_1/ip/mig_7series_0/mig_7series_0/user_design/rtl/phy/mig_7series_v4_2_ddr_phy_top.v" into library xil_defaultlib
INFO: [VRFC 10-311] analyzing module mig_7series_v4_2_ddr_phy_top
INFO: [VRFC 10-2263] Analyzing Verilog file "E:/FPGA/project/smart_car_pld2026/my_car/prj/prj.srcs/sources_1/ip/mig_7series_0/mig_7series_0/user_design/rtl/phy/mig_7series_v4_2_ddr_phy_wrcal.v" into library xil_defaultlib
INFO: [VRFC 10-311] analyzing module mig_7series_v4_2_ddr_phy_wrcal
INFO: [VRFC 10-2263] Analyzing Verilog file "E:/FPGA/project/smart_car_pld2026/my_car/prj/prj.srcs/sources_1/ip/mig_7series_0/mig_7series_0/user_design/rtl/phy/mig_7series_v4_2_ddr_phy_wrlvl.v" into library xil_defaultlib
INFO: [VRFC 10-311] analyzing module mig_7series_v4_2_ddr_phy_wrlvl
INFO: [VRFC 10-2263] Analyzing Verilog file "E:/FPGA/project/smart_car_pld2026/my_car/prj/prj.srcs/sources_1/ip/mig_7series_0/mig_7series_0/user_design/rtl/phy/mig_7series_v4_2_ddr_phy_wrlvl_off_delay.v" into library xil_defaultlib
INFO: [VRFC 10-311] analyzing module mig_7series_v4_2_ddr_phy_wrlvl_off_delay
INFO: [VRFC 10-2263] Analyzing Verilog file "E:/FPGA/project/smart_car_pld2026/my_car/prj/prj.srcs/sources_1/ip/mig_7series_0/mig_7series_0/user_design/rtl/phy/mig_7series_v4_2_ddr_prbs_gen.v" into library xil_defaultlib
INFO: [VRFC 10-311] analyzing module mig_7series_v4_2_ddr_prbs_gen
INFO: [VRFC 10-2263] Analyzing Verilog file "E:/FPGA/project/smart_car_pld2026/my_car/prj/prj.srcs/sources_1/ip/mig_7series_0/mig_7series_0/user_design/rtl/phy/mig_7series_v4_2_ddr_skip_calib_tap.v" into library xil_defaultlib
INFO: [VRFC 10-311] analyzing module mig_7series_v4_2_ddr_skip_calib_tap
INFO: [VRFC 10-2263] Analyzing Verilog file "E:/FPGA/project/smart_car_pld2026/my_car/prj/prj.srcs/sources_1/ip/mig_7series_0/mig_7series_0/user_design/rtl/phy/mig_7series_v4_2_poc_cc.v" into library xil_defaultlib
INFO: [VRFC 10-311] analyzing module mig_7series_v4_2_poc_cc
INFO: [VRFC 10-2263] Analyzing Verilog file "E:/FPGA/project/smart_car_pld2026/my_car/prj/prj.srcs/sources_1/ip/mig_7series_0/mig_7series_0/user_design/rtl/phy/mig_7series_v4_2_poc_edge_store.v" into library xil_defaultlib
INFO: [VRFC 10-311] analyzing module mig_7series_v4_2_poc_edge_store
INFO: [VRFC 10-2263] Analyzing Verilog file "E:/FPGA/project/smart_car_pld2026/my_car/prj/prj.srcs/sources_1/ip/mig_7series_0/mig_7series_0/user_design/rtl/phy/mig_7series_v4_2_poc_meta.v" into library xil_defaultlib
INFO: [VRFC 10-311] analyzing module mig_7series_v4_2_poc_meta
INFO: [VRFC 10-2263] Analyzing Verilog file "E:/FPGA/project/smart_car_pld2026/my_car/prj/prj.srcs/sources_1/ip/mig_7series_0/mig_7series_0/user_design/rtl/phy/mig_7series_v4_2_poc_pd.v" into library xil_defaultlib
INFO: [VRFC 10-311] analyzing module mig_7series_v4_2_poc_pd
INFO: [VRFC 10-2263] Analyzing Verilog file "E:/FPGA/project/smart_car_pld2026/my_car/prj/prj.srcs/sources_1/ip/mig_7series_0/mig_7series_0/user_design/rtl/phy/mig_7series_v4_2_poc_tap_base.v" into library xil_defaultlib
INFO: [VRFC 10-311] analyzing module mig_7series_v4_2_poc_tap_base
INFO: [VRFC 10-2263] Analyzing Verilog file "E:/FPGA/project/smart_car_pld2026/my_car/prj/prj.srcs/sources_1/ip/mig_7series_0/mig_7series_0/user_design/rtl/phy/mig_7series_v4_2_poc_top.v" into library xil_defaultlib
INFO: [VRFC 10-311] analyzing module mig_7series_v4_2_poc_top
INFO: [VRFC 10-2263] Analyzing Verilog file "E:/FPGA/project/smart_car_pld2026/my_car/prj/prj.srcs/sources_1/ip/mig_7series_0/mig_7series_0/user_design/rtl/ui/mig_7series_v4_2_ui_cmd.v" into library xil_defaultlib
INFO: [VRFC 10-311] analyzing module mig_7series_v4_2_ui_cmd
INFO: [VRFC 10-2263] Analyzing Verilog file "E:/FPGA/project/smart_car_pld2026/my_car/prj/prj.srcs/sources_1/ip/mig_7series_0/mig_7series_0/user_design/rtl/ui/mig_7series_v4_2_ui_rd_data.v" into library xil_defaultlib
INFO: [VRFC 10-311] analyzing module mig_7series_v4_2_ui_rd_data
INFO: [VRFC 10-2263] Analyzing Verilog file "E:/FPGA/project/smart_car_pld2026/my_car/prj/prj.srcs/sources_1/ip/mig_7series_0/mig_7series_0/user_design/rtl/ui/mig_7series_v4_2_ui_top.v" into library xil_defaultlib
INFO: [VRFC 10-311] analyzing module mig_7series_v4_2_ui_top
INFO: [VRFC 10-2263] Analyzing Verilog file "E:/FPGA/project/smart_car_pld2026/my_car/prj/prj.srcs/sources_1/ip/mig_7series_0/mig_7series_0/user_design/rtl/ui/mig_7series_v4_2_ui_wr_data.v" into library xil_defaultlib
INFO: [VRFC 10-311] analyzing module mig_7series_v4_2_ui_wr_data
INFO: [VRFC 10-2263] Analyzing Verilog file "E:/FPGA/project/smart_car_pld2026/my_car/prj/prj.srcs/sources_1/ip/mig_7series_0/mig_7series_0/user_design/rtl/mig_7series_0_mig_sim.v" into library xil_defaultlib
INFO: [VRFC 10-311] analyzing module mig_7series_0_mig
INFO: [VRFC 10-2458] undeclared symbol dbg_sel_po_incdec, assumed default net type wire [E:/FPGA/project/smart_car_pld2026/my_car/prj/prj.srcs/sources_1/ip/mig_7series_0/mig_7series_0/user_design/rtl/mig_7series_0_mig_sim.v:1096]
INFO: [VRFC 10-2458] undeclared symbol dbg_po_f_inc, assumed default net type wire [E:/FPGA/project/smart_car_pld2026/my_car/prj/prj.srcs/sources_1/ip/mig_7series_0/mig_7series_0/user_design/rtl/mig_7series_0_mig_sim.v:1100]
INFO: [VRFC 10-2458] undeclared symbol dbg_po_f_stg23_sel, assumed default net type wire [E:/FPGA/project/smart_car_pld2026/my_car/prj/prj.srcs/sources_1/ip/mig_7series_0/mig_7series_0/user_design/rtl/mig_7series_0_mig_sim.v:1101]
INFO: [VRFC 10-2458] undeclared symbol dbg_po_f_dec, assumed default net type wire [E:/FPGA/project/smart_car_pld2026/my_car/prj/prj.srcs/sources_1/ip/mig_7series_0/mig_7series_0/user_design/rtl/mig_7series_0_mig_sim.v:1102]
INFO: [VRFC 10-2263] Analyzing Verilog file "E:/FPGA/project/smart_car_pld2026/my_car/prj/prj.srcs/sources_1/ip/mig_7series_0/mig_7series_0/user_design/rtl/mig_7series_0.v" into library xil_defaultlib
INFO: [VRFC 10-311] analyzing module mig_7series_0
INFO: [VRFC 10-2263] Analyzing Verilog file "E:/FPGA/project/smart_car_pld2026/my_car/rtl/lcd_rgb_top/clk_div.v" into library xil_defaultlib
INFO: [VRFC 10-311] analyzing module clk_div
INFO: [VRFC 10-2263] Analyzing Verilog file "E:/FPGA/project/smart_car_pld2026/my_car/rtl/ov5640_dri/cmos_capture_data.v" into library xil_defaultlib
INFO: [VRFC 10-311] analyzing module cmos_capture_data
INFO: [VRFC 10-2263] Analyzing Verilog file "E:/FPGA/project/smart_car_pld2026/my_car/rtl/sensor_link/ctrl_link_tx.v" into library xil_defaultlib
INFO: [VRFC 10-311] analyzing module ctrl_link_tx
INFO: [VRFC 10-2263] Analyzing Verilog file "E:/FPGA/project/smart_car_pld2026/my_car/rtl/ddr3_top/ddr3_fifo_ctrl.v" into library xil_defaultlib
INFO: [VRFC 10-311] analyzing module ddr3_fifo_ctrl
INFO: [VRFC 10-2263] Analyzing Verilog file "E:/FPGA/project/smart_car_pld2026/my_car/rtl/ddr3_top/ddr3_fifo_ctrl_top.v" into library xil_defaultlib
INFO: [VRFC 10-311] analyzing module ddr3_fifo_ctrl_top
WARNING: [VRFC 10-3676] redeclaration of ansi port 'wfifo_dout' is not allowed [E:/FPGA/project/smart_car_pld2026/my_car/rtl/ddr3_top/ddr3_fifo_ctrl_top.v:60]
WARNING: [VRFC 10-3676] redeclaration of ansi port 'wfifo_rcount_1' is not allowed [E:/FPGA/project/smart_car_pld2026/my_car/rtl/ddr3_top/ddr3_fifo_ctrl_top.v:63]
WARNING: [VRFC 10-3676] redeclaration of ansi port 'wfifo_rcount_2' is not allowed [E:/FPGA/project/smart_car_pld2026/my_car/rtl/ddr3_top/ddr3_fifo_ctrl_top.v:64]
WARNING: [VRFC 10-3676] redeclaration of ansi port 'rfifo_wcount_1' is not allowed [E:/FPGA/project/smart_car_pld2026/my_car/rtl/ddr3_top/ddr3_fifo_ctrl_top.v:65]
WARNING: [VRFC 10-3676] redeclaration of ansi port 'rfifo_wcount_2' is not allowed [E:/FPGA/project/smart_car_pld2026/my_car/rtl/ddr3_top/ddr3_fifo_ctrl_top.v:66]
INFO: [VRFC 10-2263] Analyzing Verilog file "E:/FPGA/project/smart_car_pld2026/my_car/rtl/ddr3_top/ddr3_rw.v" into library xil_defaultlib
INFO: [VRFC 10-311] analyzing module ddr3_rw
WARNING: [VRFC 10-3676] redeclaration of ansi port 'app_addr' is not allowed [E:/FPGA/project/smart_car_pld2026/my_car/rtl/ddr3_top/ddr3_rw.v:70]
WARNING: [VRFC 10-3676] redeclaration of ansi port 'rfifo_wdata_1' is not allowed [E:/FPGA/project/smart_car_pld2026/my_car/rtl/ddr3_top/ddr3_rw.v:81]
WARNING: [VRFC 10-3676] redeclaration of ansi port 'rfifo_wdata_2' is not allowed [E:/FPGA/project/smart_car_pld2026/my_car/rtl/ddr3_top/ddr3_rw.v:82]
WARNING: [VRFC 10-3676] redeclaration of ansi port 'rfifo_wren_1' is not allowed [E:/FPGA/project/smart_car_pld2026/my_car/rtl/ddr3_top/ddr3_rw.v:98]
WARNING: [VRFC 10-3676] redeclaration of ansi port 'rfifo_wren_2' is not allowed [E:/FPGA/project/smart_car_pld2026/my_car/rtl/ddr3_top/ddr3_rw.v:99]
INFO: [VRFC 10-2263] Analyzing Verilog file "E:/FPGA/project/smart_car_pld2026/my_car/rtl/ddr3_top/ddr3_top.v" into library xil_defaultlib
INFO: [VRFC 10-311] analyzing module ddr3_top
INFO: [VRFC 10-2458] undeclared symbol rfifo_wren_1, assumed default net type wire [E:/FPGA/project/smart_car_pld2026/my_car/rtl/ddr3_top/ddr3_top.v:123]
INFO: [VRFC 10-2458] undeclared symbol rfifo_wren_2, assumed default net type wire [E:/FPGA/project/smart_car_pld2026/my_car/rtl/ddr3_top/ddr3_top.v:125]
INFO: [VRFC 10-2458] undeclared symbol wfifo_rden_1, assumed default net type wire [E:/FPGA/project/smart_car_pld2026/my_car/rtl/ddr3_top/ddr3_top.v:127]
INFO: [VRFC 10-2458] undeclared symbol wfifo_rden_2, assumed default net type wire [E:/FPGA/project/smart_car_pld2026/my_car/rtl/ddr3_top/ddr3_top.v:128]
INFO: [VRFC 10-2263] Analyzing Verilog file "E:/FPGA/project/smart_car_pld2026/my_car/rtl/green_detect.v" into library xil_defaultlib
INFO: [VRFC 10-311] analyzing module green_detect
INFO: [VRFC 10-2263] Analyzing Verilog file "E:/FPGA/project/smart_car_pld2026/my_car/rtl/ov5640_dri/i2c_dri.v" into library xil_defaultlib
INFO: [VRFC 10-311] analyzing module i2c_dri
INFO: [VRFC 10-2263] Analyzing Verilog file "E:/FPGA/project/smart_car_pld2026/my_car/rtl/ov5640_dri/i2c_ov5640_rgb565_cfg.v" into library xil_defaultlib
INFO: [VRFC 10-311] analyzing module i2c_ov5640_rgb565_cfg
INFO: [VRFC 10-2263] Analyzing Verilog file "E:/FPGA/project/smart_car_pld2026/my_car/rtl/lcd_rgb_top/lcd_disply.v" into library xil_defaultlib
INFO: [VRFC 10-311] analyzing module lcd_disply
INFO: [VRFC 10-2263] Analyzing Verilog file "E:/FPGA/project/smart_car_pld2026/my_car/rtl/lcd_rgb_top/lcd_driver.v" into library xil_defaultlib
INFO: [VRFC 10-311] analyzing module lcd_driver
INFO: [VRFC 10-2263] Analyzing Verilog file "E:/FPGA/project/smart_car_pld2026/my_car/rtl/lcd_rgb_top/lcd_rgb_top.v" into library xil_defaultlib
INFO: [VRFC 10-311] analyzing module lcd_rgb_top
INFO: [VRFC 10-2263] Analyzing Verilog file "E:/FPGA/project/smart_car_pld2026/my_car/rtl/ov5640_dri/ov5640_dri.v" into library xil_defaultlib
INFO: [VRFC 10-311] analyzing module ov5640_dri
INFO: [VRFC 10-2263] Analyzing Verilog file "E:/FPGA/project/smart_car_pld2026/my_car/rtl/picture_size.v" into library xil_defaultlib
INFO: [VRFC 10-311] analyzing module picture_size
INFO: [VRFC 10-2263] Analyzing Verilog file "E:/FPGA/project/smart_car_pld2026/my_car/rtl/lcd_rgb_top/rd_id.v" into library xil_defaultlib
INFO: [VRFC 10-311] analyzing module rd_id
INFO: [VRFC 10-2263] Analyzing Verilog file "E:/FPGA/project/smart_car_pld2026/my_car/rtl/sensor_link/sensor_link.v" into library xil_defaultlib
INFO: [VRFC 10-311] analyzing module sensor_link
INFO: [VRFC 10-2263] Analyzing Verilog file "E:/FPGA/project/smart_car_pld2026/my_car/rtl/sensor_link/sl_uart_rx.v" into library xil_defaultlib
INFO: [VRFC 10-311] analyzing module sl_uart_rx
WARNING: [VRFC 10-3380] identifier 'S_IDLE' is used before its declaration [E:/FPGA/project/smart_car_pld2026/my_car/rtl/sensor_link/sl_uart_rx.v:22]
INFO: [VRFC 10-2263] Analyzing Verilog file "E:/FPGA/project/smart_car_pld2026/my_car/rtl/sensor_link/sl_uart_tx.v" into library xil_defaultlib
INFO: [VRFC 10-311] analyzing module sl_uart_tx
INFO: [VRFC 10-2263] Analyzing Verilog file "E:/FPGA/project/smart_car_pld2026/my_car/rtl/tracker_ctrl.v" into library xil_defaultlib
INFO: [VRFC 10-311] analyzing module tracker_ctrl
INFO: [VRFC 10-2263] Analyzing Verilog file "E:/FPGA/project/smart_car_pld2026/my_car/rtl/sensor_link/v1_decode.v" into library xil_defaultlib
INFO: [VRFC 10-311] analyzing module v1_decode
INFO: [VRFC 10-2263] Analyzing Verilog file "E:/FPGA/project/smart_car_pld2026/my_car/rtl/top_dual_ov5640_lcd.v" into library xil_defaultlib
INFO: [VRFC 10-311] analyzing module top_dual_ov5640_lcd
INFO: [VRFC 10-2458] undeclared symbol rd_vsync, assumed default net type wire [E:/FPGA/project/smart_car_pld2026/my_car/rtl/top_dual_ov5640_lcd.v:277]
"xvhdl --incr --relax -prj top_dual_ov5640_lcd_vhdl.prj"
run_program: Time (s): cpu = 00:00:01 ; elapsed = 00:00:12 . Memory (MB): peak = 4473.488 ; gain = 0.000
INFO: [USF-XSim-69] 'compile' step finished in '12' seconds
INFO: [USF-XSim-3] XSim::Elaborate design
INFO: [USF-XSim-61] Executing 'ELABORATE' step in 'E:/FPGA/project/smart_car_pld2026/my_car/prj/prj.sim/sim_1/behav/xsim'
Vivado Simulator 2018.3
Copyright 1986-1999, 2001-2018 Xilinx, Inc. All Rights Reserved.
Running: D:/Xilinx/Vivado/2018.3/bin/unwrapped/win64.o/xelab.exe -wto 90cd3ee7bb314f9c9041c02b75cdbebc --incr --debug typical --relax --mt 2 -L xil_defaultlib -L fifo_generator_v13_2_3 -L unisims_ver -L unimacro_ver -L secureip -L xpm --snapshot top_dual_ov5640_lcd_behav xil_defaultlib.top_dual_ov5640_lcd xil_defaultlib.glbl -log elaborate.log 
Using 2 slave threads.
Starting static elaboration
WARNING: [VRFC 10-3091] actual bit length 12 differs from formal bit length 13 for port 'cmos_h_pixel' [E:/FPGA/project/smart_car_pld2026/my_car/rtl/top_dual_ov5640_lcd.v:169]
WARNING: [VRFC 10-3091] actual bit length 12 differs from formal bit length 13 for port 'cmos_h_pixel' [E:/FPGA/project/smart_car_pld2026/my_car/rtl/top_dual_ov5640_lcd.v:196]
WARNING: [VRFC 10-3091] actual bit length 26 differs from formal bit length 28 for port 'app_addr_rd_max' [E:/FPGA/project/smart_car_pld2026/my_car/rtl/top_dual_ov5640_lcd.v:238]
WARNING: [VRFC 10-3091] actual bit length 7 differs from formal bit length 8 for port 'rd_bust_len' [E:/FPGA/project/smart_car_pld2026/my_car/rtl/top_dual_ov5640_lcd.v:239]
WARNING: [VRFC 10-3091] actual bit length 26 differs from formal bit length 28 for port 'app_addr_wr_max' [E:/FPGA/project/smart_car_pld2026/my_car/rtl/top_dual_ov5640_lcd.v:241]
WARNING: [VRFC 10-3091] actual bit length 7 differs from formal bit length 8 for port 'wr_bust_len' [E:/FPGA/project/smart_car_pld2026/my_car/rtl/top_dual_ov5640_lcd.v:242]
WARNING: [VRFC 10-3091] actual bit length 32 differs from formal bit length 1 for port 'app_sr_req' [E:/FPGA/project/smart_car_pld2026/my_car/rtl/ddr3_top/ddr3_top.v:174]
WARNING: [VRFC 10-3091] actual bit length 32 differs from formal bit length 1 for port 'app_ref_req' [E:/FPGA/project/smart_car_pld2026/my_car/rtl/ddr3_top/ddr3_top.v:175]
WARNING: [VRFC 10-3091] actual bit length 32 differs from formal bit length 1 for port 'app_zq_req' [E:/FPGA/project/smart_car_pld2026/my_car/rtl/ddr3_top/ddr3_top.v:176]
WARNING: [VRFC 10-3091] actual bit length 12 differs from formal bit length 8 for port 'pi_dqs_found_lanes' [E:/FPGA/project/smart_car_pld2026/my_car/prj/prj.srcs/sources_1/ip/mig_7series_0/mig_7series_0/user_design/rtl/phy/mig_7series_v4_2_ddr_mc_phy_wrapper.v:1671]
WARNING: [VRFC 10-3091] actual bit length 12 differs from formal bit length 8 for port 'pi_phase_locked_lanes' [E:/FPGA/project/smart_car_pld2026/my_car/prj/prj.srcs/sources_1/ip/mig_7series_0/mig_7series_0/user_design/rtl/phy/mig_7series_v4_2_ddr_mc_phy_wrapper.v:1679]
WARNING: [VRFC 10-3091] actual bit length 12 differs from formal bit length 8 for port 'pi_dqs_found_lanes' [E:/FPGA/project/smart_car_pld2026/my_car/prj/prj.srcs/sources_1/ip/mig_7series_0/mig_7series_0/user_design/rtl/phy/mig_7series_v4_2_ddr_phy_top.v:1340]
WARNING: [VRFC 10-3091] actual bit length 11 differs from formal bit length 10 for port 'wfifo_rcount' [E:/FPGA/project/smart_car_pld2026/my_car/rtl/ddr3_top/ddr3_fifo_ctrl_top.v:106]
WARNING: [VRFC 10-3091] actual bit length 11 differs from formal bit length 10 for port 'rfifo_wcount' [E:/FPGA/project/smart_car_pld2026/my_car/rtl/ddr3_top/ddr3_fifo_ctrl_top.v:107]
WARNING: [VRFC 10-3091] actual bit length 10 differs from formal bit length 9 for port 'wr_data_count' [E:/FPGA/project/smart_car_pld2026/my_car/rtl/ddr3_top/ddr3_fifo_ctrl.v:200]
WARNING: [VRFC 10-3091] actual bit length 10 differs from formal bit length 9 for port 'rd_data_count' [E:/FPGA/project/smart_car_pld2026/my_car/rtl/ddr3_top/ddr3_fifo_ctrl.v:215]
WARNING: [VRFC 10-3091] actual bit length 11 differs from formal bit length 10 for port 'wfifo_rcount' [E:/FPGA/project/smart_car_pld2026/my_car/rtl/ddr3_top/ddr3_fifo_ctrl_top.v:128]
WARNING: [VRFC 10-3091] actual bit length 11 differs from formal bit length 10 for port 'rfifo_wcount' [E:/FPGA/project/smart_car_pld2026/my_car/rtl/ddr3_top/ddr3_fifo_ctrl_top.v:129]
WARNING: [VRFC 10-3091] actual bit length 11 differs from formal bit length 13 for port 'rd_h_pixel' [E:/FPGA/project/smart_car_pld2026/my_car/rtl/lcd_rgb_top/lcd_rgb_top.v:120]
Completed static elaboration
Starting simulation data flow analysis
Completed simulation data flow analysis
Time Resolution for simulation is 1fs
Compiling module xil_defaultlib.picture_size
Compiling module xil_defaultlib.i2c_ov5640_rgb565_cfg
Compiling module xil_defaultlib.i2c_dri(SLAVE_ADDR=7'b0111100,CL...
Compiling module xil_defaultlib.cmos_capture_data
Compiling module xil_defaultlib.ov5640_dri
Compiling module xil_defaultlib.green_detect(TH_G=6'b101000,TH_R...
Compiling module xil_defaultlib.ddr3_rw
Compiling module unisims_ver.IDELAYCTRL_default
Compiling module xil_defaultlib.mig_7series_v4_2_iodelay_ctrl(IO...
Compiling module xil_defaultlib.mig_7series_v4_2_clk_ibuf(SYSCLK...
Compiling module unisims_ver.XADC(INIT_40=16'b01000000000000,...
Compiling module xil_defaultlib.mig_7series_v4_2_tempmon_default
Compiling module unisims_ver.PLLE2_ADV(CLKFBOUT_MULT=4,CLKIN1...
Compiling module unisims_ver.BUFG
Compiling module unisims_ver.BUFH
Compiling module unisims_ver.MMCME2_ADV(BANDWIDTH="HIGH",CLKF...
Compiling module xil_defaultlib.mig_7series_v4_2_infrastructure(...
Compiling module unisims_ver.SRLC32E_default
Compiling module xil_defaultlib.mig_7series_v4_2_rank_cntrl(DQRD...
Compiling module xil_defaultlib.mig_7series_v4_2_round_robin_arb...
Compiling module xil_defaultlib.mig_7series_v4_2_round_robin_arb...
Compiling module xil_defaultlib.mig_7series_v4_2_rank_common(MAI...
Compiling module xil_defaultlib.mig_7series_v4_2_rank_mach(CS_WI...
Compiling module xil_defaultlib.mig_7series_v4_2_bank_compare(CO...
Compiling module xil_defaultlib.mig_7series_v4_2_bank_state(DATA...
Compiling module xil_defaultlib.mig_7series_v4_2_bank_queue(ORDE...
Compiling module xil_defaultlib.mig_7series_v4_2_bank_cntrl(COL_...
Compiling module xil_defaultlib.mig_7series_v4_2_bank_state(DATA...
Compiling module xil_defaultlib.mig_7series_v4_2_bank_queue(ORDE...
Compiling module xil_defaultlib.mig_7series_v4_2_bank_cntrl(COL_...
Compiling module xil_defaultlib.mig_7series_v4_2_bank_state(DATA...
Compiling module xil_defaultlib.mig_7series_v4_2_bank_queue(ORDE...
Compiling module xil_defaultlib.mig_7series_v4_2_bank_cntrl(COL_...
Compiling module xil_defaultlib.mig_7series_v4_2_bank_state(DATA...
Compiling module xil_defaultlib.mig_7series_v4_2_bank_queue(ORDE...
Compiling module xil_defaultlib.mig_7series_v4_2_bank_cntrl(COL_...
Compiling module xil_defaultlib.mig_7series_v4_2_bank_common(LOW...
Compiling module xil_defaultlib.mig_7series_v4_2_round_robin_arb...
Compiling module xil_defaultlib.mig_7series_v4_2_arb_row_col(nCK...
Compiling module xil_defaultlib.mig_7series_v4_2_arb_select(CS_W...
Compiling module xil_defaultlib.mig_7series_v4_2_arb_mux(CS_WIDT...
Compiling module xil_defaultlib.mig_7series_v4_2_bank_mach(COL_W...
Compiling module unisims_ver.RAM32M
Compiling module xil_defaultlib.mig_7series_v4_2_col_mach(COL_WI...
Compiling module xil_defaultlib.mig_7series_v4_2_mc(CL=6,COL_WID...
Compiling module unisims_ver.OBUF
Compiling module unisims_ver.OBUFT
Compiling module unisims_ver.IOBUF_INTERMDISABLE(IBUF_LOW_PWR...
Compiling module unisims_ver.IOBUFDS_DIFF_OUT_INTERMDISABLE(D...
Compiling module unisims_ver.IDDR
Compiling module xil_defaultlib.mig_7series_v4_2_poc_pd_default
Compiling module xil_defaultlib.mig_7series_v4_2_ddr_of_pre_fifo...
Compiling module xil_defaultlib.mig_7series_v4_2_ddr_of_pre_fifo...
Compiling module unisims_ver.BUFIO
Compiling module xil_defaultlib.mig_7series_v4_2_ddr_if_post_fif...
Compiling module xil_defaultlib.mig_7series_v4_2_ddr_of_pre_fifo...
Compiling secureip modules ...
Compiling module unisims_ver.PHASER_IN_PHY(BURST_MODE="TRUE",...
Compiling secureip modules ...
Compiling module unisims_ver.PHASER_OUT_PHY(CLKOUT_DIV=2,DATA...
Compiling secureip modules ...
Compiling module unisims_ver.IN_FIFO
Compiling secureip modules ...
Compiling module unisims_ver.OUT_FIFO
Compiling secureip modules ...
Compiling module unisims_ver.ISERDESE2(INTERFACE_TYPE="MEMORY...
Compiling module unisims_ver.IDELAYE2(HIGH_PERFORMANCE_MODE="...
Compiling secureip modules ...
Compiling module unisims_ver.OSERDESE2(DATA_WIDTH=32'sb0100,I...
Compiling secureip modules ...
Compiling module unisims_ver.OSERDESE2(DATA_WIDTH=32'sb0100,I...
Compiling module unisims_ver.ODDR(DDR_CLK_EDGE="SAME_EDGE")
Compiling module xil_defaultlib.mig_7series_v4_2_ddr_byte_group_...
Compiling module xil_defaultlib.mig_7series_v4_2_ddr_byte_lane(P...
Compiling module xil_defaultlib.mig_7series_v4_2_ddr_byte_group_...
Compiling module xil_defaultlib.mig_7series_v4_2_ddr_byte_lane(A...
Compiling module xil_defaultlib.mig_7series_v4_2_ddr_byte_group_...
Compiling module xil_defaultlib.mig_7series_v4_2_ddr_byte_lane(A...
Compiling module xil_defaultlib.mig_7series_v4_2_ddr_byte_group_...
Compiling module xil_defaultlib.mig_7series_v4_2_ddr_byte_lane(A...
Compiling secureip modules ...
Compiling module unisims_ver.PHY_CONTROL(AO_TOGGLE=1,BURST_MO...
Compiling module unisims_ver.PHASER_REF
Compiling module xil_defaultlib.mig_7series_v4_2_ddr_phy_4lanes(...
Compiling module unisims_ver.PHASER_OUT_PHY(FINE_DELAY=60,MEM...
Compiling module unisims_ver.OUT_FIFO(ARRAY_MODE="ARRAY_MODE_...
Compiling secureip modules ...
Compiling module unisims_ver.OSERDESE2(DATA_RATE_OQ="SDR",DAT...
Compiling module xil_defaultlib.mig_7series_v4_2_ddr_byte_group_...
Compiling module xil_defaultlib.mig_7series_v4_2_ddr_byte_lane(A...
Compiling module xil_defaultlib.mig_7series_v4_2_ddr_byte_group_...
Compiling module xil_defaultlib.mig_7series_v4_2_ddr_byte_lane(A...
Compiling module xil_defaultlib.mig_7series_v4_2_ddr_byte_group_...
Compiling module unisims_ver.OBUFDS
Compiling module xil_defaultlib.mig_7series_v4_2_ddr_byte_lane(A...
Compiling module unisims_ver.PHY_CONTROL(AO_TOGGLE=1,BURST_MO...
Compiling module xil_defaultlib.mig_7series_v4_2_ddr_phy_4lanes(...
Compiling module xil_defaultlib.mig_7series_v4_2_ddr_mc_phy(BYTE...
Compiling module xil_defaultlib.mig_7series_v4_2_ddr_mc_phy_wrap...
Compiling module xil_defaultlib.mig_7series_v4_2_ddr_prbs_gen(DQ...
Compiling module xil_defaultlib.mig_7series_v4_2_ddr_phy_init(tC...
Compiling module xil_defaultlib.mig_7series_v4_2_ddr_phy_wrcal(n...
Compiling module xil_defaultlib.mig_7series_v4_2_ddr_phy_wrlvl(D...
Compiling module xil_defaultlib.mig_7series_v4_2_ddr_phy_ck_addr...
Compiling module xil_defaultlib.mig_7series_v4_2_ddr_phy_dqs_fou...
Compiling module xil_defaultlib.mig_7series_v4_2_ddr_phy_rdlvl(n...
Compiling module xil_defaultlib.mig_7series_v4_2_ddr_phy_prbs_rd...
Compiling module xil_defaultlib.mig_7series_v4_2_ddr_phy_tempmon...
Compiling module xil_defaultlib.mig_7series_v4_2_ddr_calib_top(n...
Compiling module xil_defaultlib.mig_7series_v4_2_ddr_phy_top(DDR...
Compiling module xil_defaultlib.mig_7series_v4_2_mem_intfc(DDR3_...
Compiling module xil_defaultlib.mig_7series_v4_2_ui_cmd(ADDR_WID...
Compiling module xil_defaultlib.mig_7series_v4_2_ui_wr_data(nCK_...
Compiling module xil_defaultlib.mig_7series_v4_2_ui_rd_data(nCK_...
Compiling module xil_defaultlib.mig_7series_v4_2_ui_top(COL_WIDT...
Compiling module xil_defaultlib.mig_7series_v4_2_memc_ui_top_std...
Compiling module xil_defaultlib.mig_7series_0_mig_default
Compiling module xil_defaultlib.mig_7series_0
Compiling module fifo_generator_v13_2_3.fifo_generator_v13_2_3_sync_stag...
Compiling module fifo_generator_v13_2_3.fifo_generator_v13_2_3_bhv_ver_a...
Compiling module fifo_generator_v13_2_3.fifo_generator_v13_2_3_bhv_ver_p...
Compiling module fifo_generator_v13_2_3.fifo_generator_v13_2_3_CONV_VER(...
Compiling module fifo_generator_v13_2_3.fifo_generator_vlog_beh(C_DATA_C...
Compiling module fifo_generator_v13_2_3.fifo_generator_v13_2_3(C_EN_SAFE...
Compiling module xil_defaultlib.rd_fifo
Compiling module xil_defaultlib.wr_fifo
Compiling module xil_defaultlib.ddr3_fifo_ctrl
Compiling module xil_defaultlib.ddr3_fifo_ctrl_top
Compiling module xil_defaultlib.ddr3_top
Compiling module unisims_ver.IBUF
Compiling module unisims_ver.MMCME2_ADV(CLKFBOUT_MULT_F=20.0,...
Compiling module xil_defaultlib.clk_wiz_0_clk_wiz
Compiling module xil_defaultlib.clk_wiz_0
Compiling module xil_defaultlib.clk_div
Compiling module xil_defaultlib.rd_id
Compiling module xil_defaultlib.lcd_driver
Compiling module xil_defaultlib.lcd_disply
Compiling module xil_defaultlib.lcd_rgb_top
Compiling module xil_defaultlib.sl_uart_rx_default
Compiling module xil_defaultlib.v1_decode
Compiling module xil_defaultlib.tracker_ctrl
Compiling module xil_defaultlib.sl_uart_tx_default
Compiling module xil_defaultlib.ctrl_link_tx_default
Compiling module xil_defaultlib.sensor_link
Compiling module xil_defaultlib.top_dual_ov5640_lcd
Compiling module xil_defaultlib.glbl
Built simulation snapshot top_dual_ov5640_lcd_behav
run_program: Time (s): cpu = 00:00:00 ; elapsed = 00:00:15 . Memory (MB): peak = 4473.488 ; gain = 0.000
INFO: [USF-XSim-69] 'elaborate' step finished in '15' seconds
INFO: [USF-XSim-4] XSim::Simulate design
INFO: [USF-XSim-61] Executing 'SIMULATE' step in 'E:/FPGA/project/smart_car_pld2026/my_car/prj/prj.sim/sim_1/behav/xsim'
INFO: [USF-XSim-98] *** Running xsim
   with args "top_dual_ov5640_lcd_behav -key {Behavioral:sim_1:Functional:top_dual_ov5640_lcd} -tclbatch {top_dual_ov5640_lcd.tcl} -log {simulate.log}"
INFO: [USF-XSim-8] Loading simulator feature
Vivado Simulator 2018.3
Time resolution is 1 fs
source top_dual_ov5640_lcd.tcl
# set curr_wave [current_wave_config]
# if { [string length $curr_wave] == 0 } {
#   if { [llength [get_objects]] > 0} {
#     add_wave /
#     set_property needs_save false [current_wave_config]
#   } else {
#      send_msg_id Add_Wave-1 WARNING "No top level signals found. Simulator will start without a wave window. If you want to open a wave window go to 'File->New Waveform Configuration' or type 'create_wave_config' in the TCL console."
#   }
# }
# run 1000ns
WARNING: file design.txt could not be opened
 *** Warning: The analog data file design.txt for XADC instance top_dual_ov5640_lcd.u_ddr3_top.u_mig_7series_0.u_mig_7series_0_mig.temp_mon_enabled.u_tempmon.xadc_supplied_temperature.XADC_inst was not found. Use the SIM_MONITOR_FILE parameter to specify the analog data file name or use the default name: design.txt.

############# Write Clocks PLLE2_ADV Parameters #############

nCK_PER_CLK      =       4
CLK_PERIOD       =    5000
CLKIN1_PERIOD    =   5.000
DIVCLK_DIVIDE    =       1
CLKFBOUT_MULT    =       4
VCO_PERIOD       =  1250.0
CLKOUT0_DIVIDE_F =       1
CLKOUT1_DIVIDE   =       2
CLKOUT2_DIVIDE   =      32
CLKOUT3_DIVIDE   =       8
CLKOUT0_PERIOD   =    1250
CLKOUT1_PERIOD   =    2500
CLKOUT2_PERIOD   =   40000
CLKOUT3_PERIOD   =   10000
CLKOUT4_PERIOD   =    5000
############################################################

############# MMCME2_ADV Parameters #############

MMCM_MULT_F           =           8
MMCM_VCO_FREQ (MHz)   = 800.000
MMCM_VCO_PERIOD       = 1250.000
#################################################

top_dual_ov5640_lcd.u_ddr3_top.u_mig_7series_0.u_mig_7series_0_mig.u_memc_ui_top_std.mem_intfc0.ddr_phy_top0.u_ddr_mc_phy_wrapper.u_ddr_mc_phy : BYTE_LANES_B0 = f BYTE_LANES_B1 = e DATA_CTL_B0 = f DATA_CTL_B1 = 0
top_dual_ov5640_lcd.u_ddr3_top.u_mig_7series_0.u_mig_7series_0_mig.u_memc_ui_top_std.mem_intfc0.ddr_phy_top0.u_ddr_mc_phy_wrapper.u_ddr_mc_phy : HIGHEST_LANE =           8 HIGHEST_LANE_B0 =           4 HIGHEST_LANE_B1 =           4
top_dual_ov5640_lcd.u_ddr3_top.u_mig_7series_0.u_mig_7series_0_mig.u_memc_ui_top_std.mem_intfc0.ddr_phy_top0.u_ddr_mc_phy_wrapper.u_ddr_mc_phy : HIGHEST_BANK =           2
top_dual_ov5640_lcd.u_ddr3_top.u_mig_7series_0.u_mig_7series_0_mig.u_memc_ui_top_std.mem_intfc0.ddr_phy_top0.u_ddr_mc_phy_wrapper.u_ddr_mc_phy : FREQ_REF_PERIOD         = 1250.00 
top_dual_ov5640_lcd.u_ddr3_top.u_mig_7series_0.u_mig_7series_0_mig.u_memc_ui_top_std.mem_intfc0.ddr_phy_top0.u_ddr_mc_phy_wrapper.u_ddr_mc_phy : DDR_TCK                 = 2500 
top_dual_ov5640_lcd.u_ddr3_top.u_mig_7series_0.u_mig_7series_0_mig.u_memc_ui_top_std.mem_intfc0.ddr_phy_top0.u_ddr_mc_phy_wrapper.u_ddr_mc_phy : PO_S2_TAPS_SIZE         = 9.77 
top_dual_ov5640_lcd.u_ddr3_top.u_mig_7series_0.u_mig_7series_0_mig.u_memc_ui_top_std.mem_intfc0.ddr_phy_top0.u_ddr_mc_phy_wrapper.u_ddr_mc_phy : PO_CIRC_BUF_EARLY       = 1 
top_dual_ov5640_lcd.u_ddr3_top.u_mig_7series_0.u_mig_7series_0_mig.u_memc_ui_top_std.mem_intfc0.ddr_phy_top0.u_ddr_mc_phy_wrapper.u_ddr_mc_phy : PO_CIRC_BUF_OFFSET      = 1219.75 
top_dual_ov5640_lcd.u_ddr3_top.u_mig_7series_0.u_mig_7series_0_mig.u_memc_ui_top_std.mem_intfc0.ddr_phy_top0.u_ddr_mc_phy_wrapper.u_ddr_mc_phy : PO_CIRC_BUF_META_ZONE   = 200.00 
top_dual_ov5640_lcd.u_ddr3_top.u_mig_7series_0.u_mig_7series_0_mig.u_memc_ui_top_std.mem_intfc0.ddr_phy_top0.u_ddr_mc_phy_wrapper.u_ddr_mc_phy : PO_STG2_FINE_INTR_DLY   = 769.25 
top_dual_ov5640_lcd.u_ddr3_top.u_mig_7series_0.u_mig_7series_0_mig.u_memc_ui_top_std.mem_intfc0.ddr_phy_top0.u_ddr_mc_phy_wrapper.u_ddr_mc_phy : PO_STG2_COARSE_INTR_DLY = 511.00 
top_dual_ov5640_lcd.u_ddr3_top.u_mig_7series_0.u_mig_7series_0_mig.u_memc_ui_top_std.mem_intfc0.ddr_phy_top0.u_ddr_mc_phy_wrapper.u_ddr_mc_phy : PO_STG2_INTRINSIC_DELAY = 1280.25 
top_dual_ov5640_lcd.u_ddr3_top.u_mig_7series_0.u_mig_7series_0_mig.u_memc_ui_top_std.mem_intfc0.ddr_phy_top0.u_ddr_mc_phy_wrapper.u_ddr_mc_phy : PO_CIRC_BUF_DELAY       = 60 
top_dual_ov5640_lcd.u_ddr3_top.u_mig_7series_0.u_mig_7series_0_mig.u_memc_ui_top_std.mem_intfc0.ddr_phy_top0.u_ddr_mc_phy_wrapper.u_ddr_mc_phy : PO_INTRINSIC_DELAY      = 1280.25 
top_dual_ov5640_lcd.u_ddr3_top.u_mig_7series_0.u_mig_7series_0_mig.u_memc_ui_top_std.mem_intfc0.ddr_phy_top0.u_ddr_mc_phy_wrapper.u_ddr_mc_phy : PO_DELAY                = 1866.19 
top_dual_ov5640_lcd.u_ddr3_top.u_mig_7series_0.u_mig_7series_0_mig.u_memc_ui_top_std.mem_intfc0.ddr_phy_top0.u_ddr_mc_phy_wrapper.u_ddr_mc_phy : PO_OCLK_DELAY           = 0 
top_dual_ov5640_lcd.u_ddr3_top.u_mig_7series_0.u_mig_7series_0_mig.u_memc_ui_top_std.mem_intfc0.ddr_phy_top0.u_ddr_mc_phy_wrapper.u_ddr_mc_phy : L_PHY_0_PO_FINE_DELAY   = 60 
top_dual_ov5640_lcd.u_ddr3_top.u_mig_7series_0.u_mig_7series_0_mig.u_memc_ui_top_std.mem_intfc0.ddr_phy_top0.u_ddr_mc_phy_wrapper.u_ddr_mc_phy : PI_STG1_INTRINSIC_DELAY = 0.00 
top_dual_ov5640_lcd.u_ddr3_top.u_mig_7series_0.u_mig_7series_0_mig.u_memc_ui_top_std.mem_intfc0.ddr_phy_top0.u_ddr_mc_phy_wrapper.u_ddr_mc_phy : PI_STG2_INTRINSIC_DELAY = 744.00 
top_dual_ov5640_lcd.u_ddr3_top.u_mig_7series_0.u_mig_7series_0_mig.u_memc_ui_top_std.mem_intfc0.ddr_phy_top0.u_ddr_mc_phy_wrapper.u_ddr_mc_phy : PI_INTRINSIC_DELAY      = 744.00 
top_dual_ov5640_lcd.u_ddr3_top.u_mig_7series_0.u_mig_7series_0_mig.u_memc_ui_top_std.mem_intfc0.ddr_phy_top0.u_ddr_mc_phy_wrapper.u_ddr_mc_phy : PI_MAX_STG2_DELAY       = 615.23 
top_dual_ov5640_lcd.u_ddr3_top.u_mig_7series_0.u_mig_7series_0_mig.u_memc_ui_top_std.mem_intfc0.ddr_phy_top0.u_ddr_mc_phy_wrapper.u_ddr_mc_phy : PI_OFFSET               = -78.00 
top_dual_ov5640_lcd.u_ddr3_top.u_mig_7series_0.u_mig_7series_0_mig.u_memc_ui_top_std.mem_intfc0.ddr_phy_top0.u_ddr_mc_phy_wrapper.u_ddr_mc_phy : a negative PI_OFFSET means that rclk path is longer than oclk path so rclk will be delayed to next oclk edge and the negedge of rclk may be used.
top_dual_ov5640_lcd.u_ddr3_top.u_mig_7series_0.u_mig_7series_0_mig.u_memc_ui_top_std.mem_intfc0.ddr_phy_top0.u_ddr_mc_phy_wrapper.u_ddr_mc_phy : PI_STG2_DELAY           = 615.23 
top_dual_ov5640_lcd.u_ddr3_top.u_mig_7series_0.u_mig_7series_0_mig.u_memc_ui_top_std.mem_intfc0.ddr_phy_top0.u_ddr_mc_phy_wrapper.u_ddr_mc_phy :PI_STG2_DELAY_CAND       = 1172.00 
top_dual_ov5640_lcd.u_ddr3_top.u_mig_7series_0.u_mig_7series_0_mig.u_memc_ui_top_std.mem_intfc0.ddr_phy_top0.u_ddr_mc_phy_wrapper.u_ddr_mc_phy : DEFAULT_RCLK_DELAY      = 63 
top_dual_ov5640_lcd.u_ddr3_top.u_mig_7series_0.u_mig_7series_0_mig.u_memc_ui_top_std.mem_intfc0.ddr_phy_top0.u_ddr_mc_phy_wrapper.u_ddr_mc_phy : RCLK_SELECT_EDGE        = 0 
WARNING: top_dual_ov5640_lcd.u_ddr3_top.u_mig_7series_0.u_mig_7series_0_mig.u_memc_ui_top_std.mem_intfc0.ddr_phy_top0.u_ddr_mc_phy_wrapper.u_ddr_mc_phy: The required delay though the phaser_in to internally match the aux_out clock  to ddr clock exceeds the maximum allowable delay. The clock edge  will occur at the output registers of aux_out 556.77 ps before the ddr clock  edge. If aux_out is used for memory inputs, this may violate setup or hold time.
WARNING: Behavioral models for independent clock FIFO configurations do not model synchronization delays. The behavioral models are functionally correct, and will represent the behavior of the configured FIFO. See the FIFO Generator User Guide for more information.
WARNING: Behavioral models for independent clock FIFO configurations do not model synchronization delays. The behavioral models are functionally correct, and will represent the behavior of the configured FIFO. See the FIFO Generator User Guide for more information.
WARNING: Behavioral models for independent clock FIFO configurations do not model synchronization delays. The behavioral models are functionally correct, and will represent the behavior of the configured FIFO. See the FIFO Generator User Guide for more information.
WARNING: Behavioral models for independent clock FIFO configurations do not model synchronization delays. The behavioral models are functionally correct, and will represent the behavior of the configured FIFO. See the FIFO Generator User Guide for more information.
INFO: [USF-XSim-96] XSim completed. Design snapshot 'top_dual_ov5640_lcd_behav' loaded.
INFO: [USF-XSim-97] XSim simulation ran for 1000ns
launch_simulation: Time (s): cpu = 00:00:04 ; elapsed = 00:00:31 . Memory (MB): peak = 4473.488 ; gain = 0.000
reset_run synth_1
WARNING: [Vivado 12-1017] Problems encountered:
1. Failed to delete one or more files in run directory E:/FPGA/project/smart_car_pld2026/my_car/prj/prj.runs/synth_1

launch_runs synth_1 -jobs 12
INFO: [Vivado 12-4149] The synthesis checkpoint for IP 'E:/FPGA/project/smart_car_pld2026/my_car/prj/prj.srcs/sources_1/ip/rd_fifo/rd_fifo.xci' is already up-to-date
[Sun Jul 26 18:27:53 2026] Launched synth_1...
Run output will be captured here: E:/FPGA/project/smart_car_pld2026/my_car/prj/prj.runs/synth_1/runme.log
current_design synth_1
close_design
open_run synth_1 -name synth_1
Design is defaulting to impl run constrset: constrs_1
Design is defaulting to synth run part: xc7a100tfgg484-2
INFO: [Project 1-454] Reading design checkpoint 'e:/FPGA/project/smart_car_pld2026/my_car/prj/prj.srcs/sources_1/ip/clk_wiz_0/clk_wiz_0.dcp' for cell 'u_clk_wiz_0'
INFO: [Project 1-454] Reading design checkpoint 'e:/FPGA/project/smart_car_pld2026/my_car/prj/prj.srcs/sources_1/ip/mig_7series_0/mig_7series_0.dcp' for cell 'u_ddr3_top/u_mig_7series_0'
INFO: [Project 1-454] Reading design checkpoint 'e:/FPGA/project/smart_car_pld2026/my_car/prj/prj.srcs/sources_1/ip/rd_fifo/rd_fifo.dcp' for cell 'u_ddr3_top/u_ddr3_fifo_ctrl_top/u_ddr3_fifo_ctrl_1/u_rd_fifo'
INFO: [Project 1-454] Reading design checkpoint 'e:/FPGA/project/smart_car_pld2026/my_car/prj/prj.srcs/sources_1/ip/wr_fifo/wr_fifo.dcp' for cell 'u_ddr3_top/u_ddr3_fifo_ctrl_top/u_ddr3_fifo_ctrl_1/u_wr_fifo'
INFO: [Netlist 29-17] Analyzing 875 Unisim elements for replacement
INFO: [Netlist 29-28] Unisim Transformation completed in 0 CPU seconds
INFO: [Project 1-479] Netlist was created with Vivado 2018.3
INFO: [Project 1-570] Preparing netlist for logic optimization
Parsing XDC File [e:/FPGA/project/smart_car_pld2026/my_car/prj/prj.srcs/sources_1/ip/rd_fifo/rd_fifo.xdc] for cell 'u_ddr3_top/u_ddr3_fifo_ctrl_top/u_ddr3_fifo_ctrl_1/u_rd_fifo/U0'
Finished Parsing XDC File [e:/FPGA/project/smart_car_pld2026/my_car/prj/prj.srcs/sources_1/ip/rd_fifo/rd_fifo.xdc] for cell 'u_ddr3_top/u_ddr3_fifo_ctrl_top/u_ddr3_fifo_ctrl_1/u_rd_fifo/U0'
Parsing XDC File [e:/FPGA/project/smart_car_pld2026/my_car/prj/prj.srcs/sources_1/ip/rd_fifo/rd_fifo.xdc] for cell 'u_ddr3_top/u_ddr3_fifo_ctrl_top/u_ddr3_fifo_ctrl_2/u_rd_fifo/U0'
Finished Parsing XDC File [e:/FPGA/project/smart_car_pld2026/my_car/prj/prj.srcs/sources_1/ip/rd_fifo/rd_fifo.xdc] for cell 'u_ddr3_top/u_ddr3_fifo_ctrl_top/u_ddr3_fifo_ctrl_2/u_rd_fifo/U0'
Parsing XDC File [e:/FPGA/project/smart_car_pld2026/my_car/prj/prj.srcs/sources_1/ip/clk_wiz_0/clk_wiz_0_board.xdc] for cell 'u_clk_wiz_0/inst'
Finished Parsing XDC File [e:/FPGA/project/smart_car_pld2026/my_car/prj/prj.srcs/sources_1/ip/clk_wiz_0/clk_wiz_0_board.xdc] for cell 'u_clk_wiz_0/inst'
Parsing XDC File [e:/FPGA/project/smart_car_pld2026/my_car/prj/prj.srcs/sources_1/ip/clk_wiz_0/clk_wiz_0.xdc] for cell 'u_clk_wiz_0/inst'
INFO: [Timing 38-35] Done setting XDC timing constraints. [e:/FPGA/project/smart_car_pld2026/my_car/prj/prj.srcs/sources_1/ip/clk_wiz_0/clk_wiz_0.xdc:57]
INFO: [Timing 38-2] Deriving generated clocks [e:/FPGA/project/smart_car_pld2026/my_car/prj/prj.srcs/sources_1/ip/clk_wiz_0/clk_wiz_0.xdc:57]
Finished Parsing XDC File [e:/FPGA/project/smart_car_pld2026/my_car/prj/prj.srcs/sources_1/ip/clk_wiz_0/clk_wiz_0.xdc] for cell 'u_clk_wiz_0/inst'
Parsing XDC File [e:/FPGA/project/smart_car_pld2026/my_car/prj/prj.srcs/sources_1/ip/mig_7series_0/mig_7series_0/user_design/constraints/mig_7series_0.xdc] for cell 'u_ddr3_top/u_mig_7series_0'
Finished Parsing XDC File [e:/FPGA/project/smart_car_pld2026/my_car/prj/prj.srcs/sources_1/ip/mig_7series_0/mig_7series_0/user_design/constraints/mig_7series_0.xdc] for cell 'u_ddr3_top/u_mig_7series_0'
Parsing XDC File [e:/FPGA/project/smart_car_pld2026/my_car/prj/prj.srcs/sources_1/ip/wr_fifo/wr_fifo.xdc] for cell 'u_ddr3_top/u_ddr3_fifo_ctrl_top/u_ddr3_fifo_ctrl_1/u_wr_fifo/U0'
Finished Parsing XDC File [e:/FPGA/project/smart_car_pld2026/my_car/prj/prj.srcs/sources_1/ip/wr_fifo/wr_fifo.xdc] for cell 'u_ddr3_top/u_ddr3_fifo_ctrl_top/u_ddr3_fifo_ctrl_1/u_wr_fifo/U0'
Parsing XDC File [e:/FPGA/project/smart_car_pld2026/my_car/prj/prj.srcs/sources_1/ip/wr_fifo/wr_fifo.xdc] for cell 'u_ddr3_top/u_ddr3_fifo_ctrl_top/u_ddr3_fifo_ctrl_2/u_wr_fifo/U0'
Finished Parsing XDC File [e:/FPGA/project/smart_car_pld2026/my_car/prj/prj.srcs/sources_1/ip/wr_fifo/wr_fifo.xdc] for cell 'u_ddr3_top/u_ddr3_fifo_ctrl_top/u_ddr3_fifo_ctrl_2/u_wr_fifo/U0'
Parsing XDC File [E:/FPGA/project/smart_car_pld2026/my_car/prj/constrs_1/new/pin.xdc]
WARNING: [Constraints 18-619] A clock with name 'sys_clk' already exists, overwriting the previous clock with the same name. [E:/FPGA/project/smart_car_pld2026/my_car/prj/constrs_1/new/pin.xdc:2]
WARNING: [Constraints 18-619] A clock with name 'cmos_pclk' already exists, overwriting the previous clock with the same name. [E:/FPGA/project/smart_car_pld2026/my_car/prj/constrs_1/new/pin.xdc:73]
Finished Parsing XDC File [E:/FPGA/project/smart_car_pld2026/my_car/prj/constrs_1/new/pin.xdc]
Parsing XDC File [e:/FPGA/project/smart_car_pld2026/my_car/prj/prj.srcs/sources_1/ip/rd_fifo/rd_fifo_clocks.xdc] for cell 'u_ddr3_top/u_ddr3_fifo_ctrl_top/u_ddr3_fifo_ctrl_1/u_rd_fifo/U0'
Finished Parsing XDC File [e:/FPGA/project/smart_car_pld2026/my_car/prj/prj.srcs/sources_1/ip/rd_fifo/rd_fifo_clocks.xdc] for cell 'u_ddr3_top/u_ddr3_fifo_ctrl_top/u_ddr3_fifo_ctrl_1/u_rd_fifo/U0'
Parsing XDC File [e:/FPGA/project/smart_car_pld2026/my_car/prj/prj.srcs/sources_1/ip/rd_fifo/rd_fifo_clocks.xdc] for cell 'u_ddr3_top/u_ddr3_fifo_ctrl_top/u_ddr3_fifo_ctrl_2/u_rd_fifo/U0'
Finished Parsing XDC File [e:/FPGA/project/smart_car_pld2026/my_car/prj/prj.srcs/sources_1/ip/rd_fifo/rd_fifo_clocks.xdc] for cell 'u_ddr3_top/u_ddr3_fifo_ctrl_top/u_ddr3_fifo_ctrl_2/u_rd_fifo/U0'
Parsing XDC File [e:/FPGA/project/smart_car_pld2026/my_car/prj/prj.srcs/sources_1/ip/wr_fifo/wr_fifo_clocks.xdc] for cell 'u_ddr3_top/u_ddr3_fifo_ctrl_top/u_ddr3_fifo_ctrl_1/u_wr_fifo/U0'
Finished Parsing XDC File [e:/FPGA/project/smart_car_pld2026/my_car/prj/prj.srcs/sources_1/ip/wr_fifo/wr_fifo_clocks.xdc] for cell 'u_ddr3_top/u_ddr3_fifo_ctrl_top/u_ddr3_fifo_ctrl_1/u_wr_fifo/U0'
Parsing XDC File [e:/FPGA/project/smart_car_pld2026/my_car/prj/prj.srcs/sources_1/ip/wr_fifo/wr_fifo_clocks.xdc] for cell 'u_ddr3_top/u_ddr3_fifo_ctrl_top/u_ddr3_fifo_ctrl_2/u_wr_fifo/U0'
Finished Parsing XDC File [e:/FPGA/project/smart_car_pld2026/my_car/prj/prj.srcs/sources_1/ip/wr_fifo/wr_fifo_clocks.xdc] for cell 'u_ddr3_top/u_ddr3_fifo_ctrl_top/u_ddr3_fifo_ctrl_2/u_wr_fifo/U0'
Sourcing Tcl File [D:/Xilinx/Vivado/2018.3/data/ip/xpm/xpm_cdc/tcl/xpm_cdc_gray.tcl] for cell 'u_ddr3_top/u_ddr3_fifo_ctrl_top/u_ddr3_fifo_ctrl_1/u_rd_fifo/U0/inst_fifo_gen/gconvfifo.rf/grf.rf/gntv_or_sync_fifo.gcx.clkx/rd_pntr_cdc_inst'
Finished Sourcing Tcl File [D:/Xilinx/Vivado/2018.3/data/ip/xpm/xpm_cdc/tcl/xpm_cdc_gray.tcl] for cell 'u_ddr3_top/u_ddr3_fifo_ctrl_top/u_ddr3_fifo_ctrl_1/u_rd_fifo/U0/inst_fifo_gen/gconvfifo.rf/grf.rf/gntv_or_sync_fifo.gcx.clkx/rd_pntr_cdc_inst'
Sourcing Tcl File [D:/Xilinx/Vivado/2018.3/data/ip/xpm/xpm_cdc/tcl/xpm_cdc_gray.tcl] for cell 'u_ddr3_top/u_ddr3_fifo_ctrl_top/u_ddr3_fifo_ctrl_2/u_rd_fifo/U0/inst_fifo_gen/gconvfifo.rf/grf.rf/gntv_or_sync_fifo.gcx.clkx/rd_pntr_cdc_inst'
Finished Sourcing Tcl File [D:/Xilinx/Vivado/2018.3/data/ip/xpm/xpm_cdc/tcl/xpm_cdc_gray.tcl] for cell 'u_ddr3_top/u_ddr3_fifo_ctrl_top/u_ddr3_fifo_ctrl_2/u_rd_fifo/U0/inst_fifo_gen/gconvfifo.rf/grf.rf/gntv_or_sync_fifo.gcx.clkx/rd_pntr_cdc_inst'
Sourcing Tcl File [D:/Xilinx/Vivado/2018.3/data/ip/xpm/xpm_cdc/tcl/xpm_cdc_gray.tcl] for cell 'u_ddr3_top/u_ddr3_fifo_ctrl_top/u_ddr3_fifo_ctrl_1/u_rd_fifo/U0/inst_fifo_gen/gconvfifo.rf/grf.rf/gntv_or_sync_fifo.gcx.clkx/wr_pntr_cdc_inst'
Finished Sourcing Tcl File [D:/Xilinx/Vivado/2018.3/data/ip/xpm/xpm_cdc/tcl/xpm_cdc_gray.tcl] for cell 'u_ddr3_top/u_ddr3_fifo_ctrl_top/u_ddr3_fifo_ctrl_1/u_rd_fifo/U0/inst_fifo_gen/gconvfifo.rf/grf.rf/gntv_or_sync_fifo.gcx.clkx/wr_pntr_cdc_inst'
Sourcing Tcl File [D:/Xilinx/Vivado/2018.3/data/ip/xpm/xpm_cdc/tcl/xpm_cdc_gray.tcl] for cell 'u_ddr3_top/u_ddr3_fifo_ctrl_top/u_ddr3_fifo_ctrl_2/u_rd_fifo/U0/inst_fifo_gen/gconvfifo.rf/grf.rf/gntv_or_sync_fifo.gcx.clkx/wr_pntr_cdc_inst'
Finished Sourcing Tcl File [D:/Xilinx/Vivado/2018.3/data/ip/xpm/xpm_cdc/tcl/xpm_cdc_gray.tcl] for cell 'u_ddr3_top/u_ddr3_fifo_ctrl_top/u_ddr3_fifo_ctrl_2/u_rd_fifo/U0/inst_fifo_gen/gconvfifo.rf/grf.rf/gntv_or_sync_fifo.gcx.clkx/wr_pntr_cdc_inst'
Sourcing Tcl File [D:/Xilinx/Vivado/2018.3/data/ip/xpm/xpm_cdc/tcl/xpm_cdc_gray.tcl] for cell 'u_ddr3_top/u_ddr3_fifo_ctrl_top/u_ddr3_fifo_ctrl_1/u_wr_fifo/U0/inst_fifo_gen/gconvfifo.rf/grf.rf/gntv_or_sync_fifo.gcx.clkx/rd_pntr_cdc_inst'
Finished Sourcing Tcl File [D:/Xilinx/Vivado/2018.3/data/ip/xpm/xpm_cdc/tcl/xpm_cdc_gray.tcl] for cell 'u_ddr3_top/u_ddr3_fifo_ctrl_top/u_ddr3_fifo_ctrl_1/u_wr_fifo/U0/inst_fifo_gen/gconvfifo.rf/grf.rf/gntv_or_sync_fifo.gcx.clkx/rd_pntr_cdc_inst'
Sourcing Tcl File [D:/Xilinx/Vivado/2018.3/data/ip/xpm/xpm_cdc/tcl/xpm_cdc_gray.tcl] for cell 'u_ddr3_top/u_ddr3_fifo_ctrl_top/u_ddr3_fifo_ctrl_2/u_wr_fifo/U0/inst_fifo_gen/gconvfifo.rf/grf.rf/gntv_or_sync_fifo.gcx.clkx/rd_pntr_cdc_inst'
Finished Sourcing Tcl File [D:/Xilinx/Vivado/2018.3/data/ip/xpm/xpm_cdc/tcl/xpm_cdc_gray.tcl] for cell 'u_ddr3_top/u_ddr3_fifo_ctrl_top/u_ddr3_fifo_ctrl_2/u_wr_fifo/U0/inst_fifo_gen/gconvfifo.rf/grf.rf/gntv_or_sync_fifo.gcx.clkx/rd_pntr_cdc_inst'
Sourcing Tcl File [D:/Xilinx/Vivado/2018.3/data/ip/xpm/xpm_cdc/tcl/xpm_cdc_gray.tcl] for cell 'u_ddr3_top/u_ddr3_fifo_ctrl_top/u_ddr3_fifo_ctrl_1/u_wr_fifo/U0/inst_fifo_gen/gconvfifo.rf/grf.rf/gntv_or_sync_fifo.gcx.clkx/wr_pntr_cdc_inst'
Finished Sourcing Tcl File [D:/Xilinx/Vivado/2018.3/data/ip/xpm/xpm_cdc/tcl/xpm_cdc_gray.tcl] for cell 'u_ddr3_top/u_ddr3_fifo_ctrl_top/u_ddr3_fifo_ctrl_1/u_wr_fifo/U0/inst_fifo_gen/gconvfifo.rf/grf.rf/gntv_or_sync_fifo.gcx.clkx/wr_pntr_cdc_inst'
Sourcing Tcl File [D:/Xilinx/Vivado/2018.3/data/ip/xpm/xpm_cdc/tcl/xpm_cdc_gray.tcl] for cell 'u_ddr3_top/u_ddr3_fifo_ctrl_top/u_ddr3_fifo_ctrl_2/u_wr_fifo/U0/inst_fifo_gen/gconvfifo.rf/grf.rf/gntv_or_sync_fifo.gcx.clkx/wr_pntr_cdc_inst'
Finished Sourcing Tcl File [D:/Xilinx/Vivado/2018.3/data/ip/xpm/xpm_cdc/tcl/xpm_cdc_gray.tcl] for cell 'u_ddr3_top/u_ddr3_fifo_ctrl_top/u_ddr3_fifo_ctrl_2/u_wr_fifo/U0/inst_fifo_gen/gconvfifo.rf/grf.rf/gntv_or_sync_fifo.gcx.clkx/wr_pntr_cdc_inst'
Sourcing Tcl File [D:/Xilinx/Vivado/2018.3/data/ip/xpm/xpm_cdc/tcl/xpm_cdc_single.tcl] for cell 'u_ddr3_top/u_ddr3_fifo_ctrl_top/u_ddr3_fifo_ctrl_1/u_rd_fifo/U0/inst_fifo_gen/gconvfifo.rf/grf.rf/rstblk/ngwrdrst.grst.g7serrst.gsckt_wrst.gic_rst.xpm_cdc_single_inst_rrst_wr'
Finished Sourcing Tcl File [D:/Xilinx/Vivado/2018.3/data/ip/xpm/xpm_cdc/tcl/xpm_cdc_single.tcl] for cell 'u_ddr3_top/u_ddr3_fifo_ctrl_top/u_ddr3_fifo_ctrl_1/u_rd_fifo/U0/inst_fifo_gen/gconvfifo.rf/grf.rf/rstblk/ngwrdrst.grst.g7serrst.gsckt_wrst.gic_rst.xpm_cdc_single_inst_rrst_wr'
Sourcing Tcl File [D:/Xilinx/Vivado/2018.3/data/ip/xpm/xpm_cdc/tcl/xpm_cdc_single.tcl] for cell 'u_ddr3_top/u_ddr3_fifo_ctrl_top/u_ddr3_fifo_ctrl_2/u_rd_fifo/U0/inst_fifo_gen/gconvfifo.rf/grf.rf/rstblk/ngwrdrst.grst.g7serrst.gsckt_wrst.gic_rst.xpm_cdc_single_inst_rrst_wr'
Finished Sourcing Tcl File [D:/Xilinx/Vivado/2018.3/data/ip/xpm/xpm_cdc/tcl/xpm_cdc_single.tcl] for cell 'u_ddr3_top/u_ddr3_fifo_ctrl_top/u_ddr3_fifo_ctrl_2/u_rd_fifo/U0/inst_fifo_gen/gconvfifo.rf/grf.rf/rstblk/ngwrdrst.grst.g7serrst.gsckt_wrst.gic_rst.xpm_cdc_single_inst_rrst_wr'
Sourcing Tcl File [D:/Xilinx/Vivado/2018.3/data/ip/xpm/xpm_cdc/tcl/xpm_cdc_single.tcl] for cell 'u_ddr3_top/u_ddr3_fifo_ctrl_top/u_ddr3_fifo_ctrl_1/u_rd_fifo/U0/inst_fifo_gen/gconvfifo.rf/grf.rf/rstblk/ngwrdrst.grst.g7serrst.gsckt_wrst.gic_rst.xpm_cdc_single_inst_wrst_rd'
Finished Sourcing Tcl File [D:/Xilinx/Vivado/2018.3/data/ip/xpm/xpm_cdc/tcl/xpm_cdc_single.tcl] for cell 'u_ddr3_top/u_ddr3_fifo_ctrl_top/u_ddr3_fifo_ctrl_1/u_rd_fifo/U0/inst_fifo_gen/gconvfifo.rf/grf.rf/rstblk/ngwrdrst.grst.g7serrst.gsckt_wrst.gic_rst.xpm_cdc_single_inst_wrst_rd'
Sourcing Tcl File [D:/Xilinx/Vivado/2018.3/data/ip/xpm/xpm_cdc/tcl/xpm_cdc_single.tcl] for cell 'u_ddr3_top/u_ddr3_fifo_ctrl_top/u_ddr3_fifo_ctrl_2/u_rd_fifo/U0/inst_fifo_gen/gconvfifo.rf/grf.rf/rstblk/ngwrdrst.grst.g7serrst.gsckt_wrst.gic_rst.xpm_cdc_single_inst_wrst_rd'
Finished Sourcing Tcl File [D:/Xilinx/Vivado/2018.3/data/ip/xpm/xpm_cdc/tcl/xpm_cdc_single.tcl] for cell 'u_ddr3_top/u_ddr3_fifo_ctrl_top/u_ddr3_fifo_ctrl_2/u_rd_fifo/U0/inst_fifo_gen/gconvfifo.rf/grf.rf/rstblk/ngwrdrst.grst.g7serrst.gsckt_wrst.gic_rst.xpm_cdc_single_inst_wrst_rd'
Sourcing Tcl File [D:/Xilinx/Vivado/2018.3/data/ip/xpm/xpm_cdc/tcl/xpm_cdc_single.tcl] for cell 'u_ddr3_top/u_ddr3_fifo_ctrl_top/u_ddr3_fifo_ctrl_1/u_wr_fifo/U0/inst_fifo_gen/gconvfifo.rf/grf.rf/rstblk/ngwrdrst.grst.g7serrst.gsckt_wrst.gic_rst.xpm_cdc_single_inst_rrst_wr'
Finished Sourcing Tcl File [D:/Xilinx/Vivado/2018.3/data/ip/xpm/xpm_cdc/tcl/xpm_cdc_single.tcl] for cell 'u_ddr3_top/u_ddr3_fifo_ctrl_top/u_ddr3_fifo_ctrl_1/u_wr_fifo/U0/inst_fifo_gen/gconvfifo.rf/grf.rf/rstblk/ngwrdrst.grst.g7serrst.gsckt_wrst.gic_rst.xpm_cdc_single_inst_rrst_wr'
Sourcing Tcl File [D:/Xilinx/Vivado/2018.3/data/ip/xpm/xpm_cdc/tcl/xpm_cdc_single.tcl] for cell 'u_ddr3_top/u_ddr3_fifo_ctrl_top/u_ddr3_fifo_ctrl_2/u_wr_fifo/U0/inst_fifo_gen/gconvfifo.rf/grf.rf/rstblk/ngwrdrst.grst.g7serrst.gsckt_wrst.gic_rst.xpm_cdc_single_inst_rrst_wr'
Finished Sourcing Tcl File [D:/Xilinx/Vivado/2018.3/data/ip/xpm/xpm_cdc/tcl/xpm_cdc_single.tcl] for cell 'u_ddr3_top/u_ddr3_fifo_ctrl_top/u_ddr3_fifo_ctrl_2/u_wr_fifo/U0/inst_fifo_gen/gconvfifo.rf/grf.rf/rstblk/ngwrdrst.grst.g7serrst.gsckt_wrst.gic_rst.xpm_cdc_single_inst_rrst_wr'
Sourcing Tcl File [D:/Xilinx/Vivado/2018.3/data/ip/xpm/xpm_cdc/tcl/xpm_cdc_single.tcl] for cell 'u_ddr3_top/u_ddr3_fifo_ctrl_top/u_ddr3_fifo_ctrl_1/u_wr_fifo/U0/inst_fifo_gen/gconvfifo.rf/grf.rf/rstblk/ngwrdrst.grst.g7serrst.gsckt_wrst.gic_rst.xpm_cdc_single_inst_wrst_rd'
Finished Sourcing Tcl File [D:/Xilinx/Vivado/2018.3/data/ip/xpm/xpm_cdc/tcl/xpm_cdc_single.tcl] for cell 'u_ddr3_top/u_ddr3_fifo_ctrl_top/u_ddr3_fifo_ctrl_1/u_wr_fifo/U0/inst_fifo_gen/gconvfifo.rf/grf.rf/rstblk/ngwrdrst.grst.g7serrst.gsckt_wrst.gic_rst.xpm_cdc_single_inst_wrst_rd'
Sourcing Tcl File [D:/Xilinx/Vivado/2018.3/data/ip/xpm/xpm_cdc/tcl/xpm_cdc_single.tcl] for cell 'u_ddr3_top/u_ddr3_fifo_ctrl_top/u_ddr3_fifo_ctrl_2/u_wr_fifo/U0/inst_fifo_gen/gconvfifo.rf/grf.rf/rstblk/ngwrdrst.grst.g7serrst.gsckt_wrst.gic_rst.xpm_cdc_single_inst_wrst_rd'
Finished Sourcing Tcl File [D:/Xilinx/Vivado/2018.3/data/ip/xpm/xpm_cdc/tcl/xpm_cdc_single.tcl] for cell 'u_ddr3_top/u_ddr3_fifo_ctrl_top/u_ddr3_fifo_ctrl_2/u_wr_fifo/U0/inst_fifo_gen/gconvfifo.rf/grf.rf/rstblk/ngwrdrst.grst.g7serrst.gsckt_wrst.gic_rst.xpm_cdc_single_inst_wrst_rd'
Sourcing Tcl File [D:/Xilinx/Vivado/2018.3/data/ip/xpm/xpm_cdc/tcl/xpm_cdc_sync_rst.tcl] for cell 'u_ddr3_top/u_ddr3_fifo_ctrl_top/u_ddr3_fifo_ctrl_1/u_rd_fifo/U0/inst_fifo_gen/gconvfifo.rf/grf.rf/rstblk/ngwrdrst.grst.g7serrst.gsckt_wrst.gic_rst.xpm_cdc_sync_rst_inst_wrst'
Finished Sourcing Tcl File [D:/Xilinx/Vivado/2018.3/data/ip/xpm/xpm_cdc/tcl/xpm_cdc_sync_rst.tcl] for cell 'u_ddr3_top/u_ddr3_fifo_ctrl_top/u_ddr3_fifo_ctrl_1/u_rd_fifo/U0/inst_fifo_gen/gconvfifo.rf/grf.rf/rstblk/ngwrdrst.grst.g7serrst.gsckt_wrst.gic_rst.xpm_cdc_sync_rst_inst_wrst'
Sourcing Tcl File [D:/Xilinx/Vivado/2018.3/data/ip/xpm/xpm_cdc/tcl/xpm_cdc_sync_rst.tcl] for cell 'u_ddr3_top/u_ddr3_fifo_ctrl_top/u_ddr3_fifo_ctrl_2/u_rd_fifo/U0/inst_fifo_gen/gconvfifo.rf/grf.rf/rstblk/ngwrdrst.grst.g7serrst.gsckt_wrst.gic_rst.xpm_cdc_sync_rst_inst_wrst'
Finished Sourcing Tcl File [D:/Xilinx/Vivado/2018.3/data/ip/xpm/xpm_cdc/tcl/xpm_cdc_sync_rst.tcl] for cell 'u_ddr3_top/u_ddr3_fifo_ctrl_top/u_ddr3_fifo_ctrl_2/u_rd_fifo/U0/inst_fifo_gen/gconvfifo.rf/grf.rf/rstblk/ngwrdrst.grst.g7serrst.gsckt_wrst.gic_rst.xpm_cdc_sync_rst_inst_wrst'
Sourcing Tcl File [D:/Xilinx/Vivado/2018.3/data/ip/xpm/xpm_cdc/tcl/xpm_cdc_sync_rst.tcl] for cell 'u_ddr3_top/u_ddr3_fifo_ctrl_top/u_ddr3_fifo_ctrl_1/u_rd_fifo/U0/inst_fifo_gen/gconvfifo.rf/grf.rf/rstblk/ngwrdrst.grst.g7serrst.gsckt_wrst.xpm_cdc_sync_rst_inst_wrst'
Finished Sourcing Tcl File [D:/Xilinx/Vivado/2018.3/data/ip/xpm/xpm_cdc/tcl/xpm_cdc_sync_rst.tcl] for cell 'u_ddr3_top/u_ddr3_fifo_ctrl_top/u_ddr3_fifo_ctrl_1/u_rd_fifo/U0/inst_fifo_gen/gconvfifo.rf/grf.rf/rstblk/ngwrdrst.grst.g7serrst.gsckt_wrst.xpm_cdc_sync_rst_inst_wrst'
Sourcing Tcl File [D:/Xilinx/Vivado/2018.3/data/ip/xpm/xpm_cdc/tcl/xpm_cdc_sync_rst.tcl] for cell 'u_ddr3_top/u_ddr3_fifo_ctrl_top/u_ddr3_fifo_ctrl_2/u_rd_fifo/U0/inst_fifo_gen/gconvfifo.rf/grf.rf/rstblk/ngwrdrst.grst.g7serrst.gsckt_wrst.xpm_cdc_sync_rst_inst_wrst'
Finished Sourcing Tcl File [D:/Xilinx/Vivado/2018.3/data/ip/xpm/xpm_cdc/tcl/xpm_cdc_sync_rst.tcl] for cell 'u_ddr3_top/u_ddr3_fifo_ctrl_top/u_ddr3_fifo_ctrl_2/u_rd_fifo/U0/inst_fifo_gen/gconvfifo.rf/grf.rf/rstblk/ngwrdrst.grst.g7serrst.gsckt_wrst.xpm_cdc_sync_rst_inst_wrst'
Sourcing Tcl File [D:/Xilinx/Vivado/2018.3/data/ip/xpm/xpm_cdc/tcl/xpm_cdc_sync_rst.tcl] for cell 'u_ddr3_top/u_ddr3_fifo_ctrl_top/u_ddr3_fifo_ctrl_1/u_wr_fifo/U0/inst_fifo_gen/gconvfifo.rf/grf.rf/rstblk/ngwrdrst.grst.g7serrst.gsckt_wrst.gic_rst.xpm_cdc_sync_rst_inst_wrst'
Finished Sourcing Tcl File [D:/Xilinx/Vivado/2018.3/data/ip/xpm/xpm_cdc/tcl/xpm_cdc_sync_rst.tcl] for cell 'u_ddr3_top/u_ddr3_fifo_ctrl_top/u_ddr3_fifo_ctrl_1/u_wr_fifo/U0/inst_fifo_gen/gconvfifo.rf/grf.rf/rstblk/ngwrdrst.grst.g7serrst.gsckt_wrst.gic_rst.xpm_cdc_sync_rst_inst_wrst'
Sourcing Tcl File [D:/Xilinx/Vivado/2018.3/data/ip/xpm/xpm_cdc/tcl/xpm_cdc_sync_rst.tcl] for cell 'u_ddr3_top/u_ddr3_fifo_ctrl_top/u_ddr3_fifo_ctrl_2/u_wr_fifo/U0/inst_fifo_gen/gconvfifo.rf/grf.rf/rstblk/ngwrdrst.grst.g7serrst.gsckt_wrst.gic_rst.xpm_cdc_sync_rst_inst_wrst'
Finished Sourcing Tcl File [D:/Xilinx/Vivado/2018.3/data/ip/xpm/xpm_cdc/tcl/xpm_cdc_sync_rst.tcl] for cell 'u_ddr3_top/u_ddr3_fifo_ctrl_top/u_ddr3_fifo_ctrl_2/u_wr_fifo/U0/inst_fifo_gen/gconvfifo.rf/grf.rf/rstblk/ngwrdrst.grst.g7serrst.gsckt_wrst.gic_rst.xpm_cdc_sync_rst_inst_wrst'
Sourcing Tcl File [D:/Xilinx/Vivado/2018.3/data/ip/xpm/xpm_cdc/tcl/xpm_cdc_sync_rst.tcl] for cell 'u_ddr3_top/u_ddr3_fifo_ctrl_top/u_ddr3_fifo_ctrl_1/u_wr_fifo/U0/inst_fifo_gen/gconvfifo.rf/grf.rf/rstblk/ngwrdrst.grst.g7serrst.gsckt_wrst.xpm_cdc_sync_rst_inst_wrst'
Finished Sourcing Tcl File [D:/Xilinx/Vivado/2018.3/data/ip/xpm/xpm_cdc/tcl/xpm_cdc_sync_rst.tcl] for cell 'u_ddr3_top/u_ddr3_fifo_ctrl_top/u_ddr3_fifo_ctrl_1/u_wr_fifo/U0/inst_fifo_gen/gconvfifo.rf/grf.rf/rstblk/ngwrdrst.grst.g7serrst.gsckt_wrst.xpm_cdc_sync_rst_inst_wrst'
Sourcing Tcl File [D:/Xilinx/Vivado/2018.3/data/ip/xpm/xpm_cdc/tcl/xpm_cdc_sync_rst.tcl] for cell 'u_ddr3_top/u_ddr3_fifo_ctrl_top/u_ddr3_fifo_ctrl_2/u_wr_fifo/U0/inst_fifo_gen/gconvfifo.rf/grf.rf/rstblk/ngwrdrst.grst.g7serrst.gsckt_wrst.xpm_cdc_sync_rst_inst_wrst'
Finished Sourcing Tcl File [D:/Xilinx/Vivado/2018.3/data/ip/xpm/xpm_cdc/tcl/xpm_cdc_sync_rst.tcl] for cell 'u_ddr3_top/u_ddr3_fifo_ctrl_top/u_ddr3_fifo_ctrl_2/u_wr_fifo/U0/inst_fifo_gen/gconvfifo.rf/grf.rf/rstblk/ngwrdrst.grst.g7serrst.gsckt_wrst.xpm_cdc_sync_rst_inst_wrst'
INFO: [Opt 31-138] Pushed 0 inverter(s) to 0 load pin(s).
Netlist sorting complete. Time (s): cpu = 00:00:00 ; elapsed = 00:00:00.003 . Memory (MB): peak = 5319.879 ; gain = 0.000
INFO: [Project 1-111] Unisim Transformation Summary:
  A total of 225 instances were transformed.
  IOBUF => IOBUF (IBUF, OBUFT): 3 instances
  IOBUFDS_DIFF_OUT_INTERMDISABLE => IOBUFDS_DIFF_OUT_INTERMDISABLE (IBUFDS_INTERMDISABLE_INT, IBUFDS_INTERMDISABLE_INT, INV, OBUFTDS, OBUFTDS): 4 instances
  IOBUF_INTERMDISABLE => IOBUF_INTERMDISABLE (IBUF_INTERMDISABLE, OBUFT): 32 instances
  OBUFDS => OBUFDS_DUAL_BUF (INV, OBUFDS, OBUFDS): 1 instances
  RAM32M => RAM32M (RAMD32, RAMD32, RAMD32, RAMD32, RAMD32, RAMD32, RAMS32, RAMS32): 185 instances

open_run: Time (s): cpu = 00:00:07 ; elapsed = 00:00:06 . Memory (MB): peak = 5319.879 ; gain = 114.086
launch_runs impl_1 -to_step write_bitstream -jobs 12
INFO: [Vivado 12-4149] The synthesis checkpoint for IP 'E:/FPGA/project/smart_car_pld2026/my_car/prj/prj.srcs/sources_1/ip/rd_fifo/rd_fifo.xci' is already up-to-date
Netlist sorting complete. Time (s): cpu = 00:00:00 ; elapsed = 00:00:00.004 . Memory (MB): peak = 5319.879 ; gain = 0.000
INFO: [Timing 38-480] Writing timing data to binary archive.
Writing placer database...
Writing XDEF routing.
Writing XDEF routing logical nets.
Writing XDEF routing special nets.
Write XDEF Complete: Time (s): cpu = 00:00:00 ; elapsed = 00:00:00.065 . Memory (MB): peak = 5319.879 ; gain = 0.000
Netlist sorting complete. Time (s): cpu = 00:00:00 ; elapsed = 00:00:00.004 . Memory (MB): peak = 5319.879 ; gain = 0.000
[Sun Jul 26 18:28:54 2026] Launched impl_1...
Run output will be captured here: E:/FPGA/project/smart_car_pld2026/my_car/prj/prj.runs/impl_1/runme.log
INFO: [Labtoolstcl 44-466] Opening hw_target localhost:3121/xilinx_tcf/Digilent/210512180081
INFO: [Labtools 27-1435] Device xc7a100t (JTAG device index = 0) is not programmed (DONE status = 0).
WARNING: [Labtoolstcl 44-129] No matching hw_ila_data was found.
set_property PROBES.FILE {} [get_hw_devices xc7a100t_0]
set_property FULL_PROBES.FILE {} [get_hw_devices xc7a100t_0]
set_property PROGRAM.FILE {E:/FPGA/project/smart_car_pld2026/my_car/prj/prj.runs/impl_1/top_dual_ov5640_lcd.bit} [get_hw_devices xc7a100t_0]
program_hw_devices [get_hw_devices xc7a100t_0]
INFO: [Labtools 27-3164] End of startup status: HIGH
refresh_hw_device [lindex [get_hw_devices xc7a100t_0] 0]
INFO: [Labtools 27-1434] Device xc7a100t (JTAG device index = 0) is programmed with a design that has no supported debug core(s) in it.
ERROR: [Labtoolstcl 44-513] HW Target shutdown. Closing target: localhost:3121/xilinx_tcf/Digilent/210512180081
INFO: [Labtoolstcl 44-466] Opening hw_target localhost:3121/xilinx_tcf/Digilent/210512180081
INFO: [Labtools 27-1435] Device xc7a100t (JTAG device index = 0) is not programmed (DONE status = 0).
WARNING: [Labtoolstcl 44-129] No matching hw_ila_data was found.
set_property PROBES.FILE {} [get_hw_devices xc7a100t_0]
set_property FULL_PROBES.FILE {} [get_hw_devices xc7a100t_0]
set_property PROGRAM.FILE {E:/FPGA/project/smart_car_pld2026/my_car/prj/prj.runs/impl_1/top_dual_ov5640_lcd.bit} [get_hw_devices xc7a100t_0]
program_hw_devices [get_hw_devices xc7a100t_0]
INFO: [Labtools 27-3164] End of startup status: HIGH
refresh_hw_device [lindex [get_hw_devices xc7a100t_0] 0]
INFO: [Labtools 27-1434] Device xc7a100t (JTAG device index = 0) is programmed with a design that has no supported debug core(s) in it.
ERROR: [Labtoolstcl 44-513] HW Target shutdown. Closing target: localhost:3121/xilinx_tcf/Digilent/210512180081
