
*** Running vivado
    with args -log top_dual_ov5640_lcd.vds -m64 -product Vivado -mode batch -messageDb vivado.pb -notrace -source top_dual_ov5640_lcd.tcl


****** Vivado v2018.3 (64-bit)
  **** SW Build 2405991 on Thu Dec  6 23:38:27 MST 2018
  **** IP Build 2404404 on Fri Dec  7 01:43:56 MST 2018
    ** Copyright 1986-2018 Xilinx, Inc. All Rights Reserved.

source top_dual_ov5640_lcd.tcl -notrace
Command: synth_design -top top_dual_ov5640_lcd -part xc7a100tfgg484-2
Starting synth_design
Attempting to get a license for feature 'Synthesis' and/or device 'xc7a100t'
INFO: [Common 17-349] Got license for feature 'Synthesis' and/or device 'xc7a100t'
INFO: Launching helper process for spawning children vivado processes
INFO: Helper process launched with PID 56568 
WARNING: [Synth 8-2611] redeclaration of ansi port wfifo_dout is not allowed [E:/FPGA/project/smart_car_pld2026/my_car/rtl/ddr3_top/ddr3_fifo_ctrl_top.v:60]
WARNING: [Synth 8-2611] redeclaration of ansi port wfifo_rcount_1 is not allowed [E:/FPGA/project/smart_car_pld2026/my_car/rtl/ddr3_top/ddr3_fifo_ctrl_top.v:63]
WARNING: [Synth 8-2611] redeclaration of ansi port wfifo_rcount_2 is not allowed [E:/FPGA/project/smart_car_pld2026/my_car/rtl/ddr3_top/ddr3_fifo_ctrl_top.v:64]
WARNING: [Synth 8-2611] redeclaration of ansi port rfifo_wcount_1 is not allowed [E:/FPGA/project/smart_car_pld2026/my_car/rtl/ddr3_top/ddr3_fifo_ctrl_top.v:65]
WARNING: [Synth 8-2611] redeclaration of ansi port rfifo_wcount_2 is not allowed [E:/FPGA/project/smart_car_pld2026/my_car/rtl/ddr3_top/ddr3_fifo_ctrl_top.v:66]
WARNING: [Synth 8-2611] redeclaration of ansi port app_addr is not allowed [E:/FPGA/project/smart_car_pld2026/my_car/rtl/ddr3_top/ddr3_rw.v:70]
WARNING: [Synth 8-2611] redeclaration of ansi port rfifo_wdata_1 is not allowed [E:/FPGA/project/smart_car_pld2026/my_car/rtl/ddr3_top/ddr3_rw.v:81]
WARNING: [Synth 8-2611] redeclaration of ansi port rfifo_wdata_2 is not allowed [E:/FPGA/project/smart_car_pld2026/my_car/rtl/ddr3_top/ddr3_rw.v:82]
WARNING: [Synth 8-2611] redeclaration of ansi port rfifo_wren_1 is not allowed [E:/FPGA/project/smart_car_pld2026/my_car/rtl/ddr3_top/ddr3_rw.v:98]
WARNING: [Synth 8-2611] redeclaration of ansi port rfifo_wren_2 is not allowed [E:/FPGA/project/smart_car_pld2026/my_car/rtl/ddr3_top/ddr3_rw.v:99]
WARNING: [Synth 8-2611] redeclaration of ansi port lcd_de is not allowed [E:/FPGA/project/smart_car_pld2026/my_car/rtl/top_dual_ov5640_lcd.v:92]
---------------------------------------------------------------------------------
Starting RTL Elaboration : Time (s): cpu = 00:00:01 ; elapsed = 00:00:01 . Memory (MB): peak = 508.172 ; gain = 105.203
---------------------------------------------------------------------------------
INFO: [Synth 8-6157] synthesizing module 'top_dual_ov5640_lcd' [E:/FPGA/project/smart_car_pld2026/my_car/rtl/top_dual_ov5640_lcd.v:18]
INFO: [Synth 8-6157] synthesizing module 'picture_size' [E:/FPGA/project/smart_car_pld2026/my_car/rtl/picture_size.v:19]
INFO: [Synth 8-6155] done synthesizing module 'picture_size' (1#1) [E:/FPGA/project/smart_car_pld2026/my_car/rtl/picture_size.v:19]
INFO: [Synth 8-6157] synthesizing module 'ov5640_dri' [E:/FPGA/project/smart_car_pld2026/my_car/rtl/ov5640_dri/ov5640_dri.v:19]
	Parameter SLAVE_ADDR bound to: 7'b0111100 
	Parameter BIT_CTRL bound to: 1'b1 
	Parameter CLK_FREQ bound to: 27'b010111110101111000010000000 
	Parameter I2C_FREQ bound to: 18'b111101000010010000 
INFO: [Synth 8-6157] synthesizing module 'i2c_ov5640_rgb565_cfg' [E:/FPGA/project/smart_car_pld2026/my_car/rtl/ov5640_dri/i2c_ov5640_rgb565_cfg.v:19]
	Parameter REG_NUM bound to: 8'b11111010 
INFO: [Synth 8-6155] done synthesizing module 'i2c_ov5640_rgb565_cfg' (2#1) [E:/FPGA/project/smart_car_pld2026/my_car/rtl/ov5640_dri/i2c_ov5640_rgb565_cfg.v:19]
INFO: [Synth 8-6157] synthesizing module 'i2c_dri' [E:/FPGA/project/smart_car_pld2026/my_car/rtl/ov5640_dri/i2c_dri.v:19]
	Parameter SLAVE_ADDR bound to: 7'b0111100 
	Parameter CLK_FREQ bound to: 27'b010111110101111000010000000 
	Parameter I2C_FREQ bound to: 18'b111101000010010000 
	Parameter st_idle bound to: 8'b00000001 
	Parameter st_sladdr bound to: 8'b00000010 
	Parameter st_addr16 bound to: 8'b00000100 
	Parameter st_addr8 bound to: 8'b00001000 
	Parameter st_data_wr bound to: 8'b00010000 
	Parameter st_addr_rd bound to: 8'b00100000 
	Parameter st_data_rd bound to: 8'b01000000 
	Parameter st_stop bound to: 8'b10000000 
INFO: [Synth 8-155] case statement is not full and has no default [E:/FPGA/project/smart_car_pld2026/my_car/rtl/ov5640_dri/i2c_dri.v:193]
INFO: [Synth 8-6155] done synthesizing module 'i2c_dri' (3#1) [E:/FPGA/project/smart_car_pld2026/my_car/rtl/ov5640_dri/i2c_dri.v:19]
WARNING: [Synth 8-350] instance 'u_i2c_dr' of module 'i2c_dri' requires 13 connections, but only 12 given [E:/FPGA/project/smart_car_pld2026/my_car/rtl/ov5640_dri/ov5640_dri.v:98]
INFO: [Synth 8-6157] synthesizing module 'cmos_capture_data' [E:/FPGA/project/smart_car_pld2026/my_car/rtl/ov5640_dri/cmos_capture_data.v:18]
	Parameter WAIT_FRAME bound to: 4'b1010 
INFO: [Synth 8-6155] done synthesizing module 'cmos_capture_data' (4#1) [E:/FPGA/project/smart_car_pld2026/my_car/rtl/ov5640_dri/cmos_capture_data.v:18]
INFO: [Synth 8-6155] done synthesizing module 'ov5640_dri' (5#1) [E:/FPGA/project/smart_car_pld2026/my_car/rtl/ov5640_dri/ov5640_dri.v:19]
WARNING: [Synth 8-350] instance 'u_ov5640_dri_1' of module 'ov5640_dri' requires 22 connections, but only 21 given [E:/FPGA/project/smart_car_pld2026/my_car/rtl/top_dual_ov5640_lcd.v:142]
WARNING: [Synth 8-350] instance 'u_ov5640_dri_2' of module 'ov5640_dri' requires 22 connections, but only 21 given [E:/FPGA/project/smart_car_pld2026/my_car/rtl/top_dual_ov5640_lcd.v:169]
INFO: [Synth 8-6157] synthesizing module 'ddr3_top' [E:/FPGA/project/smart_car_pld2026/my_car/rtl/ddr3_top/ddr3_top.v:19]
INFO: [Synth 8-6157] synthesizing module 'ddr3_rw' [E:/FPGA/project/smart_car_pld2026/my_car/rtl/ddr3_top/ddr3_rw.v:19]
	Parameter IDLE bound to: 7'b0000001 
	Parameter DDR3_DONE bound to: 7'b0000010 
	Parameter WRITE_1 bound to: 7'b0000100 
	Parameter READ_1 bound to: 7'b0001000 
	Parameter WRITE_2 bound to: 7'b0010000 
	Parameter READ_2 bound to: 7'b0100000 
	Parameter READ_WAIT bound to: 7'b1000000 
INFO: [Synth 8-6155] done synthesizing module 'ddr3_rw' (6#1) [E:/FPGA/project/smart_car_pld2026/my_car/rtl/ddr3_top/ddr3_rw.v:19]
INFO: [Synth 8-6157] synthesizing module 'mig_7series_0' [E:/FPGA/project/smart_car_pld2026/my_car/prj/prj.runs/synth_1/.Xil/Vivado-59200-LAPTOP-2K88VM5F/realtime/mig_7series_0_stub.v:5]
INFO: [Synth 8-6155] done synthesizing module 'mig_7series_0' (7#1) [E:/FPGA/project/smart_car_pld2026/my_car/prj/prj.runs/synth_1/.Xil/Vivado-59200-LAPTOP-2K88VM5F/realtime/mig_7series_0_stub.v:5]
WARNING: [Synth 8-350] instance 'u_mig_7series_0' of module 'mig_7series_0' requires 40 connections, but only 39 given [E:/FPGA/project/smart_car_pld2026/my_car/rtl/ddr3_top/ddr3_top.v:143]
INFO: [Synth 8-6157] synthesizing module 'ddr3_fifo_ctrl_top' [E:/FPGA/project/smart_car_pld2026/my_car/rtl/ddr3_top/ddr3_fifo_ctrl_top.v:19]
INFO: [Synth 8-6157] synthesizing module 'ddr3_fifo_ctrl' [E:/FPGA/project/smart_car_pld2026/my_car/rtl/ddr3_top/ddr3_fifo_ctrl.v:20]
INFO: [Synth 8-6157] synthesizing module 'rd_fifo' [E:/FPGA/project/smart_car_pld2026/my_car/prj/prj.runs/synth_1/.Xil/Vivado-59200-LAPTOP-2K88VM5F/realtime/rd_fifo_stub.v:6]
INFO: [Synth 8-6155] done synthesizing module 'rd_fifo' (8#1) [E:/FPGA/project/smart_car_pld2026/my_car/prj/prj.runs/synth_1/.Xil/Vivado-59200-LAPTOP-2K88VM5F/realtime/rd_fifo_stub.v:6]
WARNING: [Synth 8-689] width (10) of port connection 'wr_data_count' does not match port width (9) of module 'rd_fifo' [E:/FPGA/project/smart_car_pld2026/my_car/rtl/ddr3_top/ddr3_fifo_ctrl.v:200]
INFO: [Synth 8-6157] synthesizing module 'wr_fifo' [E:/FPGA/project/smart_car_pld2026/my_car/prj/prj.runs/synth_1/.Xil/Vivado-59200-LAPTOP-2K88VM5F/realtime/wr_fifo_stub.v:6]
INFO: [Synth 8-6155] done synthesizing module 'wr_fifo' (9#1) [E:/FPGA/project/smart_car_pld2026/my_car/prj/prj.runs/synth_1/.Xil/Vivado-59200-LAPTOP-2K88VM5F/realtime/wr_fifo_stub.v:6]
WARNING: [Synth 8-689] width (10) of port connection 'rd_data_count' does not match port width (9) of module 'wr_fifo' [E:/FPGA/project/smart_car_pld2026/my_car/rtl/ddr3_top/ddr3_fifo_ctrl.v:215]
INFO: [Synth 8-6155] done synthesizing module 'ddr3_fifo_ctrl' (10#1) [E:/FPGA/project/smart_car_pld2026/my_car/rtl/ddr3_top/ddr3_fifo_ctrl.v:20]
WARNING: [Synth 8-689] width (11) of port connection 'wfifo_rcount' does not match port width (10) of module 'ddr3_fifo_ctrl' [E:/FPGA/project/smart_car_pld2026/my_car/rtl/ddr3_top/ddr3_fifo_ctrl_top.v:106]
WARNING: [Synth 8-689] width (11) of port connection 'rfifo_wcount' does not match port width (10) of module 'ddr3_fifo_ctrl' [E:/FPGA/project/smart_car_pld2026/my_car/rtl/ddr3_top/ddr3_fifo_ctrl_top.v:107]
WARNING: [Synth 8-689] width (11) of port connection 'wfifo_rcount' does not match port width (10) of module 'ddr3_fifo_ctrl' [E:/FPGA/project/smart_car_pld2026/my_car/rtl/ddr3_top/ddr3_fifo_ctrl_top.v:128]
WARNING: [Synth 8-689] width (11) of port connection 'rfifo_wcount' does not match port width (10) of module 'ddr3_fifo_ctrl' [E:/FPGA/project/smart_car_pld2026/my_car/rtl/ddr3_top/ddr3_fifo_ctrl_top.v:129]
INFO: [Synth 8-6155] done synthesizing module 'ddr3_fifo_ctrl_top' (11#1) [E:/FPGA/project/smart_car_pld2026/my_car/rtl/ddr3_top/ddr3_fifo_ctrl_top.v:19]
INFO: [Synth 8-6155] done synthesizing module 'ddr3_top' (12#1) [E:/FPGA/project/smart_car_pld2026/my_car/rtl/ddr3_top/ddr3_top.v:19]
INFO: [Synth 8-6157] synthesizing module 'clk_wiz_0' [E:/FPGA/project/smart_car_pld2026/my_car/prj/prj.runs/synth_1/.Xil/Vivado-59200-LAPTOP-2K88VM5F/realtime/clk_wiz_0_stub.v:5]
INFO: [Synth 8-6155] done synthesizing module 'clk_wiz_0' (13#1) [E:/FPGA/project/smart_car_pld2026/my_car/prj/prj.runs/synth_1/.Xil/Vivado-59200-LAPTOP-2K88VM5F/realtime/clk_wiz_0_stub.v:5]
INFO: [Synth 8-6157] synthesizing module 'lcd_rgb_top' [E:/FPGA/project/smart_car_pld2026/my_car/rtl/lcd_rgb_top/lcd_rgb_top.v:19]
INFO: [Synth 8-6157] synthesizing module 'clk_div' [E:/FPGA/project/smart_car_pld2026/my_car/rtl/lcd_rgb_top/clk_div.v:19]
INFO: [Synth 8-6155] done synthesizing module 'clk_div' (14#1) [E:/FPGA/project/smart_car_pld2026/my_car/rtl/lcd_rgb_top/clk_div.v:19]
INFO: [Synth 8-6157] synthesizing module 'rd_id' [E:/FPGA/project/smart_car_pld2026/my_car/rtl/lcd_rgb_top/rd_id.v:19]
INFO: [Synth 8-6155] done synthesizing module 'rd_id' (15#1) [E:/FPGA/project/smart_car_pld2026/my_car/rtl/lcd_rgb_top/rd_id.v:19]
INFO: [Synth 8-6157] synthesizing module 'lcd_driver' [E:/FPGA/project/smart_car_pld2026/my_car/rtl/lcd_rgb_top/lcd_driver.v:19]
	Parameter H_SYNC_4342 bound to: 11'b00000101001 
	Parameter H_BACK_4342 bound to: 11'b00000000010 
	Parameter H_DISP_4342 bound to: 11'b00111100000 
	Parameter H_FRONT_4342 bound to: 11'b00000000010 
	Parameter H_TOTAL_4342 bound to: 11'b01000001101 
	Parameter V_SYNC_4342 bound to: 11'b00000001010 
	Parameter V_BACK_4342 bound to: 11'b00000000010 
	Parameter V_DISP_4342 bound to: 11'b00100010000 
	Parameter V_FRONT_4342 bound to: 11'b00000000010 
	Parameter V_TOTAL_4342 bound to: 11'b00100011110 
	Parameter H_SYNC_7084 bound to: 11'b00010000000 
	Parameter H_BACK_7084 bound to: 11'b00001011000 
	Parameter H_DISP_7084 bound to: 11'b01100100000 
	Parameter H_FRONT_7084 bound to: 11'b00000101000 
	Parameter H_TOTAL_7084 bound to: 11'b10000100000 
	Parameter V_SYNC_7084 bound to: 11'b00000000010 
	Parameter V_BACK_7084 bound to: 11'b00000100001 
	Parameter V_DISP_7084 bound to: 11'b00111100000 
	Parameter V_FRONT_7084 bound to: 11'b00000001010 
	Parameter V_TOTAL_7084 bound to: 11'b01000001101 
	Parameter H_SYNC_7016 bound to: 11'b00000010100 
	Parameter H_BACK_7016 bound to: 11'b00010001100 
	Parameter H_DISP_7016 bound to: 11'b10000000000 
	Parameter H_FRONT_7016 bound to: 11'b00010100000 
	Parameter H_TOTAL_7016 bound to: 11'b10101000000 
	Parameter V_SYNC_7016 bound to: 11'b00000000011 
	Parameter V_BACK_7016 bound to: 11'b00000010100 
	Parameter V_DISP_7016 bound to: 11'b01001011000 
	Parameter V_FRONT_7016 bound to: 11'b00000001100 
	Parameter V_TOTAL_7016 bound to: 11'b01001111011 
	Parameter H_SYNC_1018 bound to: 11'b00000001010 
	Parameter H_BACK_1018 bound to: 11'b00001010000 
	Parameter H_DISP_1018 bound to: 11'b10100000000 
	Parameter H_FRONT_1018 bound to: 11'b00001000110 
	Parameter H_TOTAL_1018 bound to: 11'b10110100000 
	Parameter V_SYNC_1018 bound to: 11'b00000000011 
	Parameter V_BACK_1018 bound to: 11'b00000001010 
	Parameter V_DISP_1018 bound to: 11'b01100100000 
	Parameter V_FRONT_1018 bound to: 11'b00000001010 
	Parameter V_TOTAL_1018 bound to: 11'b01100110111 
	Parameter H_SYNC_4384 bound to: 11'b00010000000 
	Parameter H_BACK_4384 bound to: 11'b00001011000 
	Parameter H_DISP_4384 bound to: 11'b01100100000 
	Parameter H_FRONT_4384 bound to: 11'b00000101000 
	Parameter H_TOTAL_4384 bound to: 11'b10000100000 
	Parameter V_SYNC_4384 bound to: 11'b00000000010 
	Parameter V_BACK_4384 bound to: 11'b00000100001 
	Parameter V_DISP_4384 bound to: 11'b00111100000 
	Parameter V_FRONT_4384 bound to: 11'b00000001010 
	Parameter V_TOTAL_4384 bound to: 11'b01000001101 
INFO: [Synth 8-6155] done synthesizing module 'lcd_driver' (16#1) [E:/FPGA/project/smart_car_pld2026/my_car/rtl/lcd_rgb_top/lcd_driver.v:19]
INFO: [Synth 8-6157] synthesizing module 'lcd_disply' [E:/FPGA/project/smart_car_pld2026/my_car/rtl/lcd_rgb_top/lcd_disply.v:19]
	Parameter RED bound to: 16'b1111100000000000 
	Parameter BLUE bound to: 16'b0000000000011111 
	Parameter BLACK bound to: 16'b0000000000000000 
WARNING: [Synth 8-6014] Unused sequential element char0_reg[15] was removed.  [E:/FPGA/project/smart_car_pld2026/my_car/rtl/lcd_rgb_top/lcd_disply.v:47]
WARNING: [Synth 8-6014] Unused sequential element char0_reg[14] was removed.  [E:/FPGA/project/smart_car_pld2026/my_car/rtl/lcd_rgb_top/lcd_disply.v:47]
WARNING: [Synth 8-6014] Unused sequential element char0_reg[13] was removed.  [E:/FPGA/project/smart_car_pld2026/my_car/rtl/lcd_rgb_top/lcd_disply.v:47]
WARNING: [Synth 8-6014] Unused sequential element char0_reg[12] was removed.  [E:/FPGA/project/smart_car_pld2026/my_car/rtl/lcd_rgb_top/lcd_disply.v:47]
WARNING: [Synth 8-6014] Unused sequential element char0_reg[11] was removed.  [E:/FPGA/project/smart_car_pld2026/my_car/rtl/lcd_rgb_top/lcd_disply.v:47]
WARNING: [Synth 8-6014] Unused sequential element char0_reg[10] was removed.  [E:/FPGA/project/smart_car_pld2026/my_car/rtl/lcd_rgb_top/lcd_disply.v:47]
WARNING: [Synth 8-6014] Unused sequential element char0_reg[9] was removed.  [E:/FPGA/project/smart_car_pld2026/my_car/rtl/lcd_rgb_top/lcd_disply.v:47]
WARNING: [Synth 8-6014] Unused sequential element char0_reg[8] was removed.  [E:/FPGA/project/smart_car_pld2026/my_car/rtl/lcd_rgb_top/lcd_disply.v:47]
WARNING: [Synth 8-6014] Unused sequential element char0_reg[7] was removed.  [E:/FPGA/project/smart_car_pld2026/my_car/rtl/lcd_rgb_top/lcd_disply.v:47]
WARNING: [Synth 8-6014] Unused sequential element char0_reg[6] was removed.  [E:/FPGA/project/smart_car_pld2026/my_car/rtl/lcd_rgb_top/lcd_disply.v:47]
WARNING: [Synth 8-6014] Unused sequential element char0_reg[5] was removed.  [E:/FPGA/project/smart_car_pld2026/my_car/rtl/lcd_rgb_top/lcd_disply.v:47]
WARNING: [Synth 8-6014] Unused sequential element char0_reg[4] was removed.  [E:/FPGA/project/smart_car_pld2026/my_car/rtl/lcd_rgb_top/lcd_disply.v:47]
WARNING: [Synth 8-6014] Unused sequential element char0_reg[3] was removed.  [E:/FPGA/project/smart_car_pld2026/my_car/rtl/lcd_rgb_top/lcd_disply.v:47]
WARNING: [Synth 8-6014] Unused sequential element char0_reg[2] was removed.  [E:/FPGA/project/smart_car_pld2026/my_car/rtl/lcd_rgb_top/lcd_disply.v:47]
WARNING: [Synth 8-6014] Unused sequential element char0_reg[1] was removed.  [E:/FPGA/project/smart_car_pld2026/my_car/rtl/lcd_rgb_top/lcd_disply.v:47]
WARNING: [Synth 8-6014] Unused sequential element char0_reg[0] was removed.  [E:/FPGA/project/smart_car_pld2026/my_car/rtl/lcd_rgb_top/lcd_disply.v:47]
WARNING: [Synth 8-6014] Unused sequential element char1_reg[15] was removed.  [E:/FPGA/project/smart_car_pld2026/my_car/rtl/lcd_rgb_top/lcd_disply.v:67]
WARNING: [Synth 8-6014] Unused sequential element char1_reg[14] was removed.  [E:/FPGA/project/smart_car_pld2026/my_car/rtl/lcd_rgb_top/lcd_disply.v:67]
WARNING: [Synth 8-6014] Unused sequential element char1_reg[13] was removed.  [E:/FPGA/project/smart_car_pld2026/my_car/rtl/lcd_rgb_top/lcd_disply.v:67]
WARNING: [Synth 8-6014] Unused sequential element char1_reg[12] was removed.  [E:/FPGA/project/smart_car_pld2026/my_car/rtl/lcd_rgb_top/lcd_disply.v:67]
WARNING: [Synth 8-6014] Unused sequential element char1_reg[11] was removed.  [E:/FPGA/project/smart_car_pld2026/my_car/rtl/lcd_rgb_top/lcd_disply.v:67]
WARNING: [Synth 8-6014] Unused sequential element char1_reg[10] was removed.  [E:/FPGA/project/smart_car_pld2026/my_car/rtl/lcd_rgb_top/lcd_disply.v:67]
WARNING: [Synth 8-6014] Unused sequential element char1_reg[9] was removed.  [E:/FPGA/project/smart_car_pld2026/my_car/rtl/lcd_rgb_top/lcd_disply.v:67]
WARNING: [Synth 8-6014] Unused sequential element char1_reg[8] was removed.  [E:/FPGA/project/smart_car_pld2026/my_car/rtl/lcd_rgb_top/lcd_disply.v:67]
WARNING: [Synth 8-6014] Unused sequential element char1_reg[7] was removed.  [E:/FPGA/project/smart_car_pld2026/my_car/rtl/lcd_rgb_top/lcd_disply.v:67]
WARNING: [Synth 8-6014] Unused sequential element char1_reg[6] was removed.  [E:/FPGA/project/smart_car_pld2026/my_car/rtl/lcd_rgb_top/lcd_disply.v:67]
WARNING: [Synth 8-6014] Unused sequential element char1_reg[5] was removed.  [E:/FPGA/project/smart_car_pld2026/my_car/rtl/lcd_rgb_top/lcd_disply.v:67]
WARNING: [Synth 8-6014] Unused sequential element char1_reg[4] was removed.  [E:/FPGA/project/smart_car_pld2026/my_car/rtl/lcd_rgb_top/lcd_disply.v:67]
WARNING: [Synth 8-6014] Unused sequential element char1_reg[3] was removed.  [E:/FPGA/project/smart_car_pld2026/my_car/rtl/lcd_rgb_top/lcd_disply.v:67]
WARNING: [Synth 8-6014] Unused sequential element char1_reg[2] was removed.  [E:/FPGA/project/smart_car_pld2026/my_car/rtl/lcd_rgb_top/lcd_disply.v:67]
WARNING: [Synth 8-6014] Unused sequential element char1_reg[1] was removed.  [E:/FPGA/project/smart_car_pld2026/my_car/rtl/lcd_rgb_top/lcd_disply.v:67]
WARNING: [Synth 8-6014] Unused sequential element char1_reg[0] was removed.  [E:/FPGA/project/smart_car_pld2026/my_car/rtl/lcd_rgb_top/lcd_disply.v:67]
INFO: [Synth 8-4471] merging register 'char2_reg[30][127:0]' into 'char2_reg[31][127:0]' [E:/FPGA/project/smart_car_pld2026/my_car/rtl/lcd_rgb_top/lcd_disply.v:87]
INFO: [Synth 8-4471] merging register 'char2_reg[29][127:0]' into 'char2_reg[31][127:0]' [E:/FPGA/project/smart_car_pld2026/my_car/rtl/lcd_rgb_top/lcd_disply.v:87]
INFO: [Synth 8-4471] merging register 'char2_reg[28][127:0]' into 'char2_reg[31][127:0]' [E:/FPGA/project/smart_car_pld2026/my_car/rtl/lcd_rgb_top/lcd_disply.v:87]
INFO: [Synth 8-4471] merging register 'char2_reg[5][127:0]' into 'char2_reg[31][127:0]' [E:/FPGA/project/smart_car_pld2026/my_car/rtl/lcd_rgb_top/lcd_disply.v:87]
INFO: [Synth 8-4471] merging register 'char2_reg[4][127:0]' into 'char2_reg[31][127:0]' [E:/FPGA/project/smart_car_pld2026/my_car/rtl/lcd_rgb_top/lcd_disply.v:87]
INFO: [Synth 8-4471] merging register 'char2_reg[3][127:0]' into 'char2_reg[31][127:0]' [E:/FPGA/project/smart_car_pld2026/my_car/rtl/lcd_rgb_top/lcd_disply.v:87]
INFO: [Synth 8-4471] merging register 'char2_reg[2][127:0]' into 'char2_reg[31][127:0]' [E:/FPGA/project/smart_car_pld2026/my_car/rtl/lcd_rgb_top/lcd_disply.v:87]
INFO: [Synth 8-4471] merging register 'char2_reg[1][127:0]' into 'char2_reg[31][127:0]' [E:/FPGA/project/smart_car_pld2026/my_car/rtl/lcd_rgb_top/lcd_disply.v:87]
INFO: [Synth 8-4471] merging register 'char2_reg[0][127:0]' into 'char2_reg[31][127:0]' [E:/FPGA/project/smart_car_pld2026/my_car/rtl/lcd_rgb_top/lcd_disply.v:87]
INFO: [Synth 8-4471] merging register 'char3_reg[31][127:0]' into 'char2_reg[31][127:0]' [E:/FPGA/project/smart_car_pld2026/my_car/rtl/lcd_rgb_top/lcd_disply.v:123]
INFO: [Synth 8-4471] merging register 'char3_reg[30][127:0]' into 'char2_reg[31][127:0]' [E:/FPGA/project/smart_car_pld2026/my_car/rtl/lcd_rgb_top/lcd_disply.v:123]
INFO: [Synth 8-4471] merging register 'char3_reg[29][127:0]' into 'char2_reg[31][127:0]' [E:/FPGA/project/smart_car_pld2026/my_car/rtl/lcd_rgb_top/lcd_disply.v:123]
INFO: [Synth 8-4471] merging register 'char3_reg[28][127:0]' into 'char2_reg[31][127:0]' [E:/FPGA/project/smart_car_pld2026/my_car/rtl/lcd_rgb_top/lcd_disply.v:123]
INFO: [Synth 8-4471] merging register 'char3_reg[19][127:0]' into 'char2_reg[19][127:0]' [E:/FPGA/project/smart_car_pld2026/my_car/rtl/lcd_rgb_top/lcd_disply.v:123]
INFO: [Synth 8-4471] merging register 'char3_reg[5][127:0]' into 'char2_reg[31][127:0]' [E:/FPGA/project/smart_car_pld2026/my_car/rtl/lcd_rgb_top/lcd_disply.v:123]
INFO: [Synth 8-4471] merging register 'char3_reg[4][127:0]' into 'char2_reg[31][127:0]' [E:/FPGA/project/smart_car_pld2026/my_car/rtl/lcd_rgb_top/lcd_disply.v:123]
INFO: [Synth 8-4471] merging register 'char3_reg[3][127:0]' into 'char2_reg[31][127:0]' [E:/FPGA/project/smart_car_pld2026/my_car/rtl/lcd_rgb_top/lcd_disply.v:123]
INFO: [Synth 8-4471] merging register 'char3_reg[2][127:0]' into 'char2_reg[31][127:0]' [E:/FPGA/project/smart_car_pld2026/my_car/rtl/lcd_rgb_top/lcd_disply.v:123]
INFO: [Synth 8-4471] merging register 'char3_reg[1][127:0]' into 'char2_reg[31][127:0]' [E:/FPGA/project/smart_car_pld2026/my_car/rtl/lcd_rgb_top/lcd_disply.v:123]
INFO: [Synth 8-4471] merging register 'char3_reg[0][127:0]' into 'char2_reg[31][127:0]' [E:/FPGA/project/smart_car_pld2026/my_car/rtl/lcd_rgb_top/lcd_disply.v:123]
WARNING: [Synth 8-6014] Unused sequential element char2_reg[30] was removed.  [E:/FPGA/project/smart_car_pld2026/my_car/rtl/lcd_rgb_top/lcd_disply.v:87]
WARNING: [Synth 8-6014] Unused sequential element char2_reg[29] was removed.  [E:/FPGA/project/smart_car_pld2026/my_car/rtl/lcd_rgb_top/lcd_disply.v:87]
WARNING: [Synth 8-6014] Unused sequential element char2_reg[28] was removed.  [E:/FPGA/project/smart_car_pld2026/my_car/rtl/lcd_rgb_top/lcd_disply.v:87]
WARNING: [Synth 8-6014] Unused sequential element char2_reg[5] was removed.  [E:/FPGA/project/smart_car_pld2026/my_car/rtl/lcd_rgb_top/lcd_disply.v:87]
WARNING: [Synth 8-6014] Unused sequential element char2_reg[4] was removed.  [E:/FPGA/project/smart_car_pld2026/my_car/rtl/lcd_rgb_top/lcd_disply.v:87]
WARNING: [Synth 8-6014] Unused sequential element char2_reg[3] was removed.  [E:/FPGA/project/smart_car_pld2026/my_car/rtl/lcd_rgb_top/lcd_disply.v:87]
WARNING: [Synth 8-6014] Unused sequential element char2_reg[2] was removed.  [E:/FPGA/project/smart_car_pld2026/my_car/rtl/lcd_rgb_top/lcd_disply.v:87]
WARNING: [Synth 8-6014] Unused sequential element char2_reg[1] was removed.  [E:/FPGA/project/smart_car_pld2026/my_car/rtl/lcd_rgb_top/lcd_disply.v:87]
WARNING: [Synth 8-6014] Unused sequential element char2_reg[0] was removed.  [E:/FPGA/project/smart_car_pld2026/my_car/rtl/lcd_rgb_top/lcd_disply.v:87]
WARNING: [Synth 8-6014] Unused sequential element char3_reg[31] was removed.  [E:/FPGA/project/smart_car_pld2026/my_car/rtl/lcd_rgb_top/lcd_disply.v:123]
WARNING: [Synth 8-6014] Unused sequential element char3_reg[30] was removed.  [E:/FPGA/project/smart_car_pld2026/my_car/rtl/lcd_rgb_top/lcd_disply.v:123]
WARNING: [Synth 8-6014] Unused sequential element char3_reg[29] was removed.  [E:/FPGA/project/smart_car_pld2026/my_car/rtl/lcd_rgb_top/lcd_disply.v:123]
WARNING: [Synth 8-6014] Unused sequential element char3_reg[28] was removed.  [E:/FPGA/project/smart_car_pld2026/my_car/rtl/lcd_rgb_top/lcd_disply.v:123]
WARNING: [Synth 8-6014] Unused sequential element char3_reg[19] was removed.  [E:/FPGA/project/smart_car_pld2026/my_car/rtl/lcd_rgb_top/lcd_disply.v:123]
WARNING: [Synth 8-6014] Unused sequential element char3_reg[5] was removed.  [E:/FPGA/project/smart_car_pld2026/my_car/rtl/lcd_rgb_top/lcd_disply.v:123]
WARNING: [Synth 8-6014] Unused sequential element char3_reg[4] was removed.  [E:/FPGA/project/smart_car_pld2026/my_car/rtl/lcd_rgb_top/lcd_disply.v:123]
WARNING: [Synth 8-6014] Unused sequential element char3_reg[3] was removed.  [E:/FPGA/project/smart_car_pld2026/my_car/rtl/lcd_rgb_top/lcd_disply.v:123]
WARNING: [Synth 8-6014] Unused sequential element char3_reg[2] was removed.  [E:/FPGA/project/smart_car_pld2026/my_car/rtl/lcd_rgb_top/lcd_disply.v:123]
WARNING: [Synth 8-6014] Unused sequential element char3_reg[1] was removed.  [E:/FPGA/project/smart_car_pld2026/my_car/rtl/lcd_rgb_top/lcd_disply.v:123]
WARNING: [Synth 8-6014] Unused sequential element char3_reg[0] was removed.  [E:/FPGA/project/smart_car_pld2026/my_car/rtl/lcd_rgb_top/lcd_disply.v:123]
WARNING: [Synth 8-3848] Net char3[32] in module/entity lcd_disply does not have driver. [E:/FPGA/project/smart_car_pld2026/my_car/rtl/lcd_rgb_top/lcd_disply.v:39]
WARNING: [Synth 8-3848] Net char2[32] in module/entity lcd_disply does not have driver. [E:/FPGA/project/smart_car_pld2026/my_car/rtl/lcd_rgb_top/lcd_disply.v:38]
INFO: [Synth 8-6155] done synthesizing module 'lcd_disply' (17#1) [E:/FPGA/project/smart_car_pld2026/my_car/rtl/lcd_rgb_top/lcd_disply.v:19]
INFO: [Synth 8-6155] done synthesizing module 'lcd_rgb_top' (18#1) [E:/FPGA/project/smart_car_pld2026/my_car/rtl/lcd_rgb_top/lcd_rgb_top.v:19]
INFO: [Synth 8-6157] synthesizing module 'sensor_link' [E:/FPGA/project/smart_car_pld2026/my_car/rtl/sensor_link/sensor_link.v:14]
	Parameter CLK_FREQ bound to: 50000000 - type: integer 
	Parameter BAUD bound to: 115200 - type: integer 
INFO: [Synth 8-6157] synthesizing module 'sl_uart_rx' [E:/FPGA/project/smart_car_pld2026/my_car/rtl/sensor_link/sl_uart_rx.v:5]
	Parameter CLK_FREQ bound to: 50000000 - type: integer 
	Parameter BAUD bound to: 115200 - type: integer 
	Parameter BAUD_DIV bound to: 434 - type: integer 
	Parameter S_IDLE bound to: 0 - type: integer 
	Parameter S_START bound to: 1 - type: integer 
	Parameter S_DATA bound to: 2 - type: integer 
	Parameter S_STOP bound to: 3 - type: integer 
INFO: [Synth 8-6155] done synthesizing module 'sl_uart_rx' (19#1) [E:/FPGA/project/smart_car_pld2026/my_car/rtl/sensor_link/sl_uart_rx.v:5]
INFO: [Synth 8-6157] synthesizing module 'v1_decode' [E:/FPGA/project/smart_car_pld2026/my_car/rtl/sensor_link/v1_decode.v:8]
	Parameter S_H1 bound to: 0 - type: integer 
	Parameter S_H2 bound to: 1 - type: integer 
	Parameter S_DATA bound to: 2 - type: integer 
	Parameter S_CRC bound to: 3 - type: integer 
INFO: [Synth 8-226] default block is never used [E:/FPGA/project/smart_car_pld2026/my_car/rtl/sensor_link/v1_decode.v:61]
WARNING: [Synth 8-5788] Register rx_buf_reg[0] in module v1_decode is has both Set and reset with same priority. This may cause simulation mismatches. Consider rewriting code  [E:/FPGA/project/smart_car_pld2026/my_car/rtl/sensor_link/v1_decode.v:73]
WARNING: [Synth 8-5788] Register rx_buf_reg[1] in module v1_decode is has both Set and reset with same priority. This may cause simulation mismatches. Consider rewriting code  [E:/FPGA/project/smart_car_pld2026/my_car/rtl/sensor_link/v1_decode.v:73]
WARNING: [Synth 8-5788] Register rx_buf_reg[2] in module v1_decode is has both Set and reset with same priority. This may cause simulation mismatches. Consider rewriting code  [E:/FPGA/project/smart_car_pld2026/my_car/rtl/sensor_link/v1_decode.v:73]
WARNING: [Synth 8-5788] Register rx_buf_reg[3] in module v1_decode is has both Set and reset with same priority. This may cause simulation mismatches. Consider rewriting code  [E:/FPGA/project/smart_car_pld2026/my_car/rtl/sensor_link/v1_decode.v:73]
WARNING: [Synth 8-5788] Register rx_buf_reg[4] in module v1_decode is has both Set and reset with same priority. This may cause simulation mismatches. Consider rewriting code  [E:/FPGA/project/smart_car_pld2026/my_car/rtl/sensor_link/v1_decode.v:73]
WARNING: [Synth 8-5788] Register rx_buf_reg[5] in module v1_decode is has both Set and reset with same priority. This may cause simulation mismatches. Consider rewriting code  [E:/FPGA/project/smart_car_pld2026/my_car/rtl/sensor_link/v1_decode.v:73]
WARNING: [Synth 8-5788] Register rx_buf_reg[6] in module v1_decode is has both Set and reset with same priority. This may cause simulation mismatches. Consider rewriting code  [E:/FPGA/project/smart_car_pld2026/my_car/rtl/sensor_link/v1_decode.v:73]
WARNING: [Synth 8-5788] Register rx_buf_reg[7] in module v1_decode is has both Set and reset with same priority. This may cause simulation mismatches. Consider rewriting code  [E:/FPGA/project/smart_car_pld2026/my_car/rtl/sensor_link/v1_decode.v:73]
WARNING: [Synth 8-5788] Register rx_buf_reg[8] in module v1_decode is has both Set and reset with same priority. This may cause simulation mismatches. Consider rewriting code  [E:/FPGA/project/smart_car_pld2026/my_car/rtl/sensor_link/v1_decode.v:73]
WARNING: [Synth 8-5788] Register rx_buf_reg[9] in module v1_decode is has both Set and reset with same priority. This may cause simulation mismatches. Consider rewriting code  [E:/FPGA/project/smart_car_pld2026/my_car/rtl/sensor_link/v1_decode.v:73]
WARNING: [Synth 8-5788] Register rx_buf_reg[10] in module v1_decode is has both Set and reset with same priority. This may cause simulation mismatches. Consider rewriting code  [E:/FPGA/project/smart_car_pld2026/my_car/rtl/sensor_link/v1_decode.v:73]
WARNING: [Synth 8-5788] Register rx_buf_reg[11] in module v1_decode is has both Set and reset with same priority. This may cause simulation mismatches. Consider rewriting code  [E:/FPGA/project/smart_car_pld2026/my_car/rtl/sensor_link/v1_decode.v:73]
WARNING: [Synth 8-5788] Register rx_buf_reg[12] in module v1_decode is has both Set and reset with same priority. This may cause simulation mismatches. Consider rewriting code  [E:/FPGA/project/smart_car_pld2026/my_car/rtl/sensor_link/v1_decode.v:73]
WARNING: [Synth 8-5788] Register rx_buf_reg[13] in module v1_decode is has both Set and reset with same priority. This may cause simulation mismatches. Consider rewriting code  [E:/FPGA/project/smart_car_pld2026/my_car/rtl/sensor_link/v1_decode.v:73]
WARNING: [Synth 8-5788] Register rx_buf_reg[14] in module v1_decode is has both Set and reset with same priority. This may cause simulation mismatches. Consider rewriting code  [E:/FPGA/project/smart_car_pld2026/my_car/rtl/sensor_link/v1_decode.v:73]
WARNING: [Synth 8-5788] Register rx_buf_reg[15] in module v1_decode is has both Set and reset with same priority. This may cause simulation mismatches. Consider rewriting code  [E:/FPGA/project/smart_car_pld2026/my_car/rtl/sensor_link/v1_decode.v:73]
WARNING: [Synth 8-5788] Register rx_buf_reg[16] in module v1_decode is has both Set and reset with same priority. This may cause simulation mismatches. Consider rewriting code  [E:/FPGA/project/smart_car_pld2026/my_car/rtl/sensor_link/v1_decode.v:73]
WARNING: [Synth 8-5788] Register rx_buf_reg[17] in module v1_decode is has both Set and reset with same priority. This may cause simulation mismatches. Consider rewriting code  [E:/FPGA/project/smart_car_pld2026/my_car/rtl/sensor_link/v1_decode.v:73]
WARNING: [Synth 8-5788] Register rx_buf_reg[18] in module v1_decode is has both Set and reset with same priority. This may cause simulation mismatches. Consider rewriting code  [E:/FPGA/project/smart_car_pld2026/my_car/rtl/sensor_link/v1_decode.v:73]
WARNING: [Synth 8-5788] Register rx_buf_reg[19] in module v1_decode is has both Set and reset with same priority. This may cause simulation mismatches. Consider rewriting code  [E:/FPGA/project/smart_car_pld2026/my_car/rtl/sensor_link/v1_decode.v:73]
WARNING: [Synth 8-5788] Register rx_buf_reg[20] in module v1_decode is has both Set and reset with same priority. This may cause simulation mismatches. Consider rewriting code  [E:/FPGA/project/smart_car_pld2026/my_car/rtl/sensor_link/v1_decode.v:73]
WARNING: [Synth 8-5788] Register rx_buf_reg[21] in module v1_decode is has both Set and reset with same priority. This may cause simulation mismatches. Consider rewriting code  [E:/FPGA/project/smart_car_pld2026/my_car/rtl/sensor_link/v1_decode.v:73]
WARNING: [Synth 8-5788] Register rx_buf_reg[22] in module v1_decode is has both Set and reset with same priority. This may cause simulation mismatches. Consider rewriting code  [E:/FPGA/project/smart_car_pld2026/my_car/rtl/sensor_link/v1_decode.v:73]
WARNING: [Synth 8-5788] Register rx_buf_reg[23] in module v1_decode is has both Set and reset with same priority. This may cause simulation mismatches. Consider rewriting code  [E:/FPGA/project/smart_car_pld2026/my_car/rtl/sensor_link/v1_decode.v:73]
WARNING: [Synth 8-5788] Register rx_buf_reg[24] in module v1_decode is has both Set and reset with same priority. This may cause simulation mismatches. Consider rewriting code  [E:/FPGA/project/smart_car_pld2026/my_car/rtl/sensor_link/v1_decode.v:73]
WARNING: [Synth 8-5788] Register rx_buf_reg[25] in module v1_decode is has both Set and reset with same priority. This may cause simulation mismatches. Consider rewriting code  [E:/FPGA/project/smart_car_pld2026/my_car/rtl/sensor_link/v1_decode.v:73]
WARNING: [Synth 8-5788] Register rx_buf_reg[26] in module v1_decode is has both Set and reset with same priority. This may cause simulation mismatches. Consider rewriting code  [E:/FPGA/project/smart_car_pld2026/my_car/rtl/sensor_link/v1_decode.v:73]
WARNING: [Synth 8-5788] Register rx_buf_reg[27] in module v1_decode is has both Set and reset with same priority. This may cause simulation mismatches. Consider rewriting code  [E:/FPGA/project/smart_car_pld2026/my_car/rtl/sensor_link/v1_decode.v:73]
WARNING: [Synth 8-5788] Register rx_buf_reg[28] in module v1_decode is has both Set and reset with same priority. This may cause simulation mismatches. Consider rewriting code  [E:/FPGA/project/smart_car_pld2026/my_car/rtl/sensor_link/v1_decode.v:73]
WARNING: [Synth 8-5788] Register rx_buf_reg[29] in module v1_decode is has both Set and reset with same priority. This may cause simulation mismatches. Consider rewriting code  [E:/FPGA/project/smart_car_pld2026/my_car/rtl/sensor_link/v1_decode.v:73]
WARNING: [Synth 8-5788] Register rx_buf_reg[30] in module v1_decode is has both Set and reset with same priority. This may cause simulation mismatches. Consider rewriting code  [E:/FPGA/project/smart_car_pld2026/my_car/rtl/sensor_link/v1_decode.v:73]
INFO: [Synth 8-6155] done synthesizing module 'v1_decode' (20#1) [E:/FPGA/project/smart_car_pld2026/my_car/rtl/sensor_link/v1_decode.v:8]
INFO: [Synth 8-6157] synthesizing module 'ctrl_link_tx' [E:/FPGA/project/smart_car_pld2026/my_car/rtl/sensor_link/ctrl_link_tx.v:8]
	Parameter CLK_FREQ bound to: 50000000 - type: integer 
	Parameter BAUD bound to: 115200 - type: integer 
	Parameter SEND_HZ bound to: 50 - type: integer 
	Parameter SEND_DIV bound to: 1000000 - type: integer 
INFO: [Synth 8-6157] synthesizing module 'sl_uart_tx' [E:/FPGA/project/smart_car_pld2026/my_car/rtl/sensor_link/sl_uart_tx.v:5]
	Parameter CLK_FREQ bound to: 50000000 - type: integer 
	Parameter BAUD bound to: 115200 - type: integer 
	Parameter BAUD_DIV bound to: 434 - type: integer 
INFO: [Synth 8-6155] done synthesizing module 'sl_uart_tx' (21#1) [E:/FPGA/project/smart_car_pld2026/my_car/rtl/sensor_link/sl_uart_tx.v:5]
WARNING: [Synth 8-5788] Register frame_reg[0] in module ctrl_link_tx is has both Set and reset with same priority. This may cause simulation mismatches. Consider rewriting code  [E:/FPGA/project/smart_car_pld2026/my_car/rtl/sensor_link/ctrl_link_tx.v:69]
WARNING: [Synth 8-5788] Register frame_reg[1] in module ctrl_link_tx is has both Set and reset with same priority. This may cause simulation mismatches. Consider rewriting code  [E:/FPGA/project/smart_car_pld2026/my_car/rtl/sensor_link/ctrl_link_tx.v:69]
WARNING: [Synth 8-5788] Register frame_reg[2] in module ctrl_link_tx is has both Set and reset with same priority. This may cause simulation mismatches. Consider rewriting code  [E:/FPGA/project/smart_car_pld2026/my_car/rtl/sensor_link/ctrl_link_tx.v:69]
WARNING: [Synth 8-5788] Register frame_reg[3] in module ctrl_link_tx is has both Set and reset with same priority. This may cause simulation mismatches. Consider rewriting code  [E:/FPGA/project/smart_car_pld2026/my_car/rtl/sensor_link/ctrl_link_tx.v:69]
WARNING: [Synth 8-5788] Register frame_reg[4] in module ctrl_link_tx is has both Set and reset with same priority. This may cause simulation mismatches. Consider rewriting code  [E:/FPGA/project/smart_car_pld2026/my_car/rtl/sensor_link/ctrl_link_tx.v:69]
WARNING: [Synth 8-5788] Register frame_reg[5] in module ctrl_link_tx is has both Set and reset with same priority. This may cause simulation mismatches. Consider rewriting code  [E:/FPGA/project/smart_car_pld2026/my_car/rtl/sensor_link/ctrl_link_tx.v:69]
WARNING: [Synth 8-5788] Register frame_reg[6] in module ctrl_link_tx is has both Set and reset with same priority. This may cause simulation mismatches. Consider rewriting code  [E:/FPGA/project/smart_car_pld2026/my_car/rtl/sensor_link/ctrl_link_tx.v:69]
WARNING: [Synth 8-5788] Register frame_reg[7] in module ctrl_link_tx is has both Set and reset with same priority. This may cause simulation mismatches. Consider rewriting code  [E:/FPGA/project/smart_car_pld2026/my_car/rtl/sensor_link/ctrl_link_tx.v:69]
WARNING: [Synth 8-5788] Register frame_reg[8] in module ctrl_link_tx is has both Set and reset with same priority. This may cause simulation mismatches. Consider rewriting code  [E:/FPGA/project/smart_car_pld2026/my_car/rtl/sensor_link/ctrl_link_tx.v:69]
INFO: [Synth 8-6155] done synthesizing module 'ctrl_link_tx' (22#1) [E:/FPGA/project/smart_car_pld2026/my_car/rtl/sensor_link/ctrl_link_tx.v:8]
INFO: [Synth 8-6155] done synthesizing module 'sensor_link' (23#1) [E:/FPGA/project/smart_car_pld2026/my_car/rtl/sensor_link/sensor_link.v:14]
INFO: [Synth 8-6155] done synthesizing module 'top_dual_ov5640_lcd' (24#1) [E:/FPGA/project/smart_car_pld2026/my_car/rtl/top_dual_ov5640_lcd.v:18]
WARNING: [Synth 8-3331] design lcd_disply has unconnected port sys_rst_n
WARNING: [Synth 8-3331] design lcd_disply has unconnected port rd_h_pixel[1]
WARNING: [Synth 8-3331] design lcd_disply has unconnected port rd_h_pixel[0]
WARNING: [Synth 8-3331] design rd_id has unconnected port lcd_rgb[22]
WARNING: [Synth 8-3331] design rd_id has unconnected port lcd_rgb[21]
WARNING: [Synth 8-3331] design rd_id has unconnected port lcd_rgb[20]
WARNING: [Synth 8-3331] design rd_id has unconnected port lcd_rgb[19]
WARNING: [Synth 8-3331] design rd_id has unconnected port lcd_rgb[18]
WARNING: [Synth 8-3331] design rd_id has unconnected port lcd_rgb[17]
WARNING: [Synth 8-3331] design rd_id has unconnected port lcd_rgb[16]
WARNING: [Synth 8-3331] design rd_id has unconnected port lcd_rgb[14]
WARNING: [Synth 8-3331] design rd_id has unconnected port lcd_rgb[13]
WARNING: [Synth 8-3331] design rd_id has unconnected port lcd_rgb[12]
WARNING: [Synth 8-3331] design rd_id has unconnected port lcd_rgb[11]
WARNING: [Synth 8-3331] design rd_id has unconnected port lcd_rgb[10]
WARNING: [Synth 8-3331] design rd_id has unconnected port lcd_rgb[9]
WARNING: [Synth 8-3331] design rd_id has unconnected port lcd_rgb[8]
WARNING: [Synth 8-3331] design rd_id has unconnected port lcd_rgb[6]
WARNING: [Synth 8-3331] design rd_id has unconnected port lcd_rgb[5]
WARNING: [Synth 8-3331] design rd_id has unconnected port lcd_rgb[4]
WARNING: [Synth 8-3331] design rd_id has unconnected port lcd_rgb[3]
WARNING: [Synth 8-3331] design rd_id has unconnected port lcd_rgb[2]
WARNING: [Synth 8-3331] design rd_id has unconnected port lcd_rgb[1]
WARNING: [Synth 8-3331] design rd_id has unconnected port lcd_rgb[0]
WARNING: [Synth 8-3331] design ddr3_fifo_ctrl_top has unconnected port h_disp[0]
WARNING: [Synth 8-3331] design ddr3_rw has unconnected port wr_clk_2
WARNING: [Synth 8-3331] design ddr3_rw has unconnected port wr_clk_1
WARNING: [Synth 8-3331] design ddr3_rw has unconnected port app_addr_rd_max[27]
WARNING: [Synth 8-3331] design ddr3_rw has unconnected port app_addr_rd_max[26]
WARNING: [Synth 8-3331] design ddr3_rw has unconnected port app_addr_rd_max[25]
WARNING: [Synth 8-3331] design ddr3_rw has unconnected port app_addr_rd_max[24]
WARNING: [Synth 8-3331] design ddr3_rw has unconnected port app_addr_rd_max[23]
WARNING: [Synth 8-3331] design ddr3_rw has unconnected port app_addr_rd_max[22]
WARNING: [Synth 8-3331] design ddr3_rw has unconnected port app_addr_rd_max[21]
WARNING: [Synth 8-3331] design ddr3_rw has unconnected port app_addr_rd_max[20]
WARNING: [Synth 8-3331] design ddr3_rw has unconnected port app_addr_rd_max[19]
WARNING: [Synth 8-3331] design ddr3_rw has unconnected port app_addr_rd_max[18]
WARNING: [Synth 8-3331] design ddr3_rw has unconnected port app_addr_rd_max[17]
WARNING: [Synth 8-3331] design ddr3_rw has unconnected port app_addr_rd_max[16]
WARNING: [Synth 8-3331] design ddr3_rw has unconnected port app_addr_rd_max[15]
WARNING: [Synth 8-3331] design ddr3_rw has unconnected port app_addr_rd_max[14]
WARNING: [Synth 8-3331] design ddr3_rw has unconnected port app_addr_rd_max[13]
WARNING: [Synth 8-3331] design ddr3_rw has unconnected port app_addr_rd_max[12]
WARNING: [Synth 8-3331] design ddr3_rw has unconnected port app_addr_rd_max[11]
WARNING: [Synth 8-3331] design ddr3_rw has unconnected port app_addr_rd_max[10]
WARNING: [Synth 8-3331] design ddr3_rw has unconnected port app_addr_rd_max[9]
WARNING: [Synth 8-3331] design ddr3_rw has unconnected port app_addr_rd_max[8]
WARNING: [Synth 8-3331] design ddr3_rw has unconnected port app_addr_rd_max[7]
WARNING: [Synth 8-3331] design ddr3_rw has unconnected port app_addr_rd_max[6]
WARNING: [Synth 8-3331] design ddr3_rw has unconnected port app_addr_rd_max[5]
WARNING: [Synth 8-3331] design ddr3_rw has unconnected port app_addr_rd_max[4]
WARNING: [Synth 8-3331] design ddr3_rw has unconnected port app_addr_rd_max[3]
WARNING: [Synth 8-3331] design ddr3_rw has unconnected port app_addr_rd_max[2]
WARNING: [Synth 8-3331] design ddr3_rw has unconnected port app_addr_rd_max[1]
WARNING: [Synth 8-3331] design ddr3_rw has unconnected port app_addr_rd_max[0]
WARNING: [Synth 8-3331] design ddr3_rw has unconnected port app_addr_wr_max[27]
WARNING: [Synth 8-3331] design ddr3_rw has unconnected port app_addr_wr_max[26]
WARNING: [Synth 8-3331] design ddr3_rw has unconnected port app_addr_wr_max[25]
WARNING: [Synth 8-3331] design ddr3_rw has unconnected port app_addr_wr_max[24]
WARNING: [Synth 8-3331] design ddr3_rw has unconnected port app_addr_wr_max[23]
WARNING: [Synth 8-3331] design ddr3_rw has unconnected port app_addr_wr_max[22]
WARNING: [Synth 8-3331] design ddr3_rw has unconnected port app_addr_wr_max[21]
WARNING: [Synth 8-3331] design ddr3_rw has unconnected port app_addr_wr_max[20]
WARNING: [Synth 8-3331] design ddr3_rw has unconnected port app_addr_wr_max[19]
WARNING: [Synth 8-3331] design ddr3_rw has unconnected port app_addr_wr_max[18]
WARNING: [Synth 8-3331] design ddr3_rw has unconnected port app_addr_wr_max[17]
WARNING: [Synth 8-3331] design ddr3_rw has unconnected port app_addr_wr_max[16]
WARNING: [Synth 8-3331] design ddr3_rw has unconnected port app_addr_wr_max[15]
WARNING: [Synth 8-3331] design ddr3_rw has unconnected port app_addr_wr_max[14]
WARNING: [Synth 8-3331] design ddr3_rw has unconnected port app_addr_wr_max[13]
WARNING: [Synth 8-3331] design ddr3_rw has unconnected port app_addr_wr_max[12]
WARNING: [Synth 8-3331] design ddr3_rw has unconnected port app_addr_wr_max[11]
WARNING: [Synth 8-3331] design ddr3_rw has unconnected port app_addr_wr_max[10]
WARNING: [Synth 8-3331] design ddr3_rw has unconnected port app_addr_wr_max[9]
WARNING: [Synth 8-3331] design ddr3_rw has unconnected port app_addr_wr_max[8]
WARNING: [Synth 8-3331] design ddr3_rw has unconnected port app_addr_wr_max[7]
WARNING: [Synth 8-3331] design ddr3_rw has unconnected port app_addr_wr_max[6]
WARNING: [Synth 8-3331] design ddr3_rw has unconnected port app_addr_wr_max[5]
WARNING: [Synth 8-3331] design ddr3_rw has unconnected port app_addr_wr_max[4]
WARNING: [Synth 8-3331] design ddr3_rw has unconnected port app_addr_wr_max[3]
WARNING: [Synth 8-3331] design ddr3_rw has unconnected port app_addr_wr_max[2]
WARNING: [Synth 8-3331] design ddr3_rw has unconnected port app_addr_wr_max[1]
WARNING: [Synth 8-3331] design ddr3_rw has unconnected port app_addr_wr_max[0]
WARNING: [Synth 8-3331] design ddr3_rw has unconnected port ddr3_read_valid
WARNING: [Synth 8-3331] design ddr3_rw has unconnected port ddr3_pingpang_en
WARNING: [Synth 8-3331] design i2c_ov5640_rgb565_cfg has unconnected port i2c_data_r[7]
WARNING: [Synth 8-3331] design i2c_ov5640_rgb565_cfg has unconnected port i2c_data_r[6]
WARNING: [Synth 8-3331] design i2c_ov5640_rgb565_cfg has unconnected port i2c_data_r[5]
WARNING: [Synth 8-3331] design i2c_ov5640_rgb565_cfg has unconnected port i2c_data_r[4]
WARNING: [Synth 8-3331] design i2c_ov5640_rgb565_cfg has unconnected port i2c_data_r[3]
WARNING: [Synth 8-3331] design i2c_ov5640_rgb565_cfg has unconnected port i2c_data_r[2]
WARNING: [Synth 8-3331] design i2c_ov5640_rgb565_cfg has unconnected port i2c_data_r[1]
WARNING: [Synth 8-3331] design i2c_ov5640_rgb565_cfg has unconnected port i2c_data_r[0]
WARNING: [Synth 8-3331] design i2c_ov5640_rgb565_cfg has unconnected port cmos_h_pixel[12]
WARNING: [Synth 8-3331] design i2c_ov5640_rgb565_cfg has unconnected port cmos_v_pixel[12]
WARNING: [Synth 8-3331] design i2c_ov5640_rgb565_cfg has unconnected port cmos_v_pixel[11]
---------------------------------------------------------------------------------
Finished RTL Elaboration : Time (s): cpu = 00:00:01 ; elapsed = 00:00:02 . Memory (MB): peak = 569.684 ; gain = 166.715
---------------------------------------------------------------------------------

Report Check Netlist: 
+------+------------------+-------+---------+-------+------------------+
|      |Item              |Errors |Warnings |Status |Description       |
+------+------------------+-------+---------+-------+------------------+
|1     |multi_driven_nets |      0|        0|Passed |Multi driven nets |
+------+------------------+-------+---------+-------+------------------+
---------------------------------------------------------------------------------
Start Handling Custom Attributes
---------------------------------------------------------------------------------
---------------------------------------------------------------------------------
Finished Handling Custom Attributes : Time (s): cpu = 00:00:01 ; elapsed = 00:00:02 . Memory (MB): peak = 569.684 ; gain = 166.715
---------------------------------------------------------------------------------
---------------------------------------------------------------------------------
Finished RTL Optimization Phase 1 : Time (s): cpu = 00:00:01 ; elapsed = 00:00:02 . Memory (MB): peak = 569.684 ; gain = 166.715
---------------------------------------------------------------------------------
INFO: [Device 21-403] Loading part xc7a100tfgg484-2
INFO: [Project 1-570] Preparing netlist for logic optimization

Processing XDC Constraints
Initializing timing engine
Parsing XDC File [e:/FPGA/project/smart_car_pld2026/my_car/prj/prj.srcs/sources_1/ip/rd_fifo/rd_fifo/wr_fifo_in_context.xdc] for cell 'u_ddr3_top/u_ddr3_fifo_ctrl_top/u_ddr3_fifo_ctrl_1/u_rd_fifo'
Finished Parsing XDC File [e:/FPGA/project/smart_car_pld2026/my_car/prj/prj.srcs/sources_1/ip/rd_fifo/rd_fifo/wr_fifo_in_context.xdc] for cell 'u_ddr3_top/u_ddr3_fifo_ctrl_top/u_ddr3_fifo_ctrl_1/u_rd_fifo'
Parsing XDC File [e:/FPGA/project/smart_car_pld2026/my_car/prj/prj.srcs/sources_1/ip/rd_fifo/rd_fifo/wr_fifo_in_context.xdc] for cell 'u_ddr3_top/u_ddr3_fifo_ctrl_top/u_ddr3_fifo_ctrl_2/u_rd_fifo'
Finished Parsing XDC File [e:/FPGA/project/smart_car_pld2026/my_car/prj/prj.srcs/sources_1/ip/rd_fifo/rd_fifo/wr_fifo_in_context.xdc] for cell 'u_ddr3_top/u_ddr3_fifo_ctrl_top/u_ddr3_fifo_ctrl_2/u_rd_fifo'
Parsing XDC File [e:/FPGA/project/smart_car_pld2026/my_car/prj/prj.srcs/sources_1/ip/clk_wiz_0/clk_wiz_0/clk_wiz_0_in_context.xdc] for cell 'u_clk_wiz_0'
Finished Parsing XDC File [e:/FPGA/project/smart_car_pld2026/my_car/prj/prj.srcs/sources_1/ip/clk_wiz_0/clk_wiz_0/clk_wiz_0_in_context.xdc] for cell 'u_clk_wiz_0'
Parsing XDC File [e:/FPGA/project/smart_car_pld2026/my_car/prj/prj.srcs/sources_1/ip/mig_7series_0/mig_7series_0/mig_7series_0_in_context.xdc] for cell 'u_ddr3_top/u_mig_7series_0'
Finished Parsing XDC File [e:/FPGA/project/smart_car_pld2026/my_car/prj/prj.srcs/sources_1/ip/mig_7series_0/mig_7series_0/mig_7series_0_in_context.xdc] for cell 'u_ddr3_top/u_mig_7series_0'
Parsing XDC File [e:/FPGA/project/smart_car_pld2026/my_car/prj/prj.srcs/sources_1/ip/wr_fifo/wr_fifo/wr_fifo_in_context.xdc] for cell 'u_ddr3_top/u_ddr3_fifo_ctrl_top/u_ddr3_fifo_ctrl_1/u_wr_fifo'
Finished Parsing XDC File [e:/FPGA/project/smart_car_pld2026/my_car/prj/prj.srcs/sources_1/ip/wr_fifo/wr_fifo/wr_fifo_in_context.xdc] for cell 'u_ddr3_top/u_ddr3_fifo_ctrl_top/u_ddr3_fifo_ctrl_1/u_wr_fifo'
Parsing XDC File [e:/FPGA/project/smart_car_pld2026/my_car/prj/prj.srcs/sources_1/ip/wr_fifo/wr_fifo/wr_fifo_in_context.xdc] for cell 'u_ddr3_top/u_ddr3_fifo_ctrl_top/u_ddr3_fifo_ctrl_2/u_wr_fifo'
Finished Parsing XDC File [e:/FPGA/project/smart_car_pld2026/my_car/prj/prj.srcs/sources_1/ip/wr_fifo/wr_fifo/wr_fifo_in_context.xdc] for cell 'u_ddr3_top/u_ddr3_fifo_ctrl_top/u_ddr3_fifo_ctrl_2/u_wr_fifo'
Parsing XDC File [E:/FPGA/project/smart_car_pld2026/my_car/prj/constrs_1/new/pin.xdc]
WARNING: [Constraints 18-619] A clock with name 'sys_clk' already exists, overwriting the previous clock with the same name. [E:/FPGA/project/smart_car_pld2026/my_car/prj/constrs_1/new/pin.xdc:2]
WARNING: [Vivado 12-507] No nets matched 'cam_pclk_1_IBUF'. [E:/FPGA/project/smart_car_pld2026/my_car/prj/constrs_1/new/pin.xdc:53]
WARNING: [Constraints 18-619] A clock with name 'cmos_pclk' already exists, overwriting the previous clock with the same name. [E:/FPGA/project/smart_car_pld2026/my_car/prj/constrs_1/new/pin.xdc:73]
WARNING: [Vivado 12-507] No nets matched 'cam_pclk_2_IBUF'. [E:/FPGA/project/smart_car_pld2026/my_car/prj/constrs_1/new/pin.xdc:74]
Finished Parsing XDC File [E:/FPGA/project/smart_car_pld2026/my_car/prj/constrs_1/new/pin.xdc]
WARNING: [Project 1-498] One or more constraints failed evaluation while reading constraint file [E:/FPGA/project/smart_car_pld2026/my_car/prj/constrs_1/new/pin.xdc] and the design contains unresolved black boxes. These constraints will be read post-synthesis (as long as their source constraint file is marked as used_in_implementation) and should be applied correctly then. You should review the constraints listed in the file [.Xil/top_dual_ov5640_lcd_propImpl.xdc] and check the run log file to verify that these constraints were correctly applied.
INFO: [Project 1-236] Implementation specific constraints were found while reading constraint file [E:/FPGA/project/smart_car_pld2026/my_car/prj/constrs_1/new/pin.xdc]. These constraints will be ignored for synthesis but will be used in implementation. Impacted constraints are listed in the file [.Xil/top_dual_ov5640_lcd_propImpl.xdc].
Resolution: To avoid this warning, move constraints listed in [.Xil/top_dual_ov5640_lcd_propImpl.xdc] to another XDC file and exclude this new file from synthesis with the used_in_synthesis property (File Properties dialog in GUI) and re-run elaboration/synthesis.
Parsing XDC File [E:/FPGA/project/smart_car_pld2026/my_car/prj/prj.runs/synth_1/dont_touch.xdc]
Finished Parsing XDC File [E:/FPGA/project/smart_car_pld2026/my_car/prj/prj.runs/synth_1/dont_touch.xdc]
Netlist sorting complete. Time (s): cpu = 00:00:00 ; elapsed = 00:00:00.002 . Memory (MB): peak = 949.891 ; gain = 0.000
Completed Processing XDC Constraints

Netlist sorting complete. Time (s): cpu = 00:00:00 ; elapsed = 00:00:00.001 . Memory (MB): peak = 949.891 ; gain = 0.000
INFO: [Project 1-111] Unisim Transformation Summary:
No Unisim elements were transformed.

Netlist sorting complete. Time (s): cpu = 00:00:00 ; elapsed = 00:00:00.001 . Memory (MB): peak = 949.891 ; gain = 0.000
Constraint Validation Runtime : Time (s): cpu = 00:00:00 ; elapsed = 00:00:00.013 . Memory (MB): peak = 949.891 ; gain = 0.000
---------------------------------------------------------------------------------
Finished Constraint Validation : Time (s): cpu = 00:00:06 ; elapsed = 00:00:09 . Memory (MB): peak = 949.891 ; gain = 546.922
---------------------------------------------------------------------------------
---------------------------------------------------------------------------------
Start Loading Part and Timing Information
---------------------------------------------------------------------------------
Loading part: xc7a100tfgg484-2
---------------------------------------------------------------------------------
Finished Loading Part and Timing Information : Time (s): cpu = 00:00:06 ; elapsed = 00:00:09 . Memory (MB): peak = 949.891 ; gain = 546.922
---------------------------------------------------------------------------------
---------------------------------------------------------------------------------
Start Applying 'set_property' XDC Constraints
---------------------------------------------------------------------------------
Applied set_property IO_BUFFER_TYPE = NONE for sys_clk. (constraint file  e:/FPGA/project/smart_car_pld2026/my_car/prj/prj.srcs/sources_1/ip/clk_wiz_0/clk_wiz_0/clk_wiz_0_in_context.xdc, line 4).
Applied set_property CLOCK_BUFFER_TYPE = NONE for sys_clk. (constraint file  e:/FPGA/project/smart_car_pld2026/my_car/prj/prj.srcs/sources_1/ip/clk_wiz_0/clk_wiz_0/clk_wiz_0_in_context.xdc, line 5).
Applied set_property IO_BUFFER_TYPE = NONE for ddr3_addr[0]. (constraint file  e:/FPGA/project/smart_car_pld2026/my_car/prj/prj.srcs/sources_1/ip/mig_7series_0/mig_7series_0/mig_7series_0_in_context.xdc, line 2).
Applied set_property CLOCK_BUFFER_TYPE = NONE for ddr3_addr[0]. (constraint file  e:/FPGA/project/smart_car_pld2026/my_car/prj/prj.srcs/sources_1/ip/mig_7series_0/mig_7series_0/mig_7series_0_in_context.xdc, line 3).
Applied set_property IO_BUFFER_TYPE = NONE for ddr3_addr[10]. (constraint file  e:/FPGA/project/smart_car_pld2026/my_car/prj/prj.srcs/sources_1/ip/mig_7series_0/mig_7series_0/mig_7series_0_in_context.xdc, line 4).
Applied set_property CLOCK_BUFFER_TYPE = NONE for ddr3_addr[10]. (constraint file  e:/FPGA/project/smart_car_pld2026/my_car/prj/prj.srcs/sources_1/ip/mig_7series_0/mig_7series_0/mig_7series_0_in_context.xdc, line 5).
Applied set_property IO_BUFFER_TYPE = NONE for ddr3_addr[11]. (constraint file  e:/FPGA/project/smart_car_pld2026/my_car/prj/prj.srcs/sources_1/ip/mig_7series_0/mig_7series_0/mig_7series_0_in_context.xdc, line 6).
Applied set_property CLOCK_BUFFER_TYPE = NONE for ddr3_addr[11]. (constraint file  e:/FPGA/project/smart_car_pld2026/my_car/prj/prj.srcs/sources_1/ip/mig_7series_0/mig_7series_0/mig_7series_0_in_context.xdc, line 7).
Applied set_property IO_BUFFER_TYPE = NONE for ddr3_addr[12]. (constraint file  e:/FPGA/project/smart_car_pld2026/my_car/prj/prj.srcs/sources_1/ip/mig_7series_0/mig_7series_0/mig_7series_0_in_context.xdc, line 8).
Applied set_property CLOCK_BUFFER_TYPE = NONE for ddr3_addr[12]. (constraint file  e:/FPGA/project/smart_car_pld2026/my_car/prj/prj.srcs/sources_1/ip/mig_7series_0/mig_7series_0/mig_7series_0_in_context.xdc, line 9).
Applied set_property IO_BUFFER_TYPE = NONE for ddr3_addr[13]. (constraint file  e:/FPGA/project/smart_car_pld2026/my_car/prj/prj.srcs/sources_1/ip/mig_7series_0/mig_7series_0/mig_7series_0_in_context.xdc, line 10).
Applied set_property CLOCK_BUFFER_TYPE = NONE for ddr3_addr[13]. (constraint file  e:/FPGA/project/smart_car_pld2026/my_car/prj/prj.srcs/sources_1/ip/mig_7series_0/mig_7series_0/mig_7series_0_in_context.xdc, line 11).
Applied set_property IO_BUFFER_TYPE = NONE for ddr3_addr[1]. (constraint file  e:/FPGA/project/smart_car_pld2026/my_car/prj/prj.srcs/sources_1/ip/mig_7series_0/mig_7series_0/mig_7series_0_in_context.xdc, line 12).
Applied set_property CLOCK_BUFFER_TYPE = NONE for ddr3_addr[1]. (constraint file  e:/FPGA/project/smart_car_pld2026/my_car/prj/prj.srcs/sources_1/ip/mig_7series_0/mig_7series_0/mig_7series_0_in_context.xdc, line 13).
Applied set_property IO_BUFFER_TYPE = NONE for ddr3_addr[2]. (constraint file  e:/FPGA/project/smart_car_pld2026/my_car/prj/prj.srcs/sources_1/ip/mig_7series_0/mig_7series_0/mig_7series_0_in_context.xdc, line 14).
Applied set_property CLOCK_BUFFER_TYPE = NONE for ddr3_addr[2]. (constraint file  e:/FPGA/project/smart_car_pld2026/my_car/prj/prj.srcs/sources_1/ip/mig_7series_0/mig_7series_0/mig_7series_0_in_context.xdc, line 15).
Applied set_property IO_BUFFER_TYPE = NONE for ddr3_addr[3]. (constraint file  e:/FPGA/project/smart_car_pld2026/my_car/prj/prj.srcs/sources_1/ip/mig_7series_0/mig_7series_0/mig_7series_0_in_context.xdc, line 16).
Applied set_property CLOCK_BUFFER_TYPE = NONE for ddr3_addr[3]. (constraint file  e:/FPGA/project/smart_car_pld2026/my_car/prj/prj.srcs/sources_1/ip/mig_7series_0/mig_7series_0/mig_7series_0_in_context.xdc, line 17).
Applied set_property IO_BUFFER_TYPE = NONE for ddr3_addr[4]. (constraint file  e:/FPGA/project/smart_car_pld2026/my_car/prj/prj.srcs/sources_1/ip/mig_7series_0/mig_7series_0/mig_7series_0_in_context.xdc, line 18).
Applied set_property CLOCK_BUFFER_TYPE = NONE for ddr3_addr[4]. (constraint file  e:/FPGA/project/smart_car_pld2026/my_car/prj/prj.srcs/sources_1/ip/mig_7series_0/mig_7series_0/mig_7series_0_in_context.xdc, line 19).
Applied set_property IO_BUFFER_TYPE = NONE for ddr3_addr[5]. (constraint file  e:/FPGA/project/smart_car_pld2026/my_car/prj/prj.srcs/sources_1/ip/mig_7series_0/mig_7series_0/mig_7series_0_in_context.xdc, line 20).
Applied set_property CLOCK_BUFFER_TYPE = NONE for ddr3_addr[5]. (constraint file  e:/FPGA/project/smart_car_pld2026/my_car/prj/prj.srcs/sources_1/ip/mig_7series_0/mig_7series_0/mig_7series_0_in_context.xdc, line 21).
Applied set_property IO_BUFFER_TYPE = NONE for ddr3_addr[6]. (constraint file  e:/FPGA/project/smart_car_pld2026/my_car/prj/prj.srcs/sources_1/ip/mig_7series_0/mig_7series_0/mig_7series_0_in_context.xdc, line 22).
Applied set_property CLOCK_BUFFER_TYPE = NONE for ddr3_addr[6]. (constraint file  e:/FPGA/project/smart_car_pld2026/my_car/prj/prj.srcs/sources_1/ip/mig_7series_0/mig_7series_0/mig_7series_0_in_context.xdc, line 23).
Applied set_property IO_BUFFER_TYPE = NONE for ddr3_addr[7]. (constraint file  e:/FPGA/project/smart_car_pld2026/my_car/prj/prj.srcs/sources_1/ip/mig_7series_0/mig_7series_0/mig_7series_0_in_context.xdc, line 24).
Applied set_property CLOCK_BUFFER_TYPE = NONE for ddr3_addr[7]. (constraint file  e:/FPGA/project/smart_car_pld2026/my_car/prj/prj.srcs/sources_1/ip/mig_7series_0/mig_7series_0/mig_7series_0_in_context.xdc, line 25).
Applied set_property IO_BUFFER_TYPE = NONE for ddr3_addr[8]. (constraint file  e:/FPGA/project/smart_car_pld2026/my_car/prj/prj.srcs/sources_1/ip/mig_7series_0/mig_7series_0/mig_7series_0_in_context.xdc, line 26).
Applied set_property CLOCK_BUFFER_TYPE = NONE for ddr3_addr[8]. (constraint file  e:/FPGA/project/smart_car_pld2026/my_car/prj/prj.srcs/sources_1/ip/mig_7series_0/mig_7series_0/mig_7series_0_in_context.xdc, line 27).
Applied set_property IO_BUFFER_TYPE = NONE for ddr3_addr[9]. (constraint file  e:/FPGA/project/smart_car_pld2026/my_car/prj/prj.srcs/sources_1/ip/mig_7series_0/mig_7series_0/mig_7series_0_in_context.xdc, line 28).
Applied set_property CLOCK_BUFFER_TYPE = NONE for ddr3_addr[9]. (constraint file  e:/FPGA/project/smart_car_pld2026/my_car/prj/prj.srcs/sources_1/ip/mig_7series_0/mig_7series_0/mig_7series_0_in_context.xdc, line 29).
Applied set_property IO_BUFFER_TYPE = NONE for ddr3_ba[0]. (constraint file  e:/FPGA/project/smart_car_pld2026/my_car/prj/prj.srcs/sources_1/ip/mig_7series_0/mig_7series_0/mig_7series_0_in_context.xdc, line 30).
Applied set_property CLOCK_BUFFER_TYPE = NONE for ddr3_ba[0]. (constraint file  e:/FPGA/project/smart_car_pld2026/my_car/prj/prj.srcs/sources_1/ip/mig_7series_0/mig_7series_0/mig_7series_0_in_context.xdc, line 31).
Applied set_property IO_BUFFER_TYPE = NONE for ddr3_ba[1]. (constraint file  e:/FPGA/project/smart_car_pld2026/my_car/prj/prj.srcs/sources_1/ip/mig_7series_0/mig_7series_0/mig_7series_0_in_context.xdc, line 32).
Applied set_property CLOCK_BUFFER_TYPE = NONE for ddr3_ba[1]. (constraint file  e:/FPGA/project/smart_car_pld2026/my_car/prj/prj.srcs/sources_1/ip/mig_7series_0/mig_7series_0/mig_7series_0_in_context.xdc, line 33).
Applied set_property IO_BUFFER_TYPE = NONE for ddr3_ba[2]. (constraint file  e:/FPGA/project/smart_car_pld2026/my_car/prj/prj.srcs/sources_1/ip/mig_7series_0/mig_7series_0/mig_7series_0_in_context.xdc, line 34).
Applied set_property CLOCK_BUFFER_TYPE = NONE for ddr3_ba[2]. (constraint file  e:/FPGA/project/smart_car_pld2026/my_car/prj/prj.srcs/sources_1/ip/mig_7series_0/mig_7series_0/mig_7series_0_in_context.xdc, line 35).
Applied set_property IO_BUFFER_TYPE = NONE for ddr3_cas_n. (constraint file  e:/FPGA/project/smart_car_pld2026/my_car/prj/prj.srcs/sources_1/ip/mig_7series_0/mig_7series_0/mig_7series_0_in_context.xdc, line 36).
Applied set_property CLOCK_BUFFER_TYPE = NONE for ddr3_cas_n. (constraint file  e:/FPGA/project/smart_car_pld2026/my_car/prj/prj.srcs/sources_1/ip/mig_7series_0/mig_7series_0/mig_7series_0_in_context.xdc, line 37).
Applied set_property IO_BUFFER_TYPE = NONE for ddr3_ck_n[0]. (constraint file  e:/FPGA/project/smart_car_pld2026/my_car/prj/prj.srcs/sources_1/ip/mig_7series_0/mig_7series_0/mig_7series_0_in_context.xdc, line 38).
Applied set_property CLOCK_BUFFER_TYPE = NONE for ddr3_ck_n[0]. (constraint file  e:/FPGA/project/smart_car_pld2026/my_car/prj/prj.srcs/sources_1/ip/mig_7series_0/mig_7series_0/mig_7series_0_in_context.xdc, line 39).
Applied set_property IO_BUFFER_TYPE = NONE for ddr3_ck_p[0]. (constraint file  e:/FPGA/project/smart_car_pld2026/my_car/prj/prj.srcs/sources_1/ip/mig_7series_0/mig_7series_0/mig_7series_0_in_context.xdc, line 40).
Applied set_property CLOCK_BUFFER_TYPE = NONE for ddr3_ck_p[0]. (constraint file  e:/FPGA/project/smart_car_pld2026/my_car/prj/prj.srcs/sources_1/ip/mig_7series_0/mig_7series_0/mig_7series_0_in_context.xdc, line 41).
Applied set_property IO_BUFFER_TYPE = NONE for ddr3_cke[0]. (constraint file  e:/FPGA/project/smart_car_pld2026/my_car/prj/prj.srcs/sources_1/ip/mig_7series_0/mig_7series_0/mig_7series_0_in_context.xdc, line 42).
Applied set_property CLOCK_BUFFER_TYPE = NONE for ddr3_cke[0]. (constraint file  e:/FPGA/project/smart_car_pld2026/my_car/prj/prj.srcs/sources_1/ip/mig_7series_0/mig_7series_0/mig_7series_0_in_context.xdc, line 43).
Applied set_property IO_BUFFER_TYPE = NONE for ddr3_cs_n[0]. (constraint file  e:/FPGA/project/smart_car_pld2026/my_car/prj/prj.srcs/sources_1/ip/mig_7series_0/mig_7series_0/mig_7series_0_in_context.xdc, line 44).
Applied set_property CLOCK_BUFFER_TYPE = NONE for ddr3_cs_n[0]. (constraint file  e:/FPGA/project/smart_car_pld2026/my_car/prj/prj.srcs/sources_1/ip/mig_7series_0/mig_7series_0/mig_7series_0_in_context.xdc, line 45).
Applied set_property IO_BUFFER_TYPE = NONE for ddr3_dm[0]. (constraint file  e:/FPGA/project/smart_car_pld2026/my_car/prj/prj.srcs/sources_1/ip/mig_7series_0/mig_7series_0/mig_7series_0_in_context.xdc, line 46).
Applied set_property CLOCK_BUFFER_TYPE = NONE for ddr3_dm[0]. (constraint file  e:/FPGA/project/smart_car_pld2026/my_car/prj/prj.srcs/sources_1/ip/mig_7series_0/mig_7series_0/mig_7series_0_in_context.xdc, line 47).
Applied set_property IO_BUFFER_TYPE = NONE for ddr3_dm[1]. (constraint file  e:/FPGA/project/smart_car_pld2026/my_car/prj/prj.srcs/sources_1/ip/mig_7series_0/mig_7series_0/mig_7series_0_in_context.xdc, line 48).
Applied set_property CLOCK_BUFFER_TYPE = NONE for ddr3_dm[1]. (constraint file  e:/FPGA/project/smart_car_pld2026/my_car/prj/prj.srcs/sources_1/ip/mig_7series_0/mig_7series_0/mig_7series_0_in_context.xdc, line 49).
Applied set_property IO_BUFFER_TYPE = NONE for ddr3_dm[2]. (constraint file  e:/FPGA/project/smart_car_pld2026/my_car/prj/prj.srcs/sources_1/ip/mig_7series_0/mig_7series_0/mig_7series_0_in_context.xdc, line 50).
Applied set_property CLOCK_BUFFER_TYPE = NONE for ddr3_dm[2]. (constraint file  e:/FPGA/project/smart_car_pld2026/my_car/prj/prj.srcs/sources_1/ip/mig_7series_0/mig_7series_0/mig_7series_0_in_context.xdc, line 51).
Applied set_property IO_BUFFER_TYPE = NONE for ddr3_dm[3]. (constraint file  e:/FPGA/project/smart_car_pld2026/my_car/prj/prj.srcs/sources_1/ip/mig_7series_0/mig_7series_0/mig_7series_0_in_context.xdc, line 52).
Applied set_property CLOCK_BUFFER_TYPE = NONE for ddr3_dm[3]. (constraint file  e:/FPGA/project/smart_car_pld2026/my_car/prj/prj.srcs/sources_1/ip/mig_7series_0/mig_7series_0/mig_7series_0_in_context.xdc, line 53).
Applied set_property IO_BUFFER_TYPE = NONE for ddr3_dq[0]. (constraint file  e:/FPGA/project/smart_car_pld2026/my_car/prj/prj.srcs/sources_1/ip/mig_7series_0/mig_7series_0/mig_7series_0_in_context.xdc, line 54).
Applied set_property CLOCK_BUFFER_TYPE = NONE for ddr3_dq[0]. (constraint file  e:/FPGA/project/smart_car_pld2026/my_car/prj/prj.srcs/sources_1/ip/mig_7series_0/mig_7series_0/mig_7series_0_in_context.xdc, line 55).
Applied set_property IO_BUFFER_TYPE = NONE for ddr3_dq[10]. (constraint file  e:/FPGA/project/smart_car_pld2026/my_car/prj/prj.srcs/sources_1/ip/mig_7series_0/mig_7series_0/mig_7series_0_in_context.xdc, line 56).
Applied set_property CLOCK_BUFFER_TYPE = NONE for ddr3_dq[10]. (constraint file  e:/FPGA/project/smart_car_pld2026/my_car/prj/prj.srcs/sources_1/ip/mig_7series_0/mig_7series_0/mig_7series_0_in_context.xdc, line 57).
Applied set_property IO_BUFFER_TYPE = NONE for ddr3_dq[11]. (constraint file  e:/FPGA/project/smart_car_pld2026/my_car/prj/prj.srcs/sources_1/ip/mig_7series_0/mig_7series_0/mig_7series_0_in_context.xdc, line 58).
Applied set_property CLOCK_BUFFER_TYPE = NONE for ddr3_dq[11]. (constraint file  e:/FPGA/project/smart_car_pld2026/my_car/prj/prj.srcs/sources_1/ip/mig_7series_0/mig_7series_0/mig_7series_0_in_context.xdc, line 59).
Applied set_property IO_BUFFER_TYPE = NONE for ddr3_dq[12]. (constraint file  e:/FPGA/project/smart_car_pld2026/my_car/prj/prj.srcs/sources_1/ip/mig_7series_0/mig_7series_0/mig_7series_0_in_context.xdc, line 60).
Applied set_property CLOCK_BUFFER_TYPE = NONE for ddr3_dq[12]. (constraint file  e:/FPGA/project/smart_car_pld2026/my_car/prj/prj.srcs/sources_1/ip/mig_7series_0/mig_7series_0/mig_7series_0_in_context.xdc, line 61).
Applied set_property IO_BUFFER_TYPE = NONE for ddr3_dq[13]. (constraint file  e:/FPGA/project/smart_car_pld2026/my_car/prj/prj.srcs/sources_1/ip/mig_7series_0/mig_7series_0/mig_7series_0_in_context.xdc, line 62).
Applied set_property CLOCK_BUFFER_TYPE = NONE for ddr3_dq[13]. (constraint file  e:/FPGA/project/smart_car_pld2026/my_car/prj/prj.srcs/sources_1/ip/mig_7series_0/mig_7series_0/mig_7series_0_in_context.xdc, line 63).
Applied set_property IO_BUFFER_TYPE = NONE for ddr3_dq[14]. (constraint file  e:/FPGA/project/smart_car_pld2026/my_car/prj/prj.srcs/sources_1/ip/mig_7series_0/mig_7series_0/mig_7series_0_in_context.xdc, line 64).
Applied set_property CLOCK_BUFFER_TYPE = NONE for ddr3_dq[14]. (constraint file  e:/FPGA/project/smart_car_pld2026/my_car/prj/prj.srcs/sources_1/ip/mig_7series_0/mig_7series_0/mig_7series_0_in_context.xdc, line 65).
Applied set_property IO_BUFFER_TYPE = NONE for ddr3_dq[15]. (constraint file  e:/FPGA/project/smart_car_pld2026/my_car/prj/prj.srcs/sources_1/ip/mig_7series_0/mig_7series_0/mig_7series_0_in_context.xdc, line 66).
Applied set_property CLOCK_BUFFER_TYPE = NONE for ddr3_dq[15]. (constraint file  e:/FPGA/project/smart_car_pld2026/my_car/prj/prj.srcs/sources_1/ip/mig_7series_0/mig_7series_0/mig_7series_0_in_context.xdc, line 67).
Applied set_property IO_BUFFER_TYPE = NONE for ddr3_dq[16]. (constraint file  e:/FPGA/project/smart_car_pld2026/my_car/prj/prj.srcs/sources_1/ip/mig_7series_0/mig_7series_0/mig_7series_0_in_context.xdc, line 68).
Applied set_property CLOCK_BUFFER_TYPE = NONE for ddr3_dq[16]. (constraint file  e:/FPGA/project/smart_car_pld2026/my_car/prj/prj.srcs/sources_1/ip/mig_7series_0/mig_7series_0/mig_7series_0_in_context.xdc, line 69).
Applied set_property IO_BUFFER_TYPE = NONE for ddr3_dq[17]. (constraint file  e:/FPGA/project/smart_car_pld2026/my_car/prj/prj.srcs/sources_1/ip/mig_7series_0/mig_7series_0/mig_7series_0_in_context.xdc, line 70).
Applied set_property CLOCK_BUFFER_TYPE = NONE for ddr3_dq[17]. (constraint file  e:/FPGA/project/smart_car_pld2026/my_car/prj/prj.srcs/sources_1/ip/mig_7series_0/mig_7series_0/mig_7series_0_in_context.xdc, line 71).
Applied set_property IO_BUFFER_TYPE = NONE for ddr3_dq[18]. (constraint file  e:/FPGA/project/smart_car_pld2026/my_car/prj/prj.srcs/sources_1/ip/mig_7series_0/mig_7series_0/mig_7series_0_in_context.xdc, line 72).
Applied set_property CLOCK_BUFFER_TYPE = NONE for ddr3_dq[18]. (constraint file  e:/FPGA/project/smart_car_pld2026/my_car/prj/prj.srcs/sources_1/ip/mig_7series_0/mig_7series_0/mig_7series_0_in_context.xdc, line 73).
Applied set_property IO_BUFFER_TYPE = NONE for ddr3_dq[19]. (constraint file  e:/FPGA/project/smart_car_pld2026/my_car/prj/prj.srcs/sources_1/ip/mig_7series_0/mig_7series_0/mig_7series_0_in_context.xdc, line 74).
Applied set_property CLOCK_BUFFER_TYPE = NONE for ddr3_dq[19]. (constraint file  e:/FPGA/project/smart_car_pld2026/my_car/prj/prj.srcs/sources_1/ip/mig_7series_0/mig_7series_0/mig_7series_0_in_context.xdc, line 75).
Applied set_property IO_BUFFER_TYPE = NONE for ddr3_dq[1]. (constraint file  e:/FPGA/project/smart_car_pld2026/my_car/prj/prj.srcs/sources_1/ip/mig_7series_0/mig_7series_0/mig_7series_0_in_context.xdc, line 76).
Applied set_property CLOCK_BUFFER_TYPE = NONE for ddr3_dq[1]. (constraint file  e:/FPGA/project/smart_car_pld2026/my_car/prj/prj.srcs/sources_1/ip/mig_7series_0/mig_7series_0/mig_7series_0_in_context.xdc, line 77).
Applied set_property IO_BUFFER_TYPE = NONE for ddr3_dq[20]. (constraint file  e:/FPGA/project/smart_car_pld2026/my_car/prj/prj.srcs/sources_1/ip/mig_7series_0/mig_7series_0/mig_7series_0_in_context.xdc, line 78).
Applied set_property CLOCK_BUFFER_TYPE = NONE for ddr3_dq[20]. (constraint file  e:/FPGA/project/smart_car_pld2026/my_car/prj/prj.srcs/sources_1/ip/mig_7series_0/mig_7series_0/mig_7series_0_in_context.xdc, line 79).
Applied set_property IO_BUFFER_TYPE = NONE for ddr3_dq[21]. (constraint file  e:/FPGA/project/smart_car_pld2026/my_car/prj/prj.srcs/sources_1/ip/mig_7series_0/mig_7series_0/mig_7series_0_in_context.xdc, line 80).
Applied set_property CLOCK_BUFFER_TYPE = NONE for ddr3_dq[21]. (constraint file  e:/FPGA/project/smart_car_pld2026/my_car/prj/prj.srcs/sources_1/ip/mig_7series_0/mig_7series_0/mig_7series_0_in_context.xdc, line 81).
Applied set_property IO_BUFFER_TYPE = NONE for ddr3_dq[22]. (constraint file  e:/FPGA/project/smart_car_pld2026/my_car/prj/prj.srcs/sources_1/ip/mig_7series_0/mig_7series_0/mig_7series_0_in_context.xdc, line 82).
Applied set_property CLOCK_BUFFER_TYPE = NONE for ddr3_dq[22]. (constraint file  e:/FPGA/project/smart_car_pld2026/my_car/prj/prj.srcs/sources_1/ip/mig_7series_0/mig_7series_0/mig_7series_0_in_context.xdc, line 83).
Applied set_property IO_BUFFER_TYPE = NONE for ddr3_dq[23]. (constraint file  e:/FPGA/project/smart_car_pld2026/my_car/prj/prj.srcs/sources_1/ip/mig_7series_0/mig_7series_0/mig_7series_0_in_context.xdc, line 84).
Applied set_property CLOCK_BUFFER_TYPE = NONE for ddr3_dq[23]. (constraint file  e:/FPGA/project/smart_car_pld2026/my_car/prj/prj.srcs/sources_1/ip/mig_7series_0/mig_7series_0/mig_7series_0_in_context.xdc, line 85).
Applied set_property IO_BUFFER_TYPE = NONE for ddr3_dq[24]. (constraint file  e:/FPGA/project/smart_car_pld2026/my_car/prj/prj.srcs/sources_1/ip/mig_7series_0/mig_7series_0/mig_7series_0_in_context.xdc, line 86).
Applied set_property CLOCK_BUFFER_TYPE = NONE for ddr3_dq[24]. (constraint file  e:/FPGA/project/smart_car_pld2026/my_car/prj/prj.srcs/sources_1/ip/mig_7series_0/mig_7series_0/mig_7series_0_in_context.xdc, line 87).
Applied set_property IO_BUFFER_TYPE = NONE for ddr3_dq[25]. (constraint file  e:/FPGA/project/smart_car_pld2026/my_car/prj/prj.srcs/sources_1/ip/mig_7series_0/mig_7series_0/mig_7series_0_in_context.xdc, line 88).
Applied set_property CLOCK_BUFFER_TYPE = NONE for ddr3_dq[25]. (constraint file  e:/FPGA/project/smart_car_pld2026/my_car/prj/prj.srcs/sources_1/ip/mig_7series_0/mig_7series_0/mig_7series_0_in_context.xdc, line 89).
Applied set_property IO_BUFFER_TYPE = NONE for ddr3_dq[26]. (constraint file  e:/FPGA/project/smart_car_pld2026/my_car/prj/prj.srcs/sources_1/ip/mig_7series_0/mig_7series_0/mig_7series_0_in_context.xdc, line 90).
Applied set_property CLOCK_BUFFER_TYPE = NONE for ddr3_dq[26]. (constraint file  e:/FPGA/project/smart_car_pld2026/my_car/prj/prj.srcs/sources_1/ip/mig_7series_0/mig_7series_0/mig_7series_0_in_context.xdc, line 91).
Applied set_property IO_BUFFER_TYPE = NONE for ddr3_dq[27]. (constraint file  e:/FPGA/project/smart_car_pld2026/my_car/prj/prj.srcs/sources_1/ip/mig_7series_0/mig_7series_0/mig_7series_0_in_context.xdc, line 92).
Applied set_property CLOCK_BUFFER_TYPE = NONE for ddr3_dq[27]. (constraint file  e:/FPGA/project/smart_car_pld2026/my_car/prj/prj.srcs/sources_1/ip/mig_7series_0/mig_7series_0/mig_7series_0_in_context.xdc, line 93).
Applied set_property IO_BUFFER_TYPE = NONE for ddr3_dq[28]. (constraint file  e:/FPGA/project/smart_car_pld2026/my_car/prj/prj.srcs/sources_1/ip/mig_7series_0/mig_7series_0/mig_7series_0_in_context.xdc, line 94).
Applied set_property CLOCK_BUFFER_TYPE = NONE for ddr3_dq[28]. (constraint file  e:/FPGA/project/smart_car_pld2026/my_car/prj/prj.srcs/sources_1/ip/mig_7series_0/mig_7series_0/mig_7series_0_in_context.xdc, line 95).
Applied set_property IO_BUFFER_TYPE = NONE for ddr3_dq[29]. (constraint file  e:/FPGA/project/smart_car_pld2026/my_car/prj/prj.srcs/sources_1/ip/mig_7series_0/mig_7series_0/mig_7series_0_in_context.xdc, line 96).
Applied set_property CLOCK_BUFFER_TYPE = NONE for ddr3_dq[29]. (constraint file  e:/FPGA/project/smart_car_pld2026/my_car/prj/prj.srcs/sources_1/ip/mig_7series_0/mig_7series_0/mig_7series_0_in_context.xdc, line 97).
Applied set_property IO_BUFFER_TYPE = NONE for ddr3_dq[2]. (constraint file  e:/FPGA/project/smart_car_pld2026/my_car/prj/prj.srcs/sources_1/ip/mig_7series_0/mig_7series_0/mig_7series_0_in_context.xdc, line 98).
Applied set_property CLOCK_BUFFER_TYPE = NONE for ddr3_dq[2]. (constraint file  e:/FPGA/project/smart_car_pld2026/my_car/prj/prj.srcs/sources_1/ip/mig_7series_0/mig_7series_0/mig_7series_0_in_context.xdc, line 99).
Applied set_property IO_BUFFER_TYPE = NONE for ddr3_dq[30]. (constraint file  e:/FPGA/project/smart_car_pld2026/my_car/prj/prj.srcs/sources_1/ip/mig_7series_0/mig_7series_0/mig_7series_0_in_context.xdc, line 100).
Applied set_property CLOCK_BUFFER_TYPE = NONE for ddr3_dq[30]. (constraint file  e:/FPGA/project/smart_car_pld2026/my_car/prj/prj.srcs/sources_1/ip/mig_7series_0/mig_7series_0/mig_7series_0_in_context.xdc, line 101).
Applied set_property IO_BUFFER_TYPE = NONE for ddr3_dq[31]. (constraint file  e:/FPGA/project/smart_car_pld2026/my_car/prj/prj.srcs/sources_1/ip/mig_7series_0/mig_7series_0/mig_7series_0_in_context.xdc, line 102).
Applied set_property CLOCK_BUFFER_TYPE = NONE for ddr3_dq[31]. (constraint file  e:/FPGA/project/smart_car_pld2026/my_car/prj/prj.srcs/sources_1/ip/mig_7series_0/mig_7series_0/mig_7series_0_in_context.xdc, line 103).
Applied set_property IO_BUFFER_TYPE = NONE for ddr3_dq[3]. (constraint file  e:/FPGA/project/smart_car_pld2026/my_car/prj/prj.srcs/sources_1/ip/mig_7series_0/mig_7series_0/mig_7series_0_in_context.xdc, line 104).
Applied set_property CLOCK_BUFFER_TYPE = NONE for ddr3_dq[3]. (constraint file  e:/FPGA/project/smart_car_pld2026/my_car/prj/prj.srcs/sources_1/ip/mig_7series_0/mig_7series_0/mig_7series_0_in_context.xdc, line 105).
Applied set_property IO_BUFFER_TYPE = NONE for ddr3_dq[4]. (constraint file  e:/FPGA/project/smart_car_pld2026/my_car/prj/prj.srcs/sources_1/ip/mig_7series_0/mig_7series_0/mig_7series_0_in_context.xdc, line 106).
Applied set_property CLOCK_BUFFER_TYPE = NONE for ddr3_dq[4]. (constraint file  e:/FPGA/project/smart_car_pld2026/my_car/prj/prj.srcs/sources_1/ip/mig_7series_0/mig_7series_0/mig_7series_0_in_context.xdc, line 107).
Applied set_property IO_BUFFER_TYPE = NONE for ddr3_dq[5]. (constraint file  e:/FPGA/project/smart_car_pld2026/my_car/prj/prj.srcs/sources_1/ip/mig_7series_0/mig_7series_0/mig_7series_0_in_context.xdc, line 108).
Applied set_property CLOCK_BUFFER_TYPE = NONE for ddr3_dq[5]. (constraint file  e:/FPGA/project/smart_car_pld2026/my_car/prj/prj.srcs/sources_1/ip/mig_7series_0/mig_7series_0/mig_7series_0_in_context.xdc, line 109).
Applied set_property IO_BUFFER_TYPE = NONE for ddr3_dq[6]. (constraint file  e:/FPGA/project/smart_car_pld2026/my_car/prj/prj.srcs/sources_1/ip/mig_7series_0/mig_7series_0/mig_7series_0_in_context.xdc, line 110).
Applied set_property CLOCK_BUFFER_TYPE = NONE for ddr3_dq[6]. (constraint file  e:/FPGA/project/smart_car_pld2026/my_car/prj/prj.srcs/sources_1/ip/mig_7series_0/mig_7series_0/mig_7series_0_in_context.xdc, line 111).
Applied set_property IO_BUFFER_TYPE = NONE for ddr3_dq[7]. (constraint file  e:/FPGA/project/smart_car_pld2026/my_car/prj/prj.srcs/sources_1/ip/mig_7series_0/mig_7series_0/mig_7series_0_in_context.xdc, line 112).
Applied set_property CLOCK_BUFFER_TYPE = NONE for ddr3_dq[7]. (constraint file  e:/FPGA/project/smart_car_pld2026/my_car/prj/prj.srcs/sources_1/ip/mig_7series_0/mig_7series_0/mig_7series_0_in_context.xdc, line 113).
Applied set_property IO_BUFFER_TYPE = NONE for ddr3_dq[8]. (constraint file  e:/FPGA/project/smart_car_pld2026/my_car/prj/prj.srcs/sources_1/ip/mig_7series_0/mig_7series_0/mig_7series_0_in_context.xdc, line 114).
Applied set_property CLOCK_BUFFER_TYPE = NONE for ddr3_dq[8]. (constraint file  e:/FPGA/project/smart_car_pld2026/my_car/prj/prj.srcs/sources_1/ip/mig_7series_0/mig_7series_0/mig_7series_0_in_context.xdc, line 115).
Applied set_property IO_BUFFER_TYPE = NONE for ddr3_dq[9]. (constraint file  e:/FPGA/project/smart_car_pld2026/my_car/prj/prj.srcs/sources_1/ip/mig_7series_0/mig_7series_0/mig_7series_0_in_context.xdc, line 116).
Applied set_property CLOCK_BUFFER_TYPE = NONE for ddr3_dq[9]. (constraint file  e:/FPGA/project/smart_car_pld2026/my_car/prj/prj.srcs/sources_1/ip/mig_7series_0/mig_7series_0/mig_7series_0_in_context.xdc, line 117).
Applied set_property IO_BUFFER_TYPE = NONE for ddr3_dqs_n[0]. (constraint file  e:/FPGA/project/smart_car_pld2026/my_car/prj/prj.srcs/sources_1/ip/mig_7series_0/mig_7series_0/mig_7series_0_in_context.xdc, line 118).
Applied set_property CLOCK_BUFFER_TYPE = NONE for ddr3_dqs_n[0]. (constraint file  e:/FPGA/project/smart_car_pld2026/my_car/prj/prj.srcs/sources_1/ip/mig_7series_0/mig_7series_0/mig_7series_0_in_context.xdc, line 119).
Applied set_property IO_BUFFER_TYPE = NONE for ddr3_dqs_n[1]. (constraint file  e:/FPGA/project/smart_car_pld2026/my_car/prj/prj.srcs/sources_1/ip/mig_7series_0/mig_7series_0/mig_7series_0_in_context.xdc, line 120).
Applied set_property CLOCK_BUFFER_TYPE = NONE for ddr3_dqs_n[1]. (constraint file  e:/FPGA/project/smart_car_pld2026/my_car/prj/prj.srcs/sources_1/ip/mig_7series_0/mig_7series_0/mig_7series_0_in_context.xdc, line 121).
Applied set_property IO_BUFFER_TYPE = NONE for ddr3_dqs_n[2]. (constraint file  e:/FPGA/project/smart_car_pld2026/my_car/prj/prj.srcs/sources_1/ip/mig_7series_0/mig_7series_0/mig_7series_0_in_context.xdc, line 122).
Applied set_property CLOCK_BUFFER_TYPE = NONE for ddr3_dqs_n[2]. (constraint file  e:/FPGA/project/smart_car_pld2026/my_car/prj/prj.srcs/sources_1/ip/mig_7series_0/mig_7series_0/mig_7series_0_in_context.xdc, line 123).
Applied set_property IO_BUFFER_TYPE = NONE for ddr3_dqs_n[3]. (constraint file  e:/FPGA/project/smart_car_pld2026/my_car/prj/prj.srcs/sources_1/ip/mig_7series_0/mig_7series_0/mig_7series_0_in_context.xdc, line 124).
Applied set_property CLOCK_BUFFER_TYPE = NONE for ddr3_dqs_n[3]. (constraint file  e:/FPGA/project/smart_car_pld2026/my_car/prj/prj.srcs/sources_1/ip/mig_7series_0/mig_7series_0/mig_7series_0_in_context.xdc, line 125).
Applied set_property IO_BUFFER_TYPE = NONE for ddr3_dqs_p[0]. (constraint file  e:/FPGA/project/smart_car_pld2026/my_car/prj/prj.srcs/sources_1/ip/mig_7series_0/mig_7series_0/mig_7series_0_in_context.xdc, line 126).
Applied set_property CLOCK_BUFFER_TYPE = NONE for ddr3_dqs_p[0]. (constraint file  e:/FPGA/project/smart_car_pld2026/my_car/prj/prj.srcs/sources_1/ip/mig_7series_0/mig_7series_0/mig_7series_0_in_context.xdc, line 127).
Applied set_property IO_BUFFER_TYPE = NONE for ddr3_dqs_p[1]. (constraint file  e:/FPGA/project/smart_car_pld2026/my_car/prj/prj.srcs/sources_1/ip/mig_7series_0/mig_7series_0/mig_7series_0_in_context.xdc, line 128).
Applied set_property CLOCK_BUFFER_TYPE = NONE for ddr3_dqs_p[1]. (constraint file  e:/FPGA/project/smart_car_pld2026/my_car/prj/prj.srcs/sources_1/ip/mig_7series_0/mig_7series_0/mig_7series_0_in_context.xdc, line 129).
Applied set_property IO_BUFFER_TYPE = NONE for ddr3_dqs_p[2]. (constraint file  e:/FPGA/project/smart_car_pld2026/my_car/prj/prj.srcs/sources_1/ip/mig_7series_0/mig_7series_0/mig_7series_0_in_context.xdc, line 130).
Applied set_property CLOCK_BUFFER_TYPE = NONE for ddr3_dqs_p[2]. (constraint file  e:/FPGA/project/smart_car_pld2026/my_car/prj/prj.srcs/sources_1/ip/mig_7series_0/mig_7series_0/mig_7series_0_in_context.xdc, line 131).
Applied set_property IO_BUFFER_TYPE = NONE for ddr3_dqs_p[3]. (constraint file  e:/FPGA/project/smart_car_pld2026/my_car/prj/prj.srcs/sources_1/ip/mig_7series_0/mig_7series_0/mig_7series_0_in_context.xdc, line 132).
Applied set_property CLOCK_BUFFER_TYPE = NONE for ddr3_dqs_p[3]. (constraint file  e:/FPGA/project/smart_car_pld2026/my_car/prj/prj.srcs/sources_1/ip/mig_7series_0/mig_7series_0/mig_7series_0_in_context.xdc, line 133).
Applied set_property IO_BUFFER_TYPE = NONE for ddr3_odt[0]. (constraint file  e:/FPGA/project/smart_car_pld2026/my_car/prj/prj.srcs/sources_1/ip/mig_7series_0/mig_7series_0/mig_7series_0_in_context.xdc, line 134).
Applied set_property CLOCK_BUFFER_TYPE = NONE for ddr3_odt[0]. (constraint file  e:/FPGA/project/smart_car_pld2026/my_car/prj/prj.srcs/sources_1/ip/mig_7series_0/mig_7series_0/mig_7series_0_in_context.xdc, line 135).
Applied set_property IO_BUFFER_TYPE = NONE for ddr3_ras_n. (constraint file  e:/FPGA/project/smart_car_pld2026/my_car/prj/prj.srcs/sources_1/ip/mig_7series_0/mig_7series_0/mig_7series_0_in_context.xdc, line 136).
Applied set_property CLOCK_BUFFER_TYPE = NONE for ddr3_ras_n. (constraint file  e:/FPGA/project/smart_car_pld2026/my_car/prj/prj.srcs/sources_1/ip/mig_7series_0/mig_7series_0/mig_7series_0_in_context.xdc, line 137).
Applied set_property IO_BUFFER_TYPE = NONE for ddr3_reset_n. (constraint file  e:/FPGA/project/smart_car_pld2026/my_car/prj/prj.srcs/sources_1/ip/mig_7series_0/mig_7series_0/mig_7series_0_in_context.xdc, line 138).
Applied set_property CLOCK_BUFFER_TYPE = NONE for ddr3_reset_n. (constraint file  e:/FPGA/project/smart_car_pld2026/my_car/prj/prj.srcs/sources_1/ip/mig_7series_0/mig_7series_0/mig_7series_0_in_context.xdc, line 139).
Applied set_property IO_BUFFER_TYPE = NONE for ddr3_we_n. (constraint file  e:/FPGA/project/smart_car_pld2026/my_car/prj/prj.srcs/sources_1/ip/mig_7series_0/mig_7series_0/mig_7series_0_in_context.xdc, line 140).
Applied set_property CLOCK_BUFFER_TYPE = NONE for ddr3_we_n. (constraint file  e:/FPGA/project/smart_car_pld2026/my_car/prj/prj.srcs/sources_1/ip/mig_7series_0/mig_7series_0/mig_7series_0_in_context.xdc, line 141).
Applied set_property DONT_TOUCH = true for u_ddr3_top/u_ddr3_fifo_ctrl_top/u_ddr3_fifo_ctrl_1/u_rd_fifo. (constraint file  auto generated constraint, line ).
Applied set_property DONT_TOUCH = true for u_ddr3_top/u_ddr3_fifo_ctrl_top/u_ddr3_fifo_ctrl_2/u_rd_fifo. (constraint file  auto generated constraint, line ).
Applied set_property DONT_TOUCH = true for u_clk_wiz_0. (constraint file  auto generated constraint, line ).
Applied set_property DONT_TOUCH = true for u_ddr3_top/u_mig_7series_0. (constraint file  auto generated constraint, line ).
Applied set_property DONT_TOUCH = true for u_ddr3_top/u_ddr3_fifo_ctrl_top/u_ddr3_fifo_ctrl_1/u_wr_fifo. (constraint file  auto generated constraint, line ).
Applied set_property DONT_TOUCH = true for u_ddr3_top/u_ddr3_fifo_ctrl_top/u_ddr3_fifo_ctrl_2/u_wr_fifo. (constraint file  auto generated constraint, line ).
---------------------------------------------------------------------------------
Finished applying 'set_property' XDC Constraints : Time (s): cpu = 00:00:06 ; elapsed = 00:00:09 . Memory (MB): peak = 949.891 ; gain = 546.922
---------------------------------------------------------------------------------
INFO: [Synth 8-5546] ROM "total_h_pixel" won't be mapped to RAM because it is too sparse
INFO: [Synth 8-5546] ROM "total_v_pixel" won't be mapped to RAM because it is too sparse
INFO: [Synth 8-5546] ROM "y_addr_st" won't be mapped to RAM because it is too sparse
INFO: [Synth 8-5546] ROM "y_addr_end" won't be mapped to RAM because it is too sparse
INFO: [Synth 8-5546] ROM "cmos_h_pixel" won't be mapped to RAM because it is too sparse
INFO: [Synth 8-5546] ROM "cmos_v_pixel" won't be mapped to RAM because it is too sparse
INFO: [Synth 8-5546] ROM "ddr3_max_addr" won't be mapped to RAM because it is too sparse
INFO: [Synth 8-5546] ROM "i2c_rh_wl" won't be mapped to RAM because it is too sparse
INFO: [Synth 8-802] inferred FSM for state register 'cur_state_reg' in module 'i2c_dri'
INFO: [Synth 8-5546] ROM "dri_clk" won't be mapped to RAM because it is too sparse
INFO: [Synth 8-5546] ROM "scl" won't be mapped to RAM because it is too sparse
INFO: [Synth 8-5546] ROM "scl" won't be mapped to RAM because it is too sparse
INFO: [Synth 8-5587] ROM size for "scl" is below threshold of ROM address width. It will be mapped to LUTs
INFO: [Synth 8-5587] ROM size for "scl" is below threshold of ROM address width. It will be mapped to LUTs
INFO: [Synth 8-5546] ROM "sda_out" won't be mapped to RAM because it is too sparse
INFO: [Synth 8-5546] ROM "sda_out" won't be mapped to RAM because it is too sparse
INFO: [Synth 8-5587] ROM size for "sda_out" is below threshold of ROM address width. It will be mapped to LUTs
INFO: [Synth 8-5587] ROM size for "sda_out" is below threshold of ROM address width. It will be mapped to LUTs
INFO: [Synth 8-5546] ROM "sda_dir" won't be mapped to RAM because it is too sparse
INFO: [Synth 8-5546] ROM "sda_dir" won't be mapped to RAM because it is too sparse
INFO: [Synth 8-5546] ROM "sda_dir" won't be mapped to RAM because it is too sparse
INFO: [Synth 8-5546] ROM "sda_dir" won't be mapped to RAM because it is too sparse
INFO: [Synth 8-5546] ROM "sda_dir" won't be mapped to RAM because it is too sparse
INFO: [Synth 8-5546] ROM "i2c_done" won't be mapped to RAM because it is too sparse
INFO: [Synth 8-5546] ROM "st_done" won't be mapped to RAM because it is too sparse
INFO: [Synth 8-5546] ROM "st_done" won't be mapped to RAM because it is too sparse
INFO: [Synth 8-5546] ROM "st_done" won't be mapped to RAM because it is too sparse
INFO: [Synth 8-5546] ROM "st_done" won't be mapped to RAM because it is too sparse
INFO: [Synth 8-5546] ROM "st_done" won't be mapped to RAM because it is too sparse
INFO: [Synth 8-5546] ROM "data_r" won't be mapped to RAM because it is too sparse
INFO: [Synth 8-5546] ROM "i2c_data_r" won't be mapped to RAM because it is too sparse
INFO: [Synth 8-5544] ROM "next_state" won't be mapped to Block RAM because address size (1) smaller than threshold (5)
INFO: [Synth 8-5544] ROM "next_state" won't be mapped to Block RAM because address size (1) smaller than threshold (5)
INFO: [Synth 8-5544] ROM "next_state" won't be mapped to Block RAM because address size (1) smaller than threshold (5)
INFO: [Synth 8-5544] ROM "next_state" won't be mapped to Block RAM because address size (1) smaller than threshold (5)
INFO: [Synth 8-5544] ROM "next_state" won't be mapped to Block RAM because address size (1) smaller than threshold (5)
INFO: [Synth 8-5544] ROM "next_state" won't be mapped to Block RAM because address size (1) smaller than threshold (5)
INFO: [Synth 8-5544] ROM "next_state" won't be mapped to Block RAM because address size (1) smaller than threshold (5)
INFO: [Synth 8-5544] ROM "next_state" won't be mapped to Block RAM because address size (1) smaller than threshold (5)
INFO: [Synth 8-802] inferred FSM for state register 'state_cnt_reg' in module 'ddr3_rw'
INFO: [Synth 8-5546] ROM "rfifo_data_en_1" won't be mapped to RAM because it is too sparse
INFO: [Synth 8-5544] ROM "state_cnt" won't be mapped to Block RAM because address size (1) smaller than threshold (5)
INFO: [Synth 8-5544] ROM "state_cnt" won't be mapped to Block RAM because address size (1) smaller than threshold (5)
INFO: [Synth 8-5544] ROM "state_cnt" won't be mapped to Block RAM because address size (1) smaller than threshold (5)
INFO: [Synth 8-5544] ROM "state_cnt" won't be mapped to Block RAM because address size (1) smaller than threshold (5)
INFO: [Synth 8-5546] ROM "h_sync" won't be mapped to RAM because it is too sparse
INFO: [Synth 8-5546] ROM "h_back" won't be mapped to RAM because it is too sparse
INFO: [Synth 8-5546] ROM "h_disp" won't be mapped to RAM because it is too sparse
INFO: [Synth 8-5546] ROM "h_total" won't be mapped to RAM because it is too sparse
INFO: [Synth 8-5546] ROM "v_sync" won't be mapped to RAM because it is too sparse
INFO: [Synth 8-5546] ROM "v_back" won't be mapped to RAM because it is too sparse
INFO: [Synth 8-5546] ROM "v_disp" won't be mapped to RAM because it is too sparse
INFO: [Synth 8-5546] ROM "v_total" won't be mapped to RAM because it is too sparse
INFO: [Synth 8-802] inferred FSM for state register 'state_reg' in module 'sl_uart_rx'
INFO: [Synth 8-5546] ROM "state" won't be mapped to RAM because it is too sparse
INFO: [Synth 8-5544] ROM "state" won't be mapped to Block RAM because address size (3) smaller than threshold (5)
INFO: [Synth 8-5546] ROM "state" won't be mapped to RAM because it is too sparse
INFO: [Synth 8-5544] ROM "cnt" won't be mapped to Block RAM because address size (4) smaller than threshold (5)
INFO: [Synth 8-5544] ROM "state" won't be mapped to Block RAM because address size (1) smaller than threshold (5)
INFO: [Synth 8-802] inferred FSM for state register 'state_reg' in module 'v1_decode'
INFO: [Synth 8-5546] ROM "rx_buf_reg[0]" won't be mapped to RAM because it is too sparse
INFO: [Synth 8-5546] ROM "rx_buf_reg[1]" won't be mapped to RAM because it is too sparse
INFO: [Synth 8-5546] ROM "rx_buf_reg[2]" won't be mapped to RAM because it is too sparse
INFO: [Synth 8-5546] ROM "rx_buf_reg[3]" won't be mapped to RAM because it is too sparse
INFO: [Synth 8-5546] ROM "rx_buf_reg[4]" won't be mapped to RAM because it is too sparse
INFO: [Synth 8-5546] ROM "rx_buf_reg[5]" won't be mapped to RAM because it is too sparse
INFO: [Synth 8-5546] ROM "rx_buf_reg[6]" won't be mapped to RAM because it is too sparse
INFO: [Synth 8-5546] ROM "rx_buf_reg[7]" won't be mapped to RAM because it is too sparse
INFO: [Synth 8-5546] ROM "rx_buf_reg[8]" won't be mapped to RAM because it is too sparse
INFO: [Synth 8-5546] ROM "rx_buf_reg[9]" won't be mapped to RAM because it is too sparse
INFO: [Synth 8-5546] ROM "rx_buf_reg[10]" won't be mapped to RAM because it is too sparse
INFO: [Synth 8-5546] ROM "rx_buf_reg[11]" won't be mapped to RAM because it is too sparse
INFO: [Synth 8-5546] ROM "rx_buf_reg[12]" won't be mapped to RAM because it is too sparse
INFO: [Synth 8-5546] ROM "rx_buf_reg[13]" won't be mapped to RAM because it is too sparse
INFO: [Synth 8-5546] ROM "rx_buf_reg[14]" won't be mapped to RAM because it is too sparse
INFO: [Synth 8-5546] ROM "rx_buf_reg[15]" won't be mapped to RAM because it is too sparse
INFO: [Synth 8-5546] ROM "rx_buf_reg[16]" won't be mapped to RAM because it is too sparse
INFO: [Synth 8-5546] ROM "rx_buf_reg[17]" won't be mapped to RAM because it is too sparse
INFO: [Synth 8-5546] ROM "rx_buf_reg[18]" won't be mapped to RAM because it is too sparse
INFO: [Synth 8-5546] ROM "rx_buf_reg[19]" won't be mapped to RAM because it is too sparse
INFO: [Synth 8-5546] ROM "rx_buf_reg[20]" won't be mapped to RAM because it is too sparse
INFO: [Synth 8-5546] ROM "rx_buf_reg[21]" won't be mapped to RAM because it is too sparse
INFO: [Synth 8-5546] ROM "rx_buf_reg[22]" won't be mapped to RAM because it is too sparse
INFO: [Synth 8-5546] ROM "rx_buf_reg[23]" won't be mapped to RAM because it is too sparse
INFO: [Synth 8-5546] ROM "rx_buf_reg[24]" won't be mapped to RAM because it is too sparse
INFO: [Synth 8-5546] ROM "rx_buf_reg[25]" won't be mapped to RAM because it is too sparse
INFO: [Synth 8-5546] ROM "rx_buf_reg[26]" won't be mapped to RAM because it is too sparse
INFO: [Synth 8-5546] ROM "rx_buf_reg[27]" won't be mapped to RAM because it is too sparse
INFO: [Synth 8-5546] ROM "rx_buf_reg[28]" won't be mapped to RAM because it is too sparse
INFO: [Synth 8-5546] ROM "rx_buf_reg[29]" won't be mapped to RAM because it is too sparse
INFO: [Synth 8-5546] ROM "rx_buf_reg[30]" won't be mapped to RAM because it is too sparse
INFO: [Synth 8-5546] ROM "state" won't be mapped to RAM because it is too sparse
INFO: [Synth 8-5546] ROM "byte_cnt" won't be mapped to RAM because it is too sparse
INFO: [Synth 8-5546] ROM "byte_cnt" won't be mapped to RAM because it is too sparse
INFO: [Synth 8-5544] ROM "parse_result" won't be mapped to Block RAM because address size (2) smaller than threshold (5)
INFO: [Synth 8-5546] ROM "state" won't be mapped to RAM because it is too sparse
INFO: [Synth 8-5546] ROM "txd" won't be mapped to RAM because it is too sparse
INFO: [Synth 8-5544] ROM "busy" won't be mapped to Block RAM because address size (4) smaller than threshold (5)
INFO: [Synth 8-5544] ROM "bit_idx" won't be mapped to Block RAM because address size (4) smaller than threshold (5)
---------------------------------------------------------------------------------------------------
                   State |                     New Encoding |                Previous Encoding 
---------------------------------------------------------------------------------------------------
*
                 st_idle |                         00000001 |                         00000001
               st_sladdr |                         00000010 |                         00000010
               st_addr16 |                         00000100 |                         00000100
                st_addr8 |                         00001000 |                         00001000
              st_data_wr |                         00010000 |                         00010000
              st_addr_rd |                         00100000 |                         00100000
              st_data_rd |                         01000000 |                         01000000
                 st_stop |                         10000000 |                         10000000
---------------------------------------------------------------------------------------------------
INFO: [Synth 8-3898] No Re-encoding of one hot register 'cur_state_reg' in module 'i2c_dri'
---------------------------------------------------------------------------------------------------
                   State |                     New Encoding |                Previous Encoding 
---------------------------------------------------------------------------------------------------
*
                    IDLE |                          0000001 |                          0000001
               DDR3_DONE |                          0000010 |                          0000010
                 WRITE_1 |                          0000100 |                          0000100
                 WRITE_2 |                          0010000 |                          0010000
                  READ_1 |                          0001000 |                          0001000
                  READ_2 |                          0100000 |                          0100000
               READ_WAIT |                          1000000 |                          1000000
---------------------------------------------------------------------------------------------------
INFO: [Synth 8-3898] No Re-encoding of one hot register 'state_cnt_reg' in module 'ddr3_rw'
---------------------------------------------------------------------------------------------------
                   State |                     New Encoding |                Previous Encoding 
---------------------------------------------------------------------------------------------------
                  S_IDLE |                               00 |                             0000
                 S_START |                               01 |                             0001
                  S_DATA |                               10 |                             0010
                  S_STOP |                               11 |                             0011
---------------------------------------------------------------------------------------------------
INFO: [Synth 8-3354] encoded FSM with state register 'state_reg' using encoding 'sequential' in module 'sl_uart_rx'
---------------------------------------------------------------------------------------------------
                   State |                     New Encoding |                Previous Encoding 
---------------------------------------------------------------------------------------------------
                    S_H1 |                               00 |                               00
                    S_H2 |                               01 |                               01
                  S_DATA |                               10 |                               10
                   S_CRC |                               11 |                               11
---------------------------------------------------------------------------------------------------
INFO: [Synth 8-3354] encoded FSM with state register 'state_reg' using encoding 'sequential' in module 'v1_decode'
---------------------------------------------------------------------------------
Finished RTL Optimization Phase 2 : Time (s): cpu = 00:00:08 ; elapsed = 00:00:11 . Memory (MB): peak = 949.891 ; gain = 546.922
---------------------------------------------------------------------------------

Report RTL Partitions: 
+-+--------------+------------+----------+
| |RTL Partition |Replication |Instances |
+-+--------------+------------+----------+
+-+--------------+------------+----------+
---------------------------------------------------------------------------------
Start RTL Component Statistics 
---------------------------------------------------------------------------------
Detailed RTL Component Info : 
+---Adders : 
	   2 Input     28 Bit       Adders := 4     
	   2 Input     24 Bit       Adders := 6     
	   2 Input     16 Bit       Adders := 2     
	   3 Input     15 Bit       Adders := 1     
	   2 Input     13 Bit       Adders := 1     
	   3 Input     12 Bit       Adders := 2     
	   2 Input     11 Bit       Adders := 10    
	   3 Input     11 Bit       Adders := 2     
	   4 Input     11 Bit       Adders := 2     
	   2 Input     10 Bit       Adders := 2     
	   2 Input      8 Bit       Adders := 4     
	   2 Input      7 Bit       Adders := 2     
	   3 Input      7 Bit       Adders := 1     
	   2 Input      6 Bit       Adders := 1     
	   2 Input      4 Bit       Adders := 8     
	   2 Input      3 Bit       Adders := 1     
	   2 Input      1 Bit       Adders := 1     
+---XORs : 
	   2 Input      8 Bit         XORs := 54    
+---Registers : 
	              256 Bit    Registers := 4     
	              128 Bit    Registers := 44    
	               32 Bit    Registers := 4     
	               28 Bit    Registers := 5     
	               24 Bit    Registers := 6     
	               16 Bit    Registers := 21    
	               13 Bit    Registers := 2     
	               11 Bit    Registers := 13    
	               10 Bit    Registers := 2     
	                8 Bit    Registers := 56    
	                7 Bit    Registers := 2     
	                6 Bit    Registers := 1     
	                4 Bit    Registers := 8     
	                3 Bit    Registers := 1     
	                2 Bit    Registers := 1     
	                1 Bit    Registers := 77    
+---Muxes : 
	   2 Input    256 Bit        Muxes := 6     
	   8 Input     28 Bit        Muxes := 4     
	   4 Input     28 Bit        Muxes := 1     
	   2 Input     28 Bit        Muxes := 1     
	   8 Input     24 Bit        Muxes := 4     
	   4 Input     20 Bit        Muxes := 1     
	   2 Input     20 Bit        Muxes := 1     
	   2 Input     16 Bit        Muxes := 12    
	  16 Input     16 Bit        Muxes := 2     
	   4 Input     16 Bit        Muxes := 1     
	   6 Input     15 Bit        Muxes := 1     
	   3 Input     12 Bit        Muxes := 1     
	   2 Input     12 Bit        Muxes := 1     
	   4 Input     11 Bit        Muxes := 4     
	   2 Input     11 Bit        Muxes := 9     
	   4 Input     10 Bit        Muxes := 3     
	   2 Input     10 Bit        Muxes := 4     
	   6 Input     10 Bit        Muxes := 1     
	   4 Input      8 Bit        Muxes := 5     
	   2 Input      8 Bit        Muxes := 64    
	  22 Input      8 Bit        Muxes := 2     
	   9 Input      8 Bit        Muxes := 4     
	  31 Input      7 Bit        Muxes := 2     
	   2 Input      7 Bit        Muxes := 13    
	  29 Input      7 Bit        Muxes := 2     
	  33 Input      7 Bit        Muxes := 2     
	  22 Input      7 Bit        Muxes := 2     
	   6 Input      7 Bit        Muxes := 2     
	   9 Input      7 Bit        Muxes := 2     
	   8 Input      7 Bit        Muxes := 1     
	   2 Input      6 Bit        Muxes := 10    
	   4 Input      6 Bit        Muxes := 2     
	   2 Input      4 Bit        Muxes := 16    
	  17 Input      4 Bit        Muxes := 2     
	   3 Input      4 Bit        Muxes := 1     
	   2 Input      3 Bit        Muxes := 1     
	   6 Input      2 Bit        Muxes := 14    
	   2 Input      2 Bit        Muxes := 5     
	   4 Input      2 Bit        Muxes := 2     
	   2 Input      1 Bit        Muxes := 133   
	  31 Input      1 Bit        Muxes := 14    
	  29 Input      1 Bit        Muxes := 14    
	  33 Input      1 Bit        Muxes := 12    
	  22 Input      1 Bit        Muxes := 12    
	   6 Input      1 Bit        Muxes := 11    
	   9 Input      1 Bit        Muxes := 26    
	   8 Input      1 Bit        Muxes := 9     
	   3 Input      1 Bit        Muxes := 2     
	   4 Input      1 Bit        Muxes := 42    
---------------------------------------------------------------------------------
Finished RTL Component Statistics 
---------------------------------------------------------------------------------
---------------------------------------------------------------------------------
Start RTL Hierarchical Component Statistics 
---------------------------------------------------------------------------------
Hierarchical RTL Component report 
Module picture_size 
Detailed RTL Component Info : 
+---Registers : 
	               28 Bit    Registers := 1     
	               13 Bit    Registers := 2     
+---Muxes : 
	   4 Input     20 Bit        Muxes := 1     
	   2 Input     20 Bit        Muxes := 1     
	   3 Input     12 Bit        Muxes := 1     
	   2 Input     12 Bit        Muxes := 1     
	   4 Input     11 Bit        Muxes := 2     
	   2 Input     11 Bit        Muxes := 2     
	   4 Input     10 Bit        Muxes := 1     
	   2 Input     10 Bit        Muxes := 2     
	   6 Input     10 Bit        Muxes := 1     
	   4 Input      8 Bit        Muxes := 1     
	   2 Input      8 Bit        Muxes := 1     
	   6 Input      2 Bit        Muxes := 6     
Module i2c_ov5640_rgb565_cfg 
Detailed RTL Component Info : 
+---Adders : 
	   2 Input      8 Bit       Adders := 1     
+---Registers : 
	               24 Bit    Registers := 1     
	                8 Bit    Registers := 1     
	                1 Bit    Registers := 3     
+---Muxes : 
	   2 Input      1 Bit        Muxes := 2     
Module i2c_dri 
Detailed RTL Component Info : 
+---Adders : 
	   2 Input     10 Bit       Adders := 1     
	   2 Input      7 Bit       Adders := 1     
+---Registers : 
	               16 Bit    Registers := 1     
	               10 Bit    Registers := 1     
	                8 Bit    Registers := 3     
	                7 Bit    Registers := 1     
	                1 Bit    Registers := 8     
+---Muxes : 
	  22 Input      8 Bit        Muxes := 1     
	   2 Input      8 Bit        Muxes := 4     
	   9 Input      8 Bit        Muxes := 2     
	  31 Input      7 Bit        Muxes := 1     
	   2 Input      7 Bit        Muxes := 6     
	  29 Input      7 Bit        Muxes := 1     
	  33 Input      7 Bit        Muxes := 1     
	  22 Input      7 Bit        Muxes := 1     
	   6 Input      7 Bit        Muxes := 1     
	   9 Input      7 Bit        Muxes := 1     
	   2 Input      6 Bit        Muxes := 2     
	   2 Input      4 Bit        Muxes := 3     
	   2 Input      2 Bit        Muxes := 1     
	   2 Input      1 Bit        Muxes := 32    
	  31 Input      1 Bit        Muxes := 7     
	  29 Input      1 Bit        Muxes := 7     
	  33 Input      1 Bit        Muxes := 6     
	  22 Input      1 Bit        Muxes := 6     
	   6 Input      1 Bit        Muxes := 5     
	   9 Input      1 Bit        Muxes := 13    
Module cmos_capture_data 
Detailed RTL Component Info : 
+---Adders : 
	   2 Input      4 Bit       Adders := 1     
+---Registers : 
	               16 Bit    Registers := 1     
	                8 Bit    Registers := 1     
	                4 Bit    Registers := 1     
	                1 Bit    Registers := 7     
+---Muxes : 
	   2 Input     16 Bit        Muxes := 1     
	   2 Input      8 Bit        Muxes := 1     
Module ddr3_rw 
Detailed RTL Component Info : 
+---Adders : 
	   2 Input     28 Bit       Adders := 4     
	   2 Input     24 Bit       Adders := 6     
	   2 Input     11 Bit       Adders := 2     
	   2 Input      8 Bit       Adders := 2     
+---Registers : 
	              256 Bit    Registers := 2     
	               28 Bit    Registers := 4     
	               24 Bit    Registers := 4     
	               11 Bit    Registers := 1     
	                8 Bit    Registers := 1     
	                1 Bit    Registers := 18    
+---Muxes : 
	   2 Input    256 Bit        Muxes := 5     
	   8 Input     28 Bit        Muxes := 4     
	   4 Input     28 Bit        Muxes := 1     
	   2 Input     28 Bit        Muxes := 1     
	   8 Input     24 Bit        Muxes := 4     
	   2 Input     11 Bit        Muxes := 1     
	   2 Input      8 Bit        Muxes := 2     
	   8 Input      7 Bit        Muxes := 1     
	   2 Input      7 Bit        Muxes := 1     
	   2 Input      6 Bit        Muxes := 5     
	   2 Input      4 Bit        Muxes := 1     
	   2 Input      2 Bit        Muxes := 1     
	   2 Input      1 Bit        Muxes := 16    
	   8 Input      1 Bit        Muxes := 9     
	   3 Input      1 Bit        Muxes := 2     
Module ddr3_fifo_ctrl__xdcDup__1 
Detailed RTL Component Info : 
+---Adders : 
	   2 Input      4 Bit       Adders := 2     
+---Registers : 
	              256 Bit    Registers := 1     
	               16 Bit    Registers := 3     
	                4 Bit    Registers := 2     
	                1 Bit    Registers := 5     
+---Muxes : 
	  16 Input     16 Bit        Muxes := 1     
	   2 Input      4 Bit        Muxes := 3     
	  17 Input      4 Bit        Muxes := 1     
Module ddr3_fifo_ctrl 
Detailed RTL Component Info : 
+---Adders : 
	   2 Input      4 Bit       Adders := 2     
+---Registers : 
	              256 Bit    Registers := 1     
	               16 Bit    Registers := 3     
	                4 Bit    Registers := 2     
	                1 Bit    Registers := 5     
+---Muxes : 
	  16 Input     16 Bit        Muxes := 1     
	   2 Input      4 Bit        Muxes := 3     
	  17 Input      4 Bit        Muxes := 1     
Module ddr3_fifo_ctrl_top 
Detailed RTL Component Info : 
+---Adders : 
	   2 Input     13 Bit       Adders := 1     
+---Muxes : 
	   2 Input    256 Bit        Muxes := 1     
	   2 Input     16 Bit        Muxes := 1     
Module clk_div 
Detailed RTL Component Info : 
+---Adders : 
	   2 Input      1 Bit       Adders := 1     
+---Registers : 
	                1 Bit    Registers := 3     
+---Muxes : 
	   6 Input      1 Bit        Muxes := 1     
	   2 Input      1 Bit        Muxes := 1     
Module rd_id 
Detailed RTL Component Info : 
+---Registers : 
	               16 Bit    Registers := 1     
	                1 Bit    Registers := 1     
+---Muxes : 
	   6 Input     15 Bit        Muxes := 1     
Module lcd_driver 
Detailed RTL Component Info : 
+---Adders : 
	   3 Input     12 Bit       Adders := 1     
	   3 Input     11 Bit       Adders := 2     
	   2 Input     11 Bit       Adders := 6     
	   4 Input     11 Bit       Adders := 2     
+---Registers : 
	               11 Bit    Registers := 12    
	                1 Bit    Registers := 3     
+---Muxes : 
	   2 Input     16 Bit        Muxes := 1     
	   4 Input     11 Bit        Muxes := 2     
	   2 Input     11 Bit        Muxes := 6     
	   4 Input     10 Bit        Muxes := 2     
	   2 Input     10 Bit        Muxes := 2     
	   4 Input      8 Bit        Muxes := 2     
	   2 Input      8 Bit        Muxes := 2     
	   4 Input      6 Bit        Muxes := 1     
	   2 Input      6 Bit        Muxes := 1     
	   3 Input      4 Bit        Muxes := 1     
	   2 Input      4 Bit        Muxes := 1     
	   6 Input      2 Bit        Muxes := 8     
Module lcd_disply 
Detailed RTL Component Info : 
+---Adders : 
	   3 Input     15 Bit       Adders := 1     
	   3 Input     12 Bit       Adders := 1     
	   2 Input     11 Bit       Adders := 2     
	   3 Input      7 Bit       Adders := 1     
+---Registers : 
	              128 Bit    Registers := 44    
	               16 Bit    Registers := 1     
+---Muxes : 
	   2 Input     16 Bit        Muxes := 4     
Module sl_uart_rx 
Detailed RTL Component Info : 
+---Adders : 
	   2 Input     16 Bit       Adders := 1     
	   2 Input      3 Bit       Adders := 1     
+---Registers : 
	               16 Bit    Registers := 1     
	                8 Bit    Registers := 1     
	                3 Bit    Registers := 1     
	                2 Bit    Registers := 1     
	                1 Bit    Registers := 1     
+---Muxes : 
	   2 Input     16 Bit        Muxes := 2     
	   4 Input     16 Bit        Muxes := 1     
	   4 Input      8 Bit        Muxes := 1     
	   2 Input      3 Bit        Muxes := 1     
	   4 Input      2 Bit        Muxes := 1     
	   2 Input      2 Bit        Muxes := 1     
	   2 Input      1 Bit        Muxes := 4     
	   4 Input      1 Bit        Muxes := 3     
Module v1_decode 
Detailed RTL Component Info : 
+---Adders : 
	   2 Input      6 Bit       Adders := 1     
+---XORs : 
	   2 Input      8 Bit         XORs := 9     
+---Registers : 
	               32 Bit    Registers := 4     
	               16 Bit    Registers := 7     
	                8 Bit    Registers := 33    
	                6 Bit    Registers := 1     
	                1 Bit    Registers := 1     
+---Muxes : 
	   2 Input      8 Bit        Muxes := 9     
	   4 Input      8 Bit        Muxes := 1     
	   4 Input      6 Bit        Muxes := 1     
	   4 Input      2 Bit        Muxes := 1     
	   2 Input      2 Bit        Muxes := 1     
	   2 Input      1 Bit        Muxes := 35    
	   4 Input      1 Bit        Muxes := 38    
Module sl_uart_tx 
Detailed RTL Component Info : 
+---Adders : 
	   2 Input     16 Bit       Adders := 1     
	   2 Input      4 Bit       Adders := 1     
+---Registers : 
	               16 Bit    Registers := 1     
	                8 Bit    Registers := 1     
	                4 Bit    Registers := 1     
	                1 Bit    Registers := 2     
+---Muxes : 
	   2 Input     16 Bit        Muxes := 2     
	   2 Input      4 Bit        Muxes := 1     
	   4 Input      1 Bit        Muxes := 1     
	   2 Input      1 Bit        Muxes := 7     
Module ctrl_link_tx 
Detailed RTL Component Info : 
+---Adders : 
	   2 Input      4 Bit       Adders := 1     
+---XORs : 
	   2 Input      8 Bit         XORs := 45    
+---Registers : 
	                8 Bit    Registers := 10    
	                4 Bit    Registers := 1     
	                1 Bit    Registers := 2     
+---Muxes : 
	   2 Input      8 Bit        Muxes := 40    
	   2 Input      4 Bit        Muxes := 1     
	   2 Input      1 Bit        Muxes := 2     
---------------------------------------------------------------------------------
Finished RTL Hierarchical Component Statistics
---------------------------------------------------------------------------------
---------------------------------------------------------------------------------
Start Part Resource Summary
---------------------------------------------------------------------------------
Part Resources:
DSPs: 240 (col length:80)
BRAMs: 270 (col length: RAMB18 80 RAMB36 40)
---------------------------------------------------------------------------------
Finished Part Resource Summary
---------------------------------------------------------------------------------
---------------------------------------------------------------------------------
Start Cross Boundary and Area Optimization
---------------------------------------------------------------------------------
Warning: Parallel synthesis criteria is not met 
INFO: [Synth 8-5546] ROM "cmos_h_pixel" won't be mapped to RAM because it is too sparse
INFO: [Synth 8-5546] ROM "cmos_v_pixel" won't be mapped to RAM because it is too sparse
INFO: [Synth 8-5546] ROM "total_h_pixel" won't be mapped to RAM because it is too sparse
INFO: [Synth 8-5546] ROM "total_v_pixel" won't be mapped to RAM because it is too sparse
INFO: [Synth 8-5546] ROM "y_addr_st" won't be mapped to RAM because it is too sparse
INFO: [Synth 8-5546] ROM "y_addr_end" won't be mapped to RAM because it is too sparse
INFO: [Synth 8-5546] ROM "ddr3_max_addr" won't be mapped to RAM because it is too sparse
INFO: [Synth 8-5546] ROM "i2c_rh_wl" won't be mapped to RAM because it is too sparse
INFO: [Synth 8-5587] ROM size for "scl" is below threshold of ROM address width. It will be mapped to LUTs
INFO: [Synth 8-5546] ROM "scl" won't be mapped to RAM because it is too sparse
INFO: [Synth 8-5587] ROM size for "sda_out" is below threshold of ROM address width. It will be mapped to LUTs
INFO: [Synth 8-5546] ROM "sda_out" won't be mapped to RAM because it is too sparse
INFO: [Synth 8-5546] ROM "sda_dir" won't be mapped to RAM because it is too sparse
INFO: [Synth 8-5546] ROM "st_done" won't be mapped to RAM because it is too sparse
INFO: [Synth 8-5546] ROM "st_done" won't be mapped to RAM because it is too sparse
INFO: [Synth 8-5546] ROM "st_done" won't be mapped to RAM because it is too sparse
INFO: [Synth 8-5546] ROM "st_done" won't be mapped to RAM because it is too sparse
INFO: [Synth 8-5546] ROM "i2c_data_r" won't be mapped to RAM because it is too sparse
INFO: [Synth 8-5546] ROM "dri_clk" won't be mapped to RAM because it is too sparse
INFO: [Synth 8-5546] ROM "data_r" won't be mapped to RAM because it is too sparse
INFO: [Synth 8-5546] ROM "i2c_rh_wl" won't be mapped to RAM because it is too sparse
INFO: [Synth 8-5587] ROM size for "scl" is below threshold of ROM address width. It will be mapped to LUTs
INFO: [Synth 8-5546] ROM "scl" won't be mapped to RAM because it is too sparse
INFO: [Synth 8-5587] ROM size for "sda_out" is below threshold of ROM address width. It will be mapped to LUTs
INFO: [Synth 8-5546] ROM "sda_out" won't be mapped to RAM because it is too sparse
INFO: [Synth 8-5546] ROM "sda_dir" won't be mapped to RAM because it is too sparse
INFO: [Synth 8-5546] ROM "st_done" won't be mapped to RAM because it is too sparse
INFO: [Synth 8-5546] ROM "st_done" won't be mapped to RAM because it is too sparse
INFO: [Synth 8-5546] ROM "st_done" won't be mapped to RAM because it is too sparse
INFO: [Synth 8-5546] ROM "st_done" won't be mapped to RAM because it is too sparse
INFO: [Synth 8-5546] ROM "i2c_data_r" won't be mapped to RAM because it is too sparse
INFO: [Common 17-14] Message 'Synth 8-5546' appears 100 times and further instances of the messages will be disabled. Use the Tcl command set_msg_config to change the current settings.
INFO: [Synth 8-4471] merging register 'u_ddr3_fifo_ctrl_top/u_ddr3_fifo_ctrl_2/rd_load_d0_reg' into 'u_ddr3_fifo_ctrl_top/u_ddr3_fifo_ctrl_1/rd_load_d0_reg' [E:/FPGA/project/smart_car_pld2026/my_car/rtl/ddr3_top/ddr3_fifo_ctrl.v:144]
INFO: [Synth 8-5544] ROM "u_rx/state" won't be mapped to Block RAM because address size (3) smaller than threshold (5)
WARNING: [Synth 8-3917] design top_dual_ov5640_lcd has port cam_rst_n_1 driven by constant 1
WARNING: [Synth 8-3917] design top_dual_ov5640_lcd has port cam_pwdn_1 driven by constant 0
WARNING: [Synth 8-3917] design top_dual_ov5640_lcd has port cam_rst_n_2 driven by constant 1
WARNING: [Synth 8-3917] design top_dual_ov5640_lcd has port cam_pwdn_2 driven by constant 0
WARNING: [Synth 8-3331] design lcd_disply has unconnected port sys_rst_n
WARNING: [Synth 8-3331] design lcd_disply has unconnected port rd_h_pixel[1]
WARNING: [Synth 8-3331] design lcd_disply has unconnected port rd_h_pixel[0]
WARNING: [Synth 8-3331] design ddr3_rw has unconnected port wr_clk_2
INFO: [Common 17-14] Message 'Synth 8-3331' appears 100 times and further instances of the messages will be disabled. Use the Tcl command set_msg_config to change the current settings.
INFO: [Synth 8-3886] merging instance 'u_ddr3_top/u_ddr3_fifo_ctrl_top/u_ddr3_fifo_ctrl_2/rd_load_d_reg[0]' (FDC) to 'u_ddr3_top/u_ddr3_fifo_ctrl_top/u_ddr3_fifo_ctrl_1/rd_load_d_reg[0]'
INFO: [Synth 8-3886] merging instance 'u_lcd_rgb_top/u_lcd_driver/v_total_reg[0]' (FD) to 'u_lcd_rgb_top/u_lcd_driver/v_total_reg[9]'
INFO: [Synth 8-3886] merging instance 'u_lcd_rgb_top/u_lcd_driver/v_total_reg[1]' (FD) to 'u_lcd_rgb_top/u_lcd_driver/v_total_reg[4]'
INFO: [Synth 8-3886] merging instance 'u_lcd_rgb_top/u_lcd_driver/v_total_reg[7]' (FD) to 'u_lcd_rgb_top/u_lcd_driver/v_sync_reg[2]'
INFO: [Synth 8-3886] merging instance 'u_lcd_rgb_top/u_lcd_driver/h_total_reg[0]' (FD) to 'u_lcd_rgb_top/u_lcd_driver/h_total_reg[2]'
INFO: [Synth 8-3886] merging instance 'u_lcd_rgb_top/u_lcd_driver/h_total_reg[1]' (FD) to 'u_lcd_rgb_top/u_lcd_driver/v_sync_reg[2]'
INFO: [Synth 8-3886] merging instance 'u_lcd_rgb_top/u_lcd_driver/h_total_reg[2]' (FD) to 'u_lcd_rgb_top/u_lcd_driver/h_total_reg[3]'
INFO: [Synth 8-3886] merging instance 'u_lcd_rgb_top/u_lcd_driver/h_total_reg[3]' (FD) to 'u_lcd_rgb_top/u_lcd_driver/h_total_reg[9]'
INFO: [Synth 8-3886] merging instance 'u_lcd_rgb_top/u_lcd_driver/h_total_reg[4]' (FD) to 'u_lcd_rgb_top/u_lcd_driver/v_sync_reg[2]'
INFO: [Synth 8-3886] merging instance 'u_picture_size/cmos_v_pixel_reg[12]' (FDC) to 'u_picture_size/cmos_v_pixel_reg[0]'
INFO: [Synth 8-3886] merging instance 'u_picture_size/cmos_v_pixel_reg[11]' (FDC) to 'u_picture_size/cmos_v_pixel_reg[0]'
INFO: [Synth 8-3886] merging instance 'u_picture_size/cmos_v_pixel_reg[0]' (FDC) to 'u_picture_size/cmos_v_pixel_reg[10]'
INFO: [Synth 8-3886] merging instance 'u_picture_size/cmos_h_pixel_reg[0]' (FDC) to 'u_picture_size/cmos_v_pixel_reg[10]'
INFO: [Synth 8-3886] merging instance 'u_picture_size/ddr3_max_addr_reg[0]' (FDC) to 'u_picture_size/cmos_v_pixel_reg[10]'
INFO: [Synth 8-3886] merging instance 'u_picture_size/ddr3_max_addr_reg[1]' (FDC) to 'u_picture_size/cmos_v_pixel_reg[10]'
INFO: [Synth 8-3886] merging instance 'u_picture_size/ddr3_max_addr_reg[2]' (FDC) to 'u_picture_size/cmos_v_pixel_reg[10]'
INFO: [Synth 8-3886] merging instance 'u_picture_size/ddr3_max_addr_reg[3]' (FDC) to 'u_picture_size/cmos_v_pixel_reg[10]'
INFO: [Synth 8-3886] merging instance 'u_picture_size/ddr3_max_addr_reg[4]' (FDC) to 'u_picture_size/cmos_v_pixel_reg[10]'
INFO: [Synth 8-3886] merging instance 'u_picture_size/ddr3_max_addr_reg[5]' (FDC) to 'u_picture_size/cmos_v_pixel_reg[10]'
INFO: [Synth 8-3886] merging instance 'u_picture_size/ddr3_max_addr_reg[6]' (FDC) to 'u_picture_size/cmos_v_pixel_reg[10]'
INFO: [Synth 8-3886] merging instance 'u_picture_size/ddr3_max_addr_reg[7]' (FDC) to 'u_picture_size/cmos_v_pixel_reg[10]'
INFO: [Synth 8-3886] merging instance 'u_picture_size/ddr3_max_addr_reg[8]' (FDC) to 'u_picture_size/cmos_v_pixel_reg[10]'
INFO: [Synth 8-3886] merging instance 'u_picture_size/ddr3_max_addr_reg[20]' (FDC) to 'u_picture_size/cmos_v_pixel_reg[10]'
INFO: [Synth 8-3886] merging instance 'u_picture_size/ddr3_max_addr_reg[21]' (FDC) to 'u_picture_size/cmos_v_pixel_reg[10]'
INFO: [Synth 8-3886] merging instance 'u_picture_size/ddr3_max_addr_reg[22]' (FDC) to 'u_picture_size/cmos_v_pixel_reg[10]'
INFO: [Synth 8-3886] merging instance 'u_picture_size/ddr3_max_addr_reg[23]' (FDC) to 'u_picture_size/cmos_v_pixel_reg[10]'
INFO: [Synth 8-3886] merging instance 'u_picture_size/ddr3_max_addr_reg[24]' (FDC) to 'u_picture_size/cmos_v_pixel_reg[10]'
INFO: [Synth 8-3886] merging instance 'u_picture_size/ddr3_max_addr_reg[25]' (FDC) to 'u_picture_size/cmos_v_pixel_reg[10]'
INFO: [Synth 8-3886] merging instance 'u_picture_size/ddr3_max_addr_reg[26]' (FDC) to 'u_picture_size/cmos_v_pixel_reg[10]'
INFO: [Synth 8-3886] merging instance 'u_picture_size/ddr3_max_addr_reg[27]' (FDC) to 'u_picture_size/cmos_v_pixel_reg[10]'
INFO: [Synth 8-3886] merging instance 'u_picture_size/cmos_v_pixel_reg[1]' (FDC) to 'u_picture_size/cmos_v_pixel_reg[10]'
INFO: [Synth 8-3886] merging instance 'u_picture_size/cmos_v_pixel_reg[2]' (FDC) to 'u_picture_size/cmos_v_pixel_reg[10]'
INFO: [Synth 8-3886] merging instance 'u_picture_size/cmos_v_pixel_reg[10]' (FDC) to 'u_picture_size/cmos_h_pixel_reg[1]'
INFO: [Synth 8-3886] merging instance 'u_sensor_link/u_ctrl_tx/frame_reg[3][7]' (FDE) to 'u_sensor_link/u_ctrl_tx/frame_reg[3][0]'
INFO: [Synth 8-3886] merging instance 'u_sensor_link/u_ctrl_tx/frame_reg[2][7]' (FDE) to 'u_sensor_link/u_ctrl_tx/frame_reg[3][0]'
INFO: [Synth 8-3886] merging instance 'u_sensor_link/u_ctrl_tx/frame_reg[1][7]' (FDE) to 'u_sensor_link/u_ctrl_tx/frame_reg[1][1]'
INFO: [Synth 8-3886] merging instance 'u_sensor_link/u_ctrl_tx/frame_reg[0][7]' (FDE) to 'u_sensor_link/u_ctrl_tx/frame_reg[3][0]'
INFO: [Synth 8-3886] merging instance 'u_sensor_link/u_ctrl_tx/frame_reg[3][6]' (FDE) to 'u_sensor_link/u_ctrl_tx/frame_reg[3][0]'
INFO: [Synth 8-3886] merging instance 'u_sensor_link/u_ctrl_tx/frame_reg[2][6]' (FDE) to 'u_sensor_link/u_ctrl_tx/frame_reg[3][0]'
INFO: [Synth 8-3886] merging instance 'u_sensor_link/u_ctrl_tx/frame_reg[1][6]' (FDE) to 'u_sensor_link/u_ctrl_tx/frame_reg[3][0]'
INFO: [Synth 8-3886] merging instance 'u_sensor_link/u_ctrl_tx/frame_reg[0][6]' (FDE) to 'u_sensor_link/u_ctrl_tx/frame_reg[1][1]'
INFO: [Synth 8-3886] merging instance 'u_sensor_link/u_ctrl_tx/frame_reg[3][5]' (FDE) to 'u_sensor_link/u_ctrl_tx/frame_reg[3][0]'
INFO: [Synth 8-3886] merging instance 'u_sensor_link/u_ctrl_tx/frame_reg[2][5]' (FDE) to 'u_sensor_link/u_ctrl_tx/frame_reg[3][0]'
INFO: [Synth 8-3886] merging instance 'u_sensor_link/u_ctrl_tx/frame_reg[1][5]' (FDE) to 'u_sensor_link/u_ctrl_tx/frame_reg[1][1]'
INFO: [Synth 8-3886] merging instance 'u_sensor_link/u_ctrl_tx/frame_reg[0][5]' (FDE) to 'u_sensor_link/u_ctrl_tx/frame_reg[3][0]'
INFO: [Synth 8-3886] merging instance 'u_sensor_link/u_ctrl_tx/frame_reg[3][4]' (FDE) to 'u_sensor_link/u_ctrl_tx/frame_reg[3][0]'
INFO: [Synth 8-3886] merging instance 'u_sensor_link/u_ctrl_tx/frame_reg[2][4]' (FDE) to 'u_sensor_link/u_ctrl_tx/frame_reg[3][0]'
INFO: [Synth 8-3886] merging instance 'u_sensor_link/u_ctrl_tx/frame_reg[1][4]' (FDE) to 'u_sensor_link/u_ctrl_tx/frame_reg[3][0]'
INFO: [Synth 8-3886] merging instance 'u_sensor_link/u_ctrl_tx/frame_reg[0][4]' (FDE) to 'u_sensor_link/u_ctrl_tx/frame_reg[1][1]'
INFO: [Synth 8-3886] merging instance 'u_sensor_link/u_ctrl_tx/frame_reg[3][3]' (FDE) to 'u_sensor_link/u_ctrl_tx/frame_reg[3][0]'
INFO: [Synth 8-3886] merging instance 'u_sensor_link/u_ctrl_tx/frame_reg[2][3]' (FDE) to 'u_sensor_link/u_ctrl_tx/frame_reg[3][0]'
INFO: [Synth 8-3886] merging instance 'u_sensor_link/u_ctrl_tx/frame_reg[1][3]' (FDE) to 'u_sensor_link/u_ctrl_tx/frame_reg[1][1]'
INFO: [Synth 8-3886] merging instance 'u_sensor_link/u_ctrl_tx/frame_reg[0][3]' (FDE) to 'u_sensor_link/u_ctrl_tx/frame_reg[3][0]'
INFO: [Synth 8-3886] merging instance 'u_sensor_link/u_ctrl_tx/frame_reg[3][2]' (FDE) to 'u_sensor_link/u_ctrl_tx/frame_reg[3][0]'
INFO: [Synth 8-3886] merging instance 'u_sensor_link/u_ctrl_tx/frame_reg[2][2]' (FDE) to 'u_sensor_link/u_ctrl_tx/frame_reg[3][0]'
INFO: [Synth 8-3886] merging instance 'u_sensor_link/u_ctrl_tx/frame_reg[1][2]' (FDE) to 'u_sensor_link/u_ctrl_tx/frame_reg[3][0]'
INFO: [Synth 8-3886] merging instance 'u_sensor_link/u_ctrl_tx/frame_reg[0][2]' (FDE) to 'u_sensor_link/u_ctrl_tx/frame_reg[1][1]'
INFO: [Synth 8-3886] merging instance 'u_sensor_link/u_ctrl_tx/frame_reg[3][1]' (FDE) to 'u_sensor_link/u_ctrl_tx/frame_reg[3][0]'
INFO: [Synth 8-3886] merging instance 'u_sensor_link/u_ctrl_tx/frame_reg[2][1]' (FDE) to 'u_sensor_link/u_ctrl_tx/frame_reg[1][1]'
INFO: [Synth 8-3886] merging instance 'u_sensor_link/u_ctrl_tx/frame_reg[1][1]' (FDE) to 'u_sensor_link/u_ctrl_tx/frame_reg[0][0]'
INFO: [Synth 8-3886] merging instance 'u_sensor_link/u_ctrl_tx/frame_reg[0][1]' (FDE) to 'u_sensor_link/u_ctrl_tx/frame_reg[3][0]'
INFO: [Synth 8-3886] merging instance 'u_sensor_link/u_ctrl_tx/frame_reg[3][0]' (FDE) to 'u_sensor_link/u_ctrl_tx/frame_reg[1][0]'
INFO: [Synth 8-3886] merging instance 'u_sensor_link/u_ctrl_tx/frame_reg[2][0]' (FDE) to 'u_sensor_link/u_ctrl_tx/frame_reg[1][0]'
INFO: [Synth 8-3333] propagating constant 0 across sequential element (u_sensor_link/\u_ctrl_tx/frame_reg[1][0] )
INFO: [Synth 8-3333] propagating constant 1 across sequential element (u_sensor_link/\u_ctrl_tx/frame_reg[0][0] )
INFO: [Synth 8-3886] merging instance 'u_lcd_rgb_top/u_lcd_driver/h_disp_reg[0]' (FD) to 'u_lcd_rgb_top/u_lcd_driver/v_sync_reg[2]'
INFO: [Synth 8-3886] merging instance 'u_lcd_rgb_top/u_lcd_driver/h_disp_reg[1]' (FD) to 'u_lcd_rgb_top/u_lcd_driver/v_sync_reg[2]'
INFO: [Synth 8-3886] merging instance 'u_picture_size/cmos_h_pixel_reg[1]' (FDC) to 'u_picture_size/cmos_h_pixel_reg[2]'
INFO: [Synth 8-3886] merging instance 'u_picture_size/cmos_h_pixel_reg[2]' (FDC) to 'u_picture_size/cmos_h_pixel_reg[3]'
INFO: [Synth 8-3886] merging instance 'u_lcd_rgb_top/u_lcd_driver/h_back_reg[7]' (FD) to 'u_lcd_rgb_top/u_lcd_driver/h_back_reg[2]'
INFO: [Synth 8-3886] merging instance 'u_lcd_rgb_top/u_lcd_driver/v_disp_reg[0]' (FD) to 'u_lcd_rgb_top/u_lcd_driver/v_sync_reg[2]'
INFO: [Synth 8-3886] merging instance 'u_lcd_rgb_top/u_lcd_driver/v_disp_reg[1]' (FD) to 'u_lcd_rgb_top/u_lcd_driver/v_sync_reg[2]'
INFO: [Synth 8-3886] merging instance 'u_lcd_rgb_top/u_lcd_driver/v_disp_reg[2]' (FD) to 'u_lcd_rgb_top/u_lcd_driver/v_sync_reg[2]'
INFO: [Synth 8-3886] merging instance 'u_lcd_rgb_top/u_lcd_driver/v_back_reg[4]' (FD) to 'u_lcd_rgb_top/u_lcd_driver/v_back_reg[2]'
INFO: [Synth 8-3886] merging instance 'u_lcd_rgb_top/u_lcd_driver/v_back_reg[0]' (FD) to 'u_lcd_rgb_top/u_lcd_driver/v_back_reg[5]'
INFO: [Synth 8-3886] merging instance 'u_lcd_rgb_top/u_lcd_driver/v_sync_reg[2]' (FD) to 'u_lcd_rgb_top/u_lcd_driver/h_disp_reg[4]'
INFO: [Synth 8-3886] merging instance 'u_lcd_rgb_top/u_lcd_driver/h_sync_reg[0]' (FD) to 'u_lcd_rgb_top/u_lcd_driver/h_sync_reg[5]'
INFO: [Synth 8-3886] merging instance 'u_lcd_rgb_top/u_lcd_driver/h_back_reg[0]' (FD) to 'u_lcd_rgb_top/u_lcd_driver/h_disp_reg[4]'
INFO: [Synth 8-3886] merging instance 'u_lcd_rgb_top/u_lcd_driver/h_sync_reg[2]' (FD) to 'u_lcd_rgb_top/u_lcd_driver/h_sync_reg[4]'
INFO: [Synth 8-3886] merging instance 'u_lcd_rgb_top/u_lcd_driver/h_back_reg[4]' (FD) to 'u_lcd_rgb_top/u_lcd_driver/h_back_reg[6]'
INFO: [Synth 8-3886] merging instance 'u_lcd_rgb_top/u_lcd_driver/h_back_reg[5]' (FD) to 'u_lcd_rgb_top/u_lcd_driver/h_disp_reg[4]'
INFO: [Synth 8-3886] merging instance 'u_lcd_rgb_top/u_lcd_driver/h_sync_reg[6]' (FD) to 'u_lcd_rgb_top/u_lcd_driver/h_disp_reg[4]'
INFO: [Synth 8-3886] merging instance 'u_ov5640_dri_2/u_i2c_cfg/i2c_data_reg[23]' (FDC) to 'u_ov5640_dri_2/u_i2c_cfg/i2c_data_reg[14]'
INFO: [Synth 8-3333] propagating constant 0 across sequential element (\u_ov5640_dri_2/u_i2c_cfg /\i2c_data_reg[14] )
INFO: [Synth 8-3886] merging instance 'u_ov5640_dri_1/u_i2c_cfg/i2c_data_reg[23]' (FDC) to 'u_ov5640_dri_1/u_i2c_cfg/i2c_data_reg[14]'
INFO: [Synth 8-3333] propagating constant 0 across sequential element (\u_ov5640_dri_1/u_i2c_cfg /\i2c_data_reg[14] )
INFO: [Synth 8-3333] propagating constant 0 across sequential element (u_lcd_rgb_top/u_lcd_disply/\char3_reg[27][127] )
INFO: [Synth 8-3333] propagating constant 0 across sequential element (u_lcd_rgb_top/u_lcd_disply/\char3_reg[26][127] )
INFO: [Synth 8-3333] propagating constant 0 across sequential element (u_lcd_rgb_top/u_lcd_disply/\char3_reg[25][127] )
INFO: [Synth 8-3333] propagating constant 0 across sequential element (u_lcd_rgb_top/u_lcd_disply/\char3_reg[24][127] )
INFO: [Synth 8-3333] propagating constant 0 across sequential element (u_lcd_rgb_top/u_lcd_disply/\char3_reg[23][127] )
INFO: [Synth 8-3333] propagating constant 0 across sequential element (u_lcd_rgb_top/u_lcd_disply/\char3_reg[22][127] )
INFO: [Synth 8-3333] propagating constant 0 across sequential element (u_lcd_rgb_top/u_lcd_disply/\char3_reg[21][127] )
INFO: [Synth 8-3333] propagating constant 0 across sequential element (u_lcd_rgb_top/u_lcd_disply/\char3_reg[20][127] )
INFO: [Synth 8-3333] propagating constant 0 across sequential element (u_lcd_rgb_top/u_lcd_disply/\char3_reg[18][127] )
INFO: [Synth 8-3333] propagating constant 0 across sequential element (u_lcd_rgb_top/u_lcd_disply/\char3_reg[17][127] )
INFO: [Synth 8-3333] propagating constant 0 across sequential element (u_lcd_rgb_top/u_lcd_disply/\char3_reg[16][127] )
INFO: [Synth 8-3333] propagating constant 0 across sequential element (u_lcd_rgb_top/u_lcd_disply/\char3_reg[7][127] )
INFO: [Synth 8-3333] propagating constant 0 across sequential element (u_lcd_rgb_top/u_lcd_disply/\char3_reg[6][127] )
INFO: [Synth 8-3333] propagating constant 0 across sequential element (u_lcd_rgb_top/u_lcd_disply/\char3_reg[15][127] )
INFO: [Synth 8-3333] propagating constant 0 across sequential element (u_lcd_rgb_top/u_lcd_disply/\char3_reg[14][127] )
INFO: [Synth 8-3333] propagating constant 0 across sequential element (u_lcd_rgb_top/u_lcd_disply/\char3_reg[13][127] )
INFO: [Synth 8-3333] propagating constant 0 across sequential element (u_lcd_rgb_top/u_lcd_disply/\char3_reg[12][127] )
INFO: [Synth 8-3333] propagating constant 0 across sequential element (u_lcd_rgb_top/u_lcd_disply/\char3_reg[11][127] )
INFO: [Synth 8-3333] propagating constant 0 across sequential element (u_lcd_rgb_top/u_lcd_disply/\char3_reg[10][127] )
INFO: [Synth 8-3333] propagating constant 0 across sequential element (u_lcd_rgb_top/u_lcd_disply/\char3_reg[9][127] )
INFO: [Synth 8-3333] propagating constant 0 across sequential element (u_lcd_rgb_top/u_lcd_disply/\char3_reg[8][127] )
INFO: [Synth 8-3333] propagating constant 0 across sequential element (u_lcd_rgb_top/u_lcd_disply/\char3_reg[27][126] )
INFO: [Synth 8-3333] propagating constant 0 across sequential element (u_lcd_rgb_top/u_lcd_disply/\char3_reg[26][126] )
INFO: [Synth 8-3333] propagating constant 0 across sequential element (u_lcd_rgb_top/u_lcd_disply/\char3_reg[25][126] )
INFO: [Synth 8-3333] propagating constant 0 across sequential element (u_lcd_rgb_top/u_lcd_disply/\char3_reg[24][126] )
INFO: [Synth 8-3333] propagating constant 0 across sequential element (u_lcd_rgb_top/u_lcd_disply/\char3_reg[23][126] )
INFO: [Synth 8-3333] propagating constant 0 across sequential element (u_lcd_rgb_top/u_lcd_disply/\char3_reg[22][126] )
INFO: [Synth 8-3333] propagating constant 0 across sequential element (u_lcd_rgb_top/u_lcd_disply/\char3_reg[21][126] )
INFO: [Synth 8-3333] propagating constant 1 across sequential element (u_lcd_rgb_top/u_lcd_disply/\char3_reg[20][126] )
INFO: [Synth 8-3333] propagating constant 1 across sequential element (u_lcd_rgb_top/u_lcd_disply/\char3_reg[18][126] )
INFO: [Synth 8-3333] propagating constant 1 across sequential element (u_lcd_rgb_top/u_lcd_disply/\char3_reg[17][126] )
INFO: [Synth 8-3333] propagating constant 1 across sequential element (u_lcd_rgb_top/u_lcd_disply/\char3_reg[16][126] )
INFO: [Synth 8-3333] propagating constant 0 across sequential element (u_lcd_rgb_top/u_lcd_disply/\char3_reg[7][126] )
INFO: [Synth 8-3333] propagating constant 0 across sequential element (u_lcd_rgb_top/u_lcd_disply/\char3_reg[6][126] )
INFO: [Synth 8-3333] propagating constant 1 across sequential element (u_lcd_rgb_top/u_lcd_disply/\char3_reg[15][126] )
INFO: [Synth 8-3333] propagating constant 1 across sequential element (u_lcd_rgb_top/u_lcd_disply/\char3_reg[14][126] )
INFO: [Synth 8-3333] propagating constant 1 across sequential element (u_lcd_rgb_top/u_lcd_disply/\char3_reg[13][126] )
INFO: [Synth 8-3333] propagating constant 1 across sequential element (u_lcd_rgb_top/u_lcd_disply/\char3_reg[12][126] )
INFO: [Synth 8-3333] propagating constant 0 across sequential element (u_lcd_rgb_top/u_lcd_disply/\char3_reg[11][126] )
INFO: [Synth 8-3333] propagating constant 0 across sequential element (u_lcd_rgb_top/u_lcd_disply/\char3_reg[10][126] )
INFO: [Synth 8-3333] propagating constant 0 across sequential element (u_lcd_rgb_top/u_lcd_disply/\char3_reg[9][126] )
INFO: [Synth 8-3333] propagating constant 0 across sequential element (u_lcd_rgb_top/u_lcd_disply/\char3_reg[8][126] )
INFO: [Synth 8-3333] propagating constant 0 across sequential element (u_lcd_rgb_top/u_lcd_disply/\char3_reg[27][125] )
INFO: [Synth 8-3333] propagating constant 0 across sequential element (u_lcd_rgb_top/u_lcd_disply/\char3_reg[26][125] )
INFO: [Synth 8-3333] propagating constant 0 across sequential element (u_lcd_rgb_top/u_lcd_disply/\char3_reg[25][125] )
INFO: [Synth 8-3333] propagating constant 0 across sequential element (u_lcd_rgb_top/u_lcd_disply/\char3_reg[24][125] )
INFO: [Synth 8-3333] propagating constant 1 across sequential element (u_lcd_rgb_top/u_lcd_disply/\char3_reg[23][125] )
INFO: [Synth 8-3333] propagating constant 1 across sequential element (u_lcd_rgb_top/u_lcd_disply/\char3_reg[22][125] )
INFO: [Synth 8-3333] propagating constant 1 across sequential element (u_lcd_rgb_top/u_lcd_disply/\char3_reg[21][125] )
INFO: [Synth 8-3333] propagating constant 1 across sequential element (u_lcd_rgb_top/u_lcd_disply/\char3_reg[20][125] )
INFO: [Synth 8-3333] propagating constant 1 across sequential element (u_lcd_rgb_top/u_lcd_disply/\char3_reg[18][125] )
INFO: [Synth 8-3333] propagating constant 1 across sequential element (u_lcd_rgb_top/u_lcd_disply/\char3_reg[17][125] )
INFO: [Synth 8-3333] propagating constant 1 across sequential element (u_lcd_rgb_top/u_lcd_disply/\char3_reg[16][125] )
INFO: [Synth 8-3333] propagating constant 0 across sequential element (u_lcd_rgb_top/u_lcd_disply/\char3_reg[7][125] )
INFO: [Synth 8-3333] propagating constant 0 across sequential element (u_lcd_rgb_top/u_lcd_disply/\char3_reg[6][125] )
INFO: [Synth 8-3333] propagating constant 1 across sequential element (u_lcd_rgb_top/u_lcd_disply/\char3_reg[15][125] )
INFO: [Synth 8-3333] propagating constant 1 across sequential element (u_lcd_rgb_top/u_lcd_disply/\char3_reg[14][125] )
INFO: [Synth 8-3333] propagating constant 1 across sequential element (u_lcd_rgb_top/u_lcd_disply/\char3_reg[13][125] )
INFO: [Synth 8-3333] propagating constant 1 across sequential element (u_lcd_rgb_top/u_lcd_disply/\char3_reg[12][125] )
INFO: [Synth 8-3333] propagating constant 1 across sequential element (u_lcd_rgb_top/u_lcd_disply/\char3_reg[11][125] )
INFO: [Synth 8-3333] propagating constant 1 across sequential element (u_lcd_rgb_top/u_lcd_disply/\char3_reg[10][125] )
INFO: [Synth 8-3333] propagating constant 0 across sequential element (u_lcd_rgb_top/u_lcd_disply/\char3_reg[9][125] )
INFO: [Synth 8-3333] propagating constant 0 across sequential element (u_lcd_rgb_top/u_lcd_disply/\char3_reg[8][125] )
INFO: [Synth 8-3333] propagating constant 0 across sequential element (u_lcd_rgb_top/u_lcd_disply/\char3_reg[27][124] )
INFO: [Synth 8-3333] propagating constant 0 across sequential element (u_lcd_rgb_top/u_lcd_disply/\char3_reg[26][124] )
INFO: [Synth 8-3333] propagating constant 1 across sequential element (u_lcd_rgb_top/u_lcd_disply/\char3_reg[25][124] )
INFO: [Synth 8-3333] propagating constant 1 across sequential element (u_lcd_rgb_top/u_lcd_disply/\char3_reg[24][124] )
INFO: [Synth 8-3333] propagating constant 1 across sequential element (u_lcd_rgb_top/u_lcd_disply/\char3_reg[23][124] )
INFO: [Synth 8-3333] propagating constant 1 across sequential element (u_lcd_rgb_top/u_lcd_disply/\char3_reg[22][124] )
INFO: [Synth 8-3333] propagating constant 0 across sequential element (u_lcd_rgb_top/u_lcd_disply/\char3_reg[21][124] )
INFO: [Synth 8-3333] propagating constant 0 across sequential element (u_lcd_rgb_top/u_lcd_disply/\char3_reg[20][124] )
INFO: [Synth 8-3333] propagating constant 0 across sequential element (u_lcd_rgb_top/u_lcd_disply/\char3_reg[18][124] )
INFO: [Synth 8-3333] propagating constant 0 across sequential element (u_lcd_rgb_top/u_lcd_disply/\char3_reg[17][124] )
INFO: [Synth 8-3333] propagating constant 0 across sequential element (u_lcd_rgb_top/u_lcd_disply/\char3_reg[16][124] )
INFO: [Synth 8-3333] propagating constant 0 across sequential element (u_lcd_rgb_top/u_lcd_disply/\char3_reg[7][124] )
INFO: [Synth 8-3333] propagating constant 0 across sequential element (u_lcd_rgb_top/u_lcd_disply/\char3_reg[6][124] )
INFO: [Synth 8-3333] propagating constant 0 across sequential element (u_lcd_rgb_top/u_lcd_disply/\char3_reg[15][124] )
INFO: [Synth 8-3333] propagating constant 0 across sequential element (u_lcd_rgb_top/u_lcd_disply/\char3_reg[14][124] )
INFO: [Synth 8-3333] propagating constant 0 across sequential element (u_lcd_rgb_top/u_lcd_disply/\char3_reg[13][124] )
INFO: [Synth 8-3333] propagating constant 0 across sequential element (u_lcd_rgb_top/u_lcd_disply/\char3_reg[12][124] )
INFO: [Synth 8-3333] propagating constant 1 across sequential element (u_lcd_rgb_top/u_lcd_disply/\char3_reg[11][124] )
INFO: [Synth 8-3333] propagating constant 1 across sequential element (u_lcd_rgb_top/u_lcd_disply/\char3_reg[10][124] )
INFO: [Synth 8-3333] propagating constant 1 across sequential element (u_lcd_rgb_top/u_lcd_disply/\char3_reg[9][124] )
INFO: [Synth 8-3333] propagating constant 1 across sequential element (u_lcd_rgb_top/u_lcd_disply/\char3_reg[8][124] )
INFO: [Synth 8-3333] propagating constant 0 across sequential element (u_lcd_rgb_top/u_lcd_disply/\char3_reg[27][123] )
INFO: [Synth 8-3333] propagating constant 1 across sequential element (u_lcd_rgb_top/u_lcd_disply/\char3_reg[26][123] )
INFO: [Synth 8-3333] propagating constant 1 across sequential element (u_lcd_rgb_top/u_lcd_disply/\char3_reg[25][123] )
INFO: [Synth 8-3333] propagating constant 0 across sequential element (u_lcd_rgb_top/u_lcd_disply/\char3_reg[24][123] )
INFO: [Synth 8-3333] propagating constant 0 across sequential element (u_lcd_rgb_top/u_lcd_disply/\char3_reg[23][123] )
INFO: [Synth 8-3333] propagating constant 0 across sequential element (u_lcd_rgb_top/u_lcd_disply/\char3_reg[22][123] )
INFO: [Synth 8-3333] propagating constant 0 across sequential element (u_lcd_rgb_top/u_lcd_disply/\char3_reg[21][123] )
INFO: [Synth 8-3333] propagating constant 0 across sequential element (u_lcd_rgb_top/u_lcd_disply/\char3_reg[20][123] )
INFO: [Synth 8-3333] propagating constant 0 across sequential element (u_lcd_rgb_top/u_lcd_disply/\char3_reg[18][123] )
INFO: [Synth 8-3333] propagating constant 0 across sequential element (u_lcd_rgb_top/u_lcd_disply/\char3_reg[17][123] )
INFO: [Synth 8-3333] propagating constant 0 across sequential element (u_lcd_rgb_top/u_lcd_disply/\char3_reg[16][123] )
INFO: [Synth 8-3333] propagating constant 1 across sequential element (u_lcd_rgb_top/u_lcd_disply/\char3_reg[7][123] )
INFO: [Common 17-14] Message 'Synth 8-3333' appears 100 times and further instances of the messages will be disabled. Use the Tcl command set_msg_config to change the current settings.
INFO: [Synth 8-3886] merging instance 'u_picture_size/cmos_h_pixel_reg[3]' (FDC) to 'u_picture_size/cmos_h_pixel_reg[4]'
INFO: [Synth 8-3886] merging instance 'u_picture_size/cmos_h_pixel_reg[4]' (FDC) to 'u_picture_size/cmos_h_pixel_reg[11]'
INFO: [Synth 8-3886] merging instance 'u_picture_size/cmos_h_pixel_reg[6]' (FDC) to 'u_picture_size/cmos_h_pixel_reg[7]'
INFO: [Synth 8-3886] merging instance 'u_picture_size/cmos_h_pixel_reg[11]' (FDC) to 'u_picture_size/cmos_h_pixel_reg[12]'
INFO: [Synth 8-3886] merging instance 'u_lcd_rgb_top/u_lcd_driver/h_disp_reg[2]' (FD) to 'u_lcd_rgb_top/u_lcd_driver/h_disp_reg[4]'
INFO: [Synth 8-3886] merging instance 'u_lcd_rgb_top/u_lcd_driver/h_disp_reg[3]' (FD) to 'u_lcd_rgb_top/u_lcd_driver/h_disp_reg[4]'
INFO: [Synth 8-3886] merging instance 'u_lcd_rgb_top/u_lcd_driver/h_disp_reg[6]' (FD) to 'u_lcd_rgb_top/u_lcd_driver/h_disp_reg[7]'
INFO: [Synth 8-3886] merging instance 'u_lcd_rgb_top/u_rd_id/lcd_id_reg[15]' (FDCE) to 'u_lcd_rgb_top/u_rd_id/lcd_id_reg[11]'
INFO: [Synth 8-3886] merging instance 'u_lcd_rgb_top/u_rd_id/lcd_id_reg[11]' (FDCE) to 'u_lcd_rgb_top/u_rd_id/lcd_id_reg[10]'
INFO: [Synth 8-3886] merging instance 'u_lcd_rgb_top/u_rd_id/lcd_id_reg[10]' (FDCE) to 'u_lcd_rgb_top/u_rd_id/lcd_id_reg[5]'
INFO: [Synth 8-3886] merging instance 'u_lcd_rgb_top/u_rd_id/lcd_id_reg[0]' (FDCE) to 'u_lcd_rgb_top/u_rd_id/lcd_id_reg[5]'
INFO: [Synth 8-3886] merging instance 'u_lcd_rgb_top/u_rd_id/lcd_id_reg[9]' (FDCE) to 'u_lcd_rgb_top/u_rd_id/lcd_id_reg[8]'
INFO: [Synth 8-3886] merging instance 'u_ddr3_top/u_ddr3_fifo_ctrl_top/u_ddr3_fifo_ctrl_2/rd_load_d_reg[1]' (FDC) to 'u_ddr3_top/u_ddr3_fifo_ctrl_top/u_ddr3_fifo_ctrl_1/rd_load_d_reg[1]'
INFO: [Synth 8-3886] merging instance 'u_ddr3_top/u_ddr3_fifo_ctrl_top/u_ddr3_fifo_ctrl_2/rd_load_d_reg[2]' (FDC) to 'u_ddr3_top/u_ddr3_fifo_ctrl_top/u_ddr3_fifo_ctrl_1/rd_load_d_reg[2]'
INFO: [Synth 8-3886] merging instance 'u_ddr3_top/u_ddr3_fifo_ctrl_top/u_ddr3_fifo_ctrl_2/rd_load_d_reg[3]' (FDC) to 'u_ddr3_top/u_ddr3_fifo_ctrl_top/u_ddr3_fifo_ctrl_1/rd_load_d_reg[3]'
INFO: [Synth 8-3886] merging instance 'u_ddr3_top/u_ddr3_fifo_ctrl_top/u_ddr3_fifo_ctrl_2/rd_load_d_reg[4]' (FDC) to 'u_ddr3_top/u_ddr3_fifo_ctrl_top/u_ddr3_fifo_ctrl_1/rd_load_d_reg[4]'
INFO: [Synth 8-3886] merging instance 'u_ddr3_top/u_ddr3_fifo_ctrl_top/u_ddr3_fifo_ctrl_2/rd_load_d_reg[5]' (FDC) to 'u_ddr3_top/u_ddr3_fifo_ctrl_top/u_ddr3_fifo_ctrl_1/rd_load_d_reg[5]'
INFO: [Synth 8-3886] merging instance 'u_ddr3_top/u_ddr3_fifo_ctrl_top/u_ddr3_fifo_ctrl_2/rd_load_d_reg[6]' (FDC) to 'u_ddr3_top/u_ddr3_fifo_ctrl_top/u_ddr3_fifo_ctrl_1/rd_load_d_reg[6]'
INFO: [Common 17-14] Message 'Synth 8-3886' appears 100 times and further instances of the messages will be disabled. Use the Tcl command set_msg_config to change the current settings.
---------------------------------------------------------------------------------
Finished Cross Boundary and Area Optimization : Time (s): cpu = 00:00:17 ; elapsed = 00:00:21 . Memory (MB): peak = 949.891 ; gain = 546.922
---------------------------------------------------------------------------------
---------------------------------------------------------------------------------
Start ROM, RAM, DSP and Shift Register Reporting
---------------------------------------------------------------------------------

ROM:
+------------+------------+---------------+----------------+
|Module Name | RTL Object | Depth x Width | Implemented As | 
+------------+------------+---------------+----------------+
|i2c_dri     | scl        | 128x1         | LUT            | 
|i2c_dri     | sda_out    | 128x1         | LUT            | 
|i2c_dri     | scl        | 64x1          | LUT            | 
|i2c_dri     | scl        | 128x1         | LUT            | 
|i2c_dri     | sda_out    | 128x1         | LUT            | 
|i2c_dri     | scl        | 64x1          | LUT            | 
|i2c_dri     | scl        | 128x1         | LUT            | 
|i2c_dri     | sda_out    | 128x1         | LUT            | 
+------------+------------+---------------+----------------+

---------------------------------------------------------------------------------
Finished ROM, RAM, DSP and Shift Register Reporting
---------------------------------------------------------------------------------

Report RTL Partitions: 
+-+--------------+------------+----------+
| |RTL Partition |Replication |Instances |
+-+--------------+------------+----------+
+-+--------------+------------+----------+
---------------------------------------------------------------------------------
Start Applying XDC Timing Constraints
---------------------------------------------------------------------------------
INFO: [Synth 8-5578] Moved timing constraint from pin 'u_clk_wiz_0/clk_out1' to pin 'u_clk_wiz_0/bbstub_clk_out1/O'
INFO: [Synth 8-5578] Moved timing constraint from pin 'u_clk_wiz_0/clk_out2' to pin 'u_clk_wiz_0/bbstub_clk_out2/O'
INFO: [Synth 8-5578] Moved timing constraint from pin 'u_ddr3_top/u_mig_7series_0/ui_clk' to pin 'u_ddr3_top/u_mig_7series_0/bbstub_ui_clk/O'
WARNING: [Synth 8-565] redefining clock 'sys_clk'
WARNING: [Synth 8-565] redefining clock 'cmos_pclk'
INFO: [Synth 8-5819] Moved 3 constraints on hierarchical pins to their respective driving/loading pins
---------------------------------------------------------------------------------
Finished Applying XDC Timing Constraints : Time (s): cpu = 00:00:21 ; elapsed = 00:00:25 . Memory (MB): peak = 949.891 ; gain = 546.922
---------------------------------------------------------------------------------
---------------------------------------------------------------------------------
Start Timing Optimization
---------------------------------------------------------------------------------
---------------------------------------------------------------------------------
Finished Timing Optimization : Time (s): cpu = 00:00:23 ; elapsed = 00:00:27 . Memory (MB): peak = 1027.984 ; gain = 625.016
---------------------------------------------------------------------------------

Report RTL Partitions: 
+-+--------------+------------+----------+
| |RTL Partition |Replication |Instances |
+-+--------------+------------+----------+
+-+--------------+------------+----------+
---------------------------------------------------------------------------------
Start Technology Mapping
---------------------------------------------------------------------------------
---------------------------------------------------------------------------------
Finished Technology Mapping : Time (s): cpu = 00:00:24 ; elapsed = 00:00:28 . Memory (MB): peak = 1027.984 ; gain = 625.016
---------------------------------------------------------------------------------

Report RTL Partitions: 
+-+--------------+------------+----------+
| |RTL Partition |Replication |Instances |
+-+--------------+------------+----------+
+-+--------------+------------+----------+
---------------------------------------------------------------------------------
Start IO Insertion
---------------------------------------------------------------------------------
---------------------------------------------------------------------------------
Start Flattening Before IO Insertion
---------------------------------------------------------------------------------
---------------------------------------------------------------------------------
Finished Flattening Before IO Insertion
---------------------------------------------------------------------------------
---------------------------------------------------------------------------------
Start Final Netlist Cleanup
---------------------------------------------------------------------------------
---------------------------------------------------------------------------------
Finished Final Netlist Cleanup
---------------------------------------------------------------------------------
---------------------------------------------------------------------------------
Finished IO Insertion : Time (s): cpu = 00:00:25 ; elapsed = 00:00:29 . Memory (MB): peak = 1027.984 ; gain = 625.016
---------------------------------------------------------------------------------

Report Check Netlist: 
+------+------------------+-------+---------+-------+------------------+
|      |Item              |Errors |Warnings |Status |Description       |
+------+------------------+-------+---------+-------+------------------+
|1     |multi_driven_nets |      0|        0|Passed |Multi driven nets |
+------+------------------+-------+---------+-------+------------------+
---------------------------------------------------------------------------------
Start Renaming Generated Instances
---------------------------------------------------------------------------------
---------------------------------------------------------------------------------
Finished Renaming Generated Instances : Time (s): cpu = 00:00:25 ; elapsed = 00:00:29 . Memory (MB): peak = 1027.984 ; gain = 625.016
---------------------------------------------------------------------------------

Report RTL Partitions: 
+-+--------------+------------+----------+
| |RTL Partition |Replication |Instances |
+-+--------------+------------+----------+
+-+--------------+------------+----------+
---------------------------------------------------------------------------------
Start Rebuilding User Hierarchy
---------------------------------------------------------------------------------
---------------------------------------------------------------------------------
Finished Rebuilding User Hierarchy : Time (s): cpu = 00:00:25 ; elapsed = 00:00:29 . Memory (MB): peak = 1027.984 ; gain = 625.016
---------------------------------------------------------------------------------
---------------------------------------------------------------------------------
Start Renaming Generated Ports
---------------------------------------------------------------------------------
---------------------------------------------------------------------------------
Finished Renaming Generated Ports : Time (s): cpu = 00:00:25 ; elapsed = 00:00:29 . Memory (MB): peak = 1027.984 ; gain = 625.016
---------------------------------------------------------------------------------
---------------------------------------------------------------------------------
Start Handling Custom Attributes
---------------------------------------------------------------------------------
---------------------------------------------------------------------------------
Finished Handling Custom Attributes : Time (s): cpu = 00:00:25 ; elapsed = 00:00:29 . Memory (MB): peak = 1027.984 ; gain = 625.016
---------------------------------------------------------------------------------
---------------------------------------------------------------------------------
Start Renaming Generated Nets
---------------------------------------------------------------------------------
---------------------------------------------------------------------------------
Finished Renaming Generated Nets : Time (s): cpu = 00:00:25 ; elapsed = 00:00:29 . Memory (MB): peak = 1027.984 ; gain = 625.016
---------------------------------------------------------------------------------
---------------------------------------------------------------------------------
Start Writing Synthesis Report
---------------------------------------------------------------------------------

Report BlackBoxes: 
+------+--------------+----------+
|      |BlackBox name |Instances |
+------+--------------+----------+
|1     |clk_wiz_0     |         1|
|2     |mig_7series_0 |         1|
|3     |rd_fifo       |         2|
|4     |wr_fifo       |         2|
+------+--------------+----------+

Report Cell Usage: 
+------+--------------+------+
|      |Cell          |Count |
+------+--------------+------+
|1     |clk_wiz_0     |     1|
|2     |mig_7series_0 |     1|
|3     |rd_fifo       |     1|
|4     |rd_fifo__2    |     1|
|5     |wr_fifo       |     1|
|6     |wr_fifo__2    |     1|
|7     |BUFG          |     5|
|8     |CARRY4        |   146|
|9     |LUT1          |    69|
|10    |LUT2          |   408|
|11    |LUT3          |   394|
|12    |LUT4          |   542|
|13    |LUT5          |   563|
|14    |LUT6          |   712|
|15    |MUXF7         |   134|
|16    |MUXF8         |     4|
|17    |FDCE          |  1842|
|18    |FDPE          |    13|
|19    |FDRE          |   107|
|20    |FDSE          |     5|
|21    |IBUF          |    24|
|22    |IOBUF         |     3|
|23    |OBUF          |    13|
|24    |OBUFT         |    23|
+------+--------------+------+

Report Instance Areas: 
+------+-------------------------+--------------------------+------+
|      |Instance                 |Module                    |Cells |
+------+-------------------------+--------------------------+------+
|1     |top                      |                          |  6430|
|2     |  u_ddr3_top             |ddr3_top                  |  4303|
|3     |    u_ddr3_fifo_ctrl_top |ddr3_fifo_ctrl_top        |  2314|
|4     |      u_ddr3_fifo_ctrl_1 |ddr3_fifo_ctrl__xdcDup__1 |  1267|
|5     |      u_ddr3_fifo_ctrl_2 |ddr3_fifo_ctrl            |  1006|
|6     |    u_ddr3_rw            |ddr3_rw                   |  1680|
|7     |  u_lcd_rgb_top          |lcd_rgb_top               |   657|
|8     |    u_clk_div            |clk_div                   |     6|
|9     |    u_lcd_disply         |lcd_disply                |    28|
|10    |    u_lcd_driver         |lcd_driver                |   557|
|11    |    u_rd_id              |rd_id                     |    66|
|12    |  u_ov5640_dri_1         |ov5640_dri                |   437|
|13    |    u_cmos_capture_data  |cmos_capture_data_1       |    52|
|14    |    u_i2c_cfg            |i2c_ov5640_rgb565_cfg_2   |   233|
|15    |    u_i2c_dr             |i2c_dri_3                 |   151|
|16    |  u_ov5640_dri_2         |ov5640_dri_0              |   436|
|17    |    u_cmos_capture_data  |cmos_capture_data         |    52|
|18    |    u_i2c_cfg            |i2c_ov5640_rgb565_cfg     |   233|
|19    |    u_i2c_dr             |i2c_dri                   |   151|
|20    |  u_picture_size         |picture_size              |    47|
|21    |  u_sensor_link          |sensor_link               |   471|
|22    |    u_ctrl_tx            |ctrl_link_tx              |   230|
|23    |      u_tx               |sl_uart_tx                |    71|
|24    |    u_decode             |v1_decode                 |   143|
|25    |    u_rx                 |sl_uart_rx                |    98|
+------+-------------------------+--------------------------+------+
---------------------------------------------------------------------------------
Finished Writing Synthesis Report : Time (s): cpu = 00:00:25 ; elapsed = 00:00:29 . Memory (MB): peak = 1027.984 ; gain = 625.016
---------------------------------------------------------------------------------
Synthesis finished with 0 errors, 0 critical warnings and 92 warnings.
Synthesis Optimization Runtime : Time (s): cpu = 00:00:21 ; elapsed = 00:00:25 . Memory (MB): peak = 1027.984 ; gain = 244.809
Synthesis Optimization Complete : Time (s): cpu = 00:00:26 ; elapsed = 00:00:29 . Memory (MB): peak = 1027.984 ; gain = 625.016
INFO: [Project 1-571] Translating synthesized netlist
INFO: [Netlist 29-17] Analyzing 287 Unisim elements for replacement
INFO: [Netlist 29-28] Unisim Transformation completed in 0 CPU seconds
INFO: [Project 1-570] Preparing netlist for logic optimization
INFO: [Opt 31-138] Pushed 0 inverter(s) to 0 load pin(s).
Netlist sorting complete. Time (s): cpu = 00:00:00 ; elapsed = 00:00:00.001 . Memory (MB): peak = 1027.984 ; gain = 0.000
INFO: [Project 1-111] Unisim Transformation Summary:
  A total of 3 instances were transformed.
  IOBUF => IOBUF (IBUF, OBUFT): 3 instances

INFO: [Common 17-83] Releasing license: Synthesis
426 Infos, 226 Warnings, 0 Critical Warnings and 0 Errors encountered.
synth_design completed successfully
synth_design: Time (s): cpu = 00:00:27 ; elapsed = 00:00:32 . Memory (MB): peak = 1027.984 ; gain = 625.016
Netlist sorting complete. Time (s): cpu = 00:00:00 ; elapsed = 00:00:00.001 . Memory (MB): peak = 1027.984 ; gain = 0.000
WARNING: [Constraints 18-5210] No constraints selected for write.
Resolution: This message can indicate that there are no constraints for the design, or it can indicate that the used_in flags are set such that the constraints are ignored. This later case is used when running synth_design to not write synthesis constraints to the resulting checkpoint. Instead, project constraints are read when the synthesized design is opened.
INFO: [Common 17-1381] The checkpoint 'E:/FPGA/project/smart_car_pld2026/my_car/prj/prj.runs/synth_1/top_dual_ov5640_lcd.dcp' has been generated.
INFO: [runtcl-4] Executing : report_utilization -file top_dual_ov5640_lcd_utilization_synth.rpt -pb top_dual_ov5640_lcd_utilization_synth.pb
INFO: [Common 17-206] Exiting Vivado at Sat Jul 25 20:52:55 2026...
